reference,credit_date,credit_amount
ORD1000,2026-07-08,27118.34
ORD1001,2026-07-27,17537.87
ORD1002,2026-07-03,4490.86
ORD1003,2026-07-21,42543.67
ORD1004,2026-07-25,3452.51
ORD1005,2026-07-04,32307.78
ORD1006,2026-07-04,16255.05
ORD1007,2026-08-01,22019.95
ORD1008,2026-07-08,39734.47
ORD1009,2026-07-15,18324.01
ORD1010,2026-07-26,38782.42
ORD1011,2026-07-13,36786.01
ORD1012,2026-07-28,34701.97
ORD1013,2026-07-28,15786.34
ORD1013,2026-07-28,15786.34
ORD1014,2026-07-21,917.61
ORD1015,2026-07-05,7381.93
ORD1016,2026-07-07,2480.56
ORD1017,2026-07-29,23368.01
ORD1018,2026-07-20,25811.25
ORD1019,2026-07-03,12191.73
ORD1020,2026-07-13,15741.73
ORD1021,2026-07-25,11464.28
ORD1022,2026-07-18,29411.44
ORD1022,2026-07-18,29411.44
ORD1023,2026-07-11,33668.37
ORD1024,2026-07-23,8947.25
ORD1025,2026-07-30,16422.89
ORD1026,2026-07-30,818.79
ORD1027,2026-07-28,16597.24
ORD1028,2026-07-17,19606.2
ORD1029,2026-07-16,24454.46
ORD1030,2026-07-05,21634.78
ORD1031,2026-07-15,19689.99
ORD1032,2026-07-05,12155.89
ORD1033,2026-07-12,24684.3
ORD1034,2026-07-17,32945.51
ORD1035,2026-07-03,41644.48
ORD1036,2026-07-10,23229.78
ORD1037,2026-07-09,4916.41
ORD1038,2026-07-16,40789.74
ORD1039,2026-07-04,35853.68
ORD1040,2026-07-10,29400.57
ORD1041,2026-07-06,31168.49
ORD1042,2026-07-10,8338.61
ORD1043,2026-07-22,21000.54
ORD1044,2026-07-23,26870.93
ORD1045,2026-07-14,35355.23
ORD1046,2026-07-26,39857.59
ORD1047,2026-07-22,20484.49
ORD1047,2026-07-22,20484.49
ORD1048,2026-07-09,37562.16
ORD1049,2026-07-28,8842.66
ORD1050,2026-07-04,11822.27
ORD1051,2026-07-18,10655.53
ORD1052,2026-07-18,37701.02
ORD1053,2026-07-22,40000.7
ORD1054,2026-07-12,44081.76
ORD1055,2026-07-15,43006.99
ORD1056,2026-07-08,15455.4
ORD1057,2026-07-26,7556.64
ORD1058,2026-07-22,35889.41
ORD1059,2026-07-19,24257.89
ORD1060,2026-07-10,25003.32
ORD1060,2026-07-10,25003.32
ORD1061,2026-07-06,40191.16
ORD1062,2026-07-20,14498.04
ORD1063,2026-07-16,7754.97
ORD1064,2026-07-21,29047.48
ORD1065,2026-07-05,2739.87
ORD1066,2026-07-11,3566.01
ORD1066,2026-07-11,3566.01
ORD1067,2026-07-16,1760.06
ORD1068,2026-07-27,31265.07
ORD1069,2026-07-17,29184.76
ORD1070,2026-07-16,3805.3
ORD1071,2026-07-07,37971.04
ORD1072,2026-07-13,42185.72
ORD1073,2026-07-24,17431.08
ORD1074,2026-07-28,40616.47
ORD1074,2026-07-28,40616.47
ORD1075,2026-07-13,30054.88
ORD1076,2026-07-13,34753.98
ORD1077,2026-07-05,42255.61
ORD1078,2026-07-15,42424.98
ORD1079,2026-07-26,31375.42
ORD1080,2026-07-26,16403.6
ORD1081,2026-07-10,5422.16
ORD1082,2026-07-15,27353.0
ORD1083,2026-07-21,20294.24
ORD1084,2026-07-14,31210.43
ORD1085,2026-07-07,35873.78
ORD1086,2026-07-14,16612.9
ORD1087,2026-07-23,11330.21
ORD1087,2026-07-23,11330.21
ORD1088,2026-07-26,37570.81
ORD1089,2026-07-28,3312.92
ORD1090,2026-07-09,39409.75
ORD1092,2026-07-04,30837.6
ORD1092,2026-07-04,30837.6
ORD1093,2026-07-09,8101.49
ORD1093,2026-07-09,8101.49
ORD1094,2026-07-02,5471.47
ORD1095,2026-07-07,20981.06
ORD1096,2026-07-13,13214.07
ORD1098,2026-07-07,6293.17
ORD1099,2026-07-11,6236.27
ORD1100,2026-07-18,21937.03
ORD1101,2026-07-27,7202.51
ORD1102,2026-07-12,31758.83
ORD1103,2026-07-30,3636.69
ORD1104,2026-07-21,7165.99
ORD1105,2026-07-22,4559.79
ORD1106,2026-07-06,1063.4
ORD1107,2026-07-29,28137.02
ORD1108,2026-07-19,18957.8
ORD1109,2026-07-25,2994.53
ORD1110,2026-07-18,5786.09
ORD1111,2026-07-08,43499.98
ORD1112,2026-07-10,10359.44
ORD1113,2026-07-12,23289.32
ORD1114,2026-07-27,27052.22
ORD1115,2026-07-03,14664.57
ORD1117,2026-07-03,9112.04
ORD1118,2026-07-24,31728.81
ORD1118,2026-07-24,31728.81
ORD1119,2026-07-27,3758.09
ORD1120,2026-07-15,21576.64
ORD1121,2026-07-17,14368.47
ORD1122,2026-07-27,31242.27
ORD1123,2026-07-26,40932.93
ORD1124,2026-07-06,34032.56
ORD1125,2026-07-06,2120.02
ORD1126,2026-07-17,30321.84
ORD1127,2026-07-24,3479.03
ORD1128,2026-07-18,4227.41
ORD1129,2026-07-24,42509.23
ORD1130,2026-07-11,40167.04
ORD1131,2026-07-25,3570.58
ORD1132,2026-07-08,10941.34
ORD1133,2026-07-24,15231.59
ORD1134,2026-07-16,42868.0
ORD1135,2026-07-11,41612.26
ORD1135,2026-07-11,41612.26
ORD1136,2026-07-10,41767.9
ORD1137,2026-07-24,9293.37
ORD1138,2026-07-18,5156.28
ORD1139,2026-07-28,11301.93
ORD1140,2026-07-29,43688.7
ORD1141,2026-07-12,8026.27
ORD1142,2026-07-23,18737.25
ORD1142,2026-07-23,18737.25
ORD1143,2026-07-20,6816.42
ORD1144,2026-07-18,10429.7
ORD1145,2026-07-18,16828.45
ORD1146,2026-07-11,5297.65
ORD1147,2026-07-23,18395.05
ORD1148,2026-07-26,7965.79
ORD1149,2026-07-11,22493.38
ORD1150,2026-07-15,37109.42
ORD1150,2026-07-15,37109.42
ORD1151,2026-07-20,31594.96
ORD1152,2026-07-29,8019.63
ORD1153,2026-07-29,19981.55
ORD1154,2026-08-04,24378.23
ORD1155,2026-07-28,20628.74
ORD1156,2026-07-18,11363.92
ORD1157,2026-07-02,39871.6
ORD1158,2026-07-17,3571.21
ORD1159,2026-07-09,18198.99
ORD1160,2026-07-15,14003.95
ORD1160,2026-07-15,14003.95
ORD1161,2026-07-14,32487.73
ORD1162,2026-07-21,26110.33
ORD1163,2026-07-17,19946.0
ORD1164,2026-07-09,9579.24
ORD1165,2026-07-23,30838.4
ORD1166,2026-07-20,26257.88
ORD1167,2026-07-16,44044.45
ORD1168,2026-07-28,22957.73
ORD1169,2026-07-09,35112.27
ORD1170,2026-07-13,39002.42
ORD1171,2026-07-15,20332.88
ORD1172,2026-07-11,43734.83
ORD1172,2026-07-11,43734.83
ORD1173,2026-07-17,24338.92
ORD1174,2026-07-23,38486.15
ORD1174,2026-07-23,38486.15
ORD1175,2026-07-08,1254.75
ORD1176,2026-07-03,9534.45
ORD1177,2026-07-22,20655.4
ORD1178,2026-07-07,28011.02
ORD1179,2026-07-07,26748.11
ORD1180,2026-07-10,18818.01
ORD1181,2026-07-04,4517.7
ORD1182,2026-07-25,7704.37
ORD1183,2026-07-09,23022.1
ORD1184,2026-07-30,4790.57
ORD1185,2026-07-24,9902.67
ORD1187,2026-07-29,2370.09
ORD1188,2026-07-08,18046.63
ORD1189,2026-07-25,11179.58
ORD1190,2026-07-08,38399.2
ORD1191,2026-07-12,14010.78
ORD1192,2026-07-04,6706.55
ORD1193,2026-07-19,13404.39
ORD1194,2026-07-29,19666.8
ORD1196,2026-07-20,22687.03
ORD1196,2026-07-20,22687.03
ORD1197,2026-07-15,3686.12
ORD1198,2026-07-06,15928.7
ORD1199,2026-07-13,31233.38
ORD1200,2026-07-16,38183.91
ORD1201,2026-07-04,37528.99
ORD1203,2026-07-21,13495.49
ORD1204,2026-07-23,16444.34
ORD1205,2026-07-17,35424.08
ORD1206,2026-07-12,5523.36
ORD1207,2026-07-28,21406.26
ORD1208,2026-07-14,23231.23
ORD1209,2026-07-20,23689.2
ORD1210,2026-07-06,11895.97
ORD1211,2026-07-27,17397.92
ORD1212,2026-07-11,39358.22
ORD1213,2026-07-07,31906.41
ORD1214,2026-07-08,3084.2
ORD1215,2026-07-10,10052.54
ORD1216,2026-07-05,32474.42
ORD1217,2026-07-19,24512.0
ORD1219,2026-07-29,32340.62
ORD1220,2026-07-22,38558.36
ORD1221,2026-07-11,2151.38
ORD1221,2026-07-11,2151.38
ORD1222,2026-07-05,1654.59
ORD1223,2026-07-08,5160.14
ORD1224,2026-07-24,41535.33
ORD1225,2026-07-06,42743.91
ORD1226,2026-07-16,11536.98
ORD1227,2026-07-02,43877.29
ORD1228,2026-07-07,24514.51
ORD1229,2026-07-22,30169.45
ORD1230,2026-07-26,34981.81
ORD1232,2026-07-18,41629.77
ORD1233,2026-07-17,8123.75
ORD1233,2026-07-17,8123.75
ORD1234,2026-07-24,28668.02
ORD1234,2026-07-24,28668.02
ORD1235,2026-07-29,35294.41
ORD1236,2026-07-21,17084.65
ORD1237,2026-07-18,42159.41
ORD1238,2026-07-14,8813.53
ORD1239,2026-07-21,30338.51
ORD1240,2026-07-08,25505.16
ORD1241,2026-07-11,37927.35
ORD1242,2026-07-29,33500.53
ORD1244,2026-07-20,22626.47
ORD1245,2026-07-21,34378.5
ORD1246,2026-07-11,38517.19
ORD1248,2026-07-03,22027.07
ORD1250,2026-07-14,40608.73
ORD1251,2026-07-23,28534.34
ORD1252,2026-07-09,2510.47
ORD1253,2026-07-21,43589.12
ORD1254,2026-07-13,28263.45
ORD1255,2026-07-11,36029.09
ORD1256,2026-07-17,1604.99
ORD1257,2026-07-08,20749.34
ORD1258,2026-07-25,13180.52
ORD1259,2026-07-27,36018.8
ORD1260,2026-07-13,7652.39
ORD1261,2026-07-10,11869.88
ORD1262,2026-07-22,13657.57
ORD1263,2026-07-22,27730.44
ORD1264,2026-07-15,39926.91
ORD1265,2026-07-09,28949.12
ORD1266,2026-07-11,7489.31
ORD1267,2026-07-15,38877.62
ORD1268,2026-07-17,41187.93
ORD1269,2026-07-19,22185.29
ORD1270,2026-07-13,39131.86
ORD1271,2026-07-11,43299.95
ORD1272,2026-07-12,17193.29
ORD1273,2026-07-27,1740.03
ORD1275,2026-07-21,34417.42
ORD1276,2026-07-23,9162.09
ORD1277,2026-07-24,8794.25
ORD1278,2026-07-18,919.17
ORD1279,2026-07-27,36983.92
ORD1280,2026-07-09,30066.88
ORD1281,2026-07-09,43006.25
ORD1282,2026-07-26,30717.57
ORD1283,2026-07-24,14953.05
ORD1284,2026-07-07,40007.36
ORD1285,2026-07-06,12153.59
ORD1285,2026-07-06,12153.59
ORD1286,2026-07-23,32960.54
ORD1287,2026-07-28,30915.86
ORD1288,2026-07-28,32696.85
ORD1289,2026-07-13,15479.78
ORD1290,2026-07-15,27671.65
ORD1290,2026-07-15,27671.65
ORD1291,2026-07-14,32153.78
ORD1292,2026-07-13,11613.57
ORD1293,2026-07-07,7104.26
ORD1294,2026-07-08,13977.91
ORD1295,2026-07-15,20695.76
ORD1296,2026-07-09,18922.33
ORD1297,2026-07-09,39528.32
ORD1298,2026-07-27,4527.55
ORD1300,2026-07-24,43775.97
ORD1301,2026-07-18,10905.48
ORD1302,2026-07-04,11817.47
ORD1303,2026-07-13,28785.47
ORD1305,2026-07-24,4850.42
ORD1306,2026-07-05,31287.55
ORD1307,2026-07-20,1167.36
ORD1308,2026-07-27,3036.28
ORD1309,2026-07-18,2573.34
ORD1310,2026-07-08,7293.82
ORD1311,2026-07-16,4478.49
ORD1311,2026-07-16,4478.49
ORD1312,2026-07-24,10203.03
ORD1313,2026-07-09,18280.79
ORD1314,2026-07-18,15097.98
ORD1315,2026-07-03,17967.01
ORD1316,2026-07-06,4189.56
ORD1317,2026-07-11,40608.98
ORD1318,2026-07-18,30163.83
ORD1319,2026-07-24,40825.75
ORD1320,2026-07-04,41427.27
ORD1321,2026-07-04,21583.12
ORD1322,2026-07-24,8550.82
ORD1323,2026-07-05,35454.88
ORD1324,2026-07-10,25909.35
ORD1325,2026-07-13,30819.64
ORD1326,2026-07-07,43147.5
ORD1327,2026-07-03,2837.08
ORD1328,2026-07-22,40055.28
ORD1329,2026-07-05,28521.81
ORD1330,2026-07-04,38609.71
ORD1331,2026-07-20,14371.64
ORD1332,2026-07-12,23112.17
ORD1333,2026-07-06,16787.08
ORD1334,2026-07-21,12588.16
ORD1335,2026-07-18,1466.04
ORD1336,2026-07-03,23683.01
ORD1338,2026-07-19,21263.67
ORD1338,2026-07-19,21263.67
ORD1339,2026-07-19,13154.21
ORD1340,2026-07-28,11688.95
ORD1342,2026-07-16,16248.6
ORD1343,2026-07-28,19336.59
ORD1344,2026-07-11,24406.28
ORD1345,2026-07-16,1901.34
ORD1346,2026-07-28,35167.88
ORD1347,2026-07-06,31873.88
ORD1348,2026-07-06,16593.57
ORD1350,2026-07-30,42252.82
ORD1351,2026-07-06,14185.57
ORD1352,2026-07-14,12741.46
ORD1353,2026-07-04,37631.4
ORD1353,2026-07-04,37631.4
ORD1354,2026-07-15,8876.28
ORD1355,2026-07-06,39860.65
ORD1355,2026-07-06,39860.65
ORD1356,2026-07-22,43593.01
ORD1357,2026-07-15,8594.89
ORD1358,2026-07-05,33963.01
ORD1360,2026-07-21,29898.03
ORD1361,2026-07-05,9220.29
ORD1362,2026-07-20,26045.24
ORD1363,2026-07-21,14677.84
ORD1364,2026-07-06,10841.62
ORD1365,2026-07-15,40399.67
ORD1366,2026-07-05,14965.5
ORD1367,2026-07-23,37845.51
ORD1368,2026-07-21,10980.97
ORD1369,2026-07-11,20959.89
ORD1370,2026-07-03,2861.45
ORD1371,2026-07-10,26613.38
ORD1372,2026-07-24,42191.89
ORD1373,2026-07-26,33314.59
ORD1374,2026-07-11,20631.53
ORD1375,2026-07-04,4567.74
ORD1376,2026-07-14,699.57
ORD1377,2026-07-12,40572.69
ORD1378,2026-07-25,7869.47
ORD1379,2026-07-13,13214.71
ORD1380,2026-07-15,16092.54
ORD1381,2026-07-16,33697.55
ORD1383,2026-07-13,29882.93
ORD1384,2026-07-07,18693.26
ORD1384,2026-07-07,18693.26
ORD1385,2026-07-15,649.86
ORD1386,2026-07-19,18191.13
ORD1387,2026-07-07,36769.66
ORD1387,2026-07-07,36769.66
ORD1388,2026-07-03,16915.5
ORD1389,2026-07-28,2329.34
ORD1390,2026-07-19,8034.57
ORD1391,2026-07-27,15344.65
ORD1392,2026-07-29,14182.98
ORD1393,2026-07-24,21570.17
ORD1393,2026-07-24,21570.17
ORD1394,2026-07-10,13951.9
ORD1395,2026-07-26,36685.38
ORD1396,2026-07-17,20047.99
ORD1397,2026-07-22,41285.99
ORD1398,2026-07-20,41217.84
ORD1399,2026-07-10,35657.25
ORD1400,2026-07-28,41899.1
ORD1401,2026-07-21,39315.09
ORD1402,2026-07-19,10897.78
ORD1403,2026-07-12,39676.3
ORD1404,2026-07-06,15167.95
ORD1405,2026-07-02,27709.2
ORD1405,2026-07-02,27709.2
ORD1406,2026-07-08,31070.81
ORD1406,2026-07-08,31070.81
ORD1407,2026-07-26,39965.57
ORD1408,2026-07-21,35195.03
ORD1409,2026-07-27,3059.16
ORD1410,2026-07-11,4479.76
ORD1411,2026-07-15,30987.23
ORD1412,2026-07-27,35655.77
ORD1413,2026-07-10,12297.47
ORD1414,2026-07-06,30800.33
ORD1415,2026-07-10,2850.42
ORD1416,2026-07-14,14293.5
ORD1417,2026-07-07,15721.42
ORD1418,2026-07-15,40547.68
ORD1419,2026-07-28,23890.24
ORD1420,2026-07-05,11989.34
ORD1421,2026-07-18,12783.67
ORD1422,2026-07-16,35704.34
ORD1423,2026-07-27,36717.41
ORD1424,2026-07-18,29805.87
ORD1425,2026-07-18,36879.7
ORD1426,2026-07-06,18454.89
ORD1427,2026-07-18,10136.08
ORD1428,2026-07-06,4840.49
ORD1429,2026-07-18,26062.32
ORD1430,2026-07-22,22456.59
ORD1431,2026-07-29,9178.81
ORD1432,2026-07-19,19475.34
ORD1433,2026-07-21,7988.95
ORD1434,2026-07-05,21420.18
ORD1435,2026-07-24,13878.66
ORD1436,2026-07-03,37264.41
ORD1437,2026-07-13,4156.04
ORD1438,2026-07-18,8444.63
ORD1439,2026-07-09,16689.71
ORD1440,2026-07-26,10235.6
ORD1442,2026-07-10,9605.04
ORD1443,2026-07-27,17420.09
ORD1444,2026-07-10,7471.84
ORD1445,2026-07-21,34008.36
ORD1446,2026-07-07,36596.76
ORD1447,2026-07-19,9895.01
ORD1448,2026-07-04,30362.59
ORD1449,2026-07-02,11779.68
ORD1449,2026-07-02,11779.68
ORD1451,2026-07-15,31564.5
ORD1452,2026-07-23,17631.89
ORD1453,2026-07-14,19749.22
ORD1454,2026-07-12,3450.55
ORD1455,2026-07-16,2367.82
ORD1456,2026-07-09,4489.01
ORD1457,2026-07-26,32065.59
ORD1457,2026-07-26,32065.59
ORD1458,2026-07-22,17713.97
ORD1459,2026-07-06,5626.9
ORD1459,2026-07-06,5626.9
ORD1460,2026-07-17,42236.01
ORD1462,2026-07-18,28667.25
ORD1463,2026-07-18,33428.72
ORD1464,2026-07-22,20069.18
ORD1465,2026-07-17,17487.37
ORD1466,2026-07-07,26799.64
ORD1467,2026-07-06,41417.73
ORD1468,2026-07-19,1216.54
ORD1469,2026-07-22,19867.81
ORD1469,2026-07-22,19867.81
ORD1470,2026-07-24,33413.06
ORD1471,2026-07-12,22557.5
ORD1472,2026-07-13,6011.68
ORD1473,2026-07-02,1671.28
ORD1474,2026-07-25,4043.86
ORD1475,2026-07-07,13120.25
ORD1476,2026-07-10,26044.32
ORD1477,2026-07-21,32857.47
ORD1478,2026-07-27,3036.87
ORD1479,2026-07-11,25441.15
ORD1480,2026-07-11,8627.91
ORD1481,2026-07-12,20392.53
ORD1482,2026-07-19,12474.16
ORD1483,2026-07-27,23008.59
ORD1484,2026-07-14,5502.32
ORD1485,2026-07-26,13924.77
ORD1486,2026-07-19,12431.44
ORD1487,2026-07-10,41750.85
ORD1488,2026-07-19,28735.57
ORD1489,2026-07-30,16335.23
ORD1490,2026-07-13,17899.24
ORD1491,2026-07-24,35424.61
ORD1492,2026-07-26,28812.66
ORD1493,2026-07-14,17539.57
ORD1494,2026-07-14,29558.83
ORD1495,2026-07-24,25322.22
ORD1496,2026-07-09,17517.12
ORD1497,2026-07-19,20794.02
ORD1498,2026-07-24,32880.17
ORD1499,2026-07-28,12162.87
ORD1500,2026-07-12,14117.14
ORD1501,2026-07-07,4353.33
ORD1502,2026-07-17,15244.95
ORD1503,2026-07-25,24514.63
ORD1504,2026-07-12,4072.12
ORD1505,2026-07-03,41882.95
ORD1506,2026-07-16,1040.88
ORD1507,2026-07-06,42371.97
ORD1508,2026-07-10,1549.05
ORD1509,2026-07-24,18784.89
ORD1510,2026-07-14,20045.04
ORD1511,2026-07-26,43639.87
ORD1512,2026-07-25,6877.58
ORD1513,2026-07-10,15566.89
ORD1515,2026-07-08,35921.43
ORD1516,2026-07-18,11116.22
ORD1518,2026-07-16,34413.27
ORD1519,2026-07-16,20859.93
ORD1520,2026-07-24,27513.2
ORD1520,2026-07-24,27513.2
ORD1521,2026-07-25,22598.94
ORD1522,2026-07-18,29597.69
ORD1523,2026-07-25,19923.68
ORD1524,2026-07-29,42870.2
ORD1525,2026-07-04,1528.57
ORD1526,2026-07-26,18459.91
ORD1527,2026-07-10,37739.93
ORD1528,2026-07-13,13784.04
ORD1529,2026-07-19,2987.54
ORD1530,2026-07-03,19174.37
ORD1531,2026-07-03,1660.09
ORD1532,2026-07-30,36970.66
ORD1532,2026-07-30,36970.66
ORD1533,2026-08-01,4793.6
ORD1535,2026-07-17,24140.25
ORD1536,2026-07-06,18125.42
ORD1538,2026-07-09,32401.07
ORD1539,2026-07-21,38801.05
ORD1540,2026-07-29,21185.2
ORD1541,2026-07-24,20922.7
ORD1542,2026-07-13,13874.63
ORD1543,2026-07-21,35333.16
ORD1544,2026-07-17,38986.99
ORD1545,2026-07-11,28149.82
ORD1546,2026-07-24,13115.82
ORD1547,2026-07-12,31440.2
ORD1547,2026-07-12,31440.2
ORD1548,2026-07-03,40190.81
ORD1549,2026-07-10,32444.92
ORD1550,2026-07-27,34470.73
ORD1550,2026-07-27,34470.73
ORD1551,2026-07-17,22993.98
ORD1553,2026-07-14,1301.31
ORD1555,2026-07-29,24380.31
ORD1556,2026-07-12,3590.99
ORD1557,2026-07-11,24117.31
ORD1558,2026-07-29,21446.97
ORD1559,2026-07-28,36099.14
ORD1560,2026-07-10,39842.76
ORD1561,2026-07-06,39666.51
ORD1562,2026-07-22,23239.72
ORD1563,2026-07-07,14163.32
ORD1564,2026-07-30,29991.18
ORD1565,2026-07-27,11464.35
ORD1565,2026-07-27,11464.35
ORD1566,2026-07-06,27295.02
ORD1568,2026-07-09,34436.25
ORD1569,2026-07-13,4771.05
ORD1570,2026-07-31,36046.65
ORD1571,2026-07-04,15710.05
ORD1572,2026-07-08,3691.56
ORD1573,2026-07-23,11125.61
ORD1575,2026-07-05,1845.39
ORD1576,2026-07-10,26115.07
ORD1578,2026-07-15,2331.25
ORD1579,2026-07-06,9778.94
ORD1580,2026-07-09,38170.47
ORD1581,2026-07-22,40681.55
ORD1582,2026-07-05,25210.04
ORD1583,2026-07-10,17718.56
ORD1584,2026-07-19,19349.43
ORD1585,2026-07-29,37090.32
ORD1586,2026-07-23,5876.41
ORD1587,2026-07-23,7293.65
ORD1589,2026-07-29,39997.25
ORD1590,2026-07-13,40658.63
ORD1591,2026-07-25,43702.8
ORD1592,2026-07-30,23875.85
ORD1593,2026-07-28,38605.3
ORD1594,2026-07-15,17587.49
ORD1595,2026-07-10,14016.45
ORD1596,2026-07-14,25626.01
ORD1597,2026-07-13,17460.7
ORD1598,2026-07-12,22999.08
ORD1599,2026-07-20,18723.52
ORD1600,2026-07-23,26262.41
ORD1601,2026-07-13,11393.93
ORD1602,2026-07-25,19952.13
ORD1604,2026-07-17,13486.96
ORD1605,2026-07-18,34518.55
ORD1607,2026-07-24,7036.03
ORD1608,2026-07-19,36248.25
ORD1609,2026-07-05,6666.26
ORD1610,2026-07-10,5911.72
ORD1611,2026-07-13,1980.68
ORD1612,2026-07-14,19926.23
ORD1613,2026-07-08,20887.86
ORD1614,2026-07-25,39780.4
ORD1615,2026-07-27,24990.02
ORD1616,2026-07-13,30046.98
ORD1618,2026-07-03,904.98
ORD1619,2026-07-18,10620.7
ORD1620,2026-07-09,32024.02
ORD1621,2026-07-23,16019.55
ORD1622,2026-07-21,38748.81
ORD1623,2026-07-23,34064.0
ORD1624,2026-07-09,19472.69
ORD1625,2026-07-04,20967.53
ORD1626,2026-07-18,18358.44
ORD1627,2026-07-26,6461.68
ORD1628,2026-07-16,23827.35
ORD1629,2026-07-15,15443.77
ORD1630,2026-07-13,40411.44
ORD1630,2026-07-13,40411.44
ORD1631,2026-07-07,18541.6
ORD1632,2026-07-13,33250.67
ORD1633,2026-07-12,11467.88
ORD1634,2026-07-11,28505.11
ORD1635,2026-07-27,33193.11
ORD1636,2026-07-23,27987.75
ORD1637,2026-07-13,34482.03
ORD1637,2026-07-13,34482.03
ORD1638,2026-07-13,1531.58
ORD1638,2026-07-13,1531.58
ORD1639,2026-07-02,22856.64
ORD1640,2026-07-09,16420.86
ORD1641,2026-07-06,22650.33
ORD1643,2026-07-20,23426.05
ORD1644,2026-07-22,34640.15
ORD1645,2026-07-13,40270.75
ORD1646,2026-07-21,30569.83
ORD1648,2026-07-07,23847.78
ORD1648,2026-07-07,23847.78
ORD1649,2026-07-29,22222.07
ORD1649,2026-07-29,22222.07
ORD1650,2026-07-24,20160.83
ORD1651,2026-07-25,15476.99
ORD1652,2026-07-13,5624.11
ORD1653,2026-07-27,28023.87
ORD1654,2026-08-03,16888.1
ORD1655,2026-07-18,3934.51
ORD1656,2026-07-27,7378.7
ORD1657,2026-07-17,9225.17
ORD1658,2026-07-26,42617.81
ORD1659,2026-07-12,42285.29
ORD1660,2026-07-28,24855.36
ORD1661,2026-07-23,3879.47
ORD1662,2026-07-23,17255.75
ORD1663,2026-07-10,35916.74
ORD1664,2026-07-08,21826.64
ORD1666,2026-07-25,41769.34
ORD1667,2026-07-22,6002.89
ORD1668,2026-07-17,41533.99
ORD1669,2026-07-02,18391.6
ORD1670,2026-07-10,6449.41
ORD1671,2026-07-09,6879.31
ORD1672,2026-07-16,16270.71
ORD1673,2026-07-15,30903.33
ORD1674,2026-07-22,42081.65
ORD1675,2026-07-17,33770.5
ORD1676,2026-07-28,38700.94
ORD1677,2026-07-10,12096.23
ORD1678,2026-07-16,41143.64
ORD1679,2026-07-18,9874.84
ORD1680,2026-07-12,10578.28
ORD1681,2026-07-03,18725.87
ORD1682,2026-07-18,14682.71
ORD1683,2026-07-26,28089.64
ORD1685,2026-07-23,36436.43
ORD1686,2026-07-16,5140.04
ORD1687,2026-07-23,28761.53
ORD1688,2026-07-17,19216.57
ORD1689,2026-07-16,27888.86
ORD1690,2026-07-20,23138.52
ORD1691,2026-07-07,19104.68
ORD1692,2026-07-25,4429.51
ORD1693,2026-07-14,22104.77
ORD1694,2026-07-13,2099.4
ORD1695,2026-07-30,2729.95
ORD1696,2026-07-23,14609.45
ORD1698,2026-07-29,30937.86
ORD1699,2026-07-15,5579.88
ORD1700,2026-07-05,15732.65
ORD1701,2026-07-03,19007.95
ORD1702,2026-07-25,35760.93
ORD1703,2026-07-06,30839.27
ORD1704,2026-07-15,11374.15
ORD1705,2026-07-16,15432.12
ORD1706,2026-07-25,35961.35
ORD1707,2026-07-12,38520.51
ORD1708,2026-07-11,8510.26
ORD1709,2026-07-16,5907.3
ORD1710,2026-07-30,13839.01
ORD1710,2026-07-30,13839.01
ORD1711,2026-07-11,40269.39
ORD1712,2026-07-28,32140.75
ORD1713,2026-07-24,19618.97
ORD1714,2026-07-17,6233.23
ORD1715,2026-07-08,8130.99
ORD1716,2026-07-20,7239.46
ORD1717,2026-07-28,40666.82
ORD1718,2026-07-19,15034.95
ORD1719,2026-07-11,36508.24
ORD1720,2026-07-24,36195.62
ORD1721,2026-07-07,6562.23
ORD1722,2026-07-24,33091.29
ORD1723,2026-07-11,4476.97
ORD1724,2026-07-20,22267.42
ORD1725,2026-07-28,6616.69
ORD1726,2026-07-20,29007.43
ORD1727,2026-07-02,7655.32
ORD1728,2026-07-28,27926.99
ORD1729,2026-07-10,21806.37
ORD1732,2026-07-27,39255.5
ORD1733,2026-07-28,25994.84
ORD1735,2026-07-22,17143.19
ORD1736,2026-07-12,41080.45
ORD1738,2026-07-07,25666.84
ORD1739,2026-07-10,16529.52
ORD1740,2026-07-07,24628.05
ORD1741,2026-07-07,2319.26
ORD1742,2026-07-22,14357.47
ORD1743,2026-07-21,3107.12
ORD1744,2026-07-11,13326.81
ORD1745,2026-07-28,39389.21
ORD1746,2026-07-12,8150.66
ORD1747,2026-07-17,18042.74
ORD1748,2026-07-14,4086.42
ORD1749,2026-07-28,34882.75
ORD1750,2026-07-21,23605.19
ORD1751,2026-07-22,4739.03
ORD1752,2026-07-29,18260.64
ORD1753,2026-07-06,8344.38
ORD1753,2026-07-06,8344.38
ORD1754,2026-07-12,2905.95
ORD1754,2026-07-12,2905.95
ORD1755,2026-07-14,15641.46
ORD1756,2026-07-17,28948.74
ORD1757,2026-07-16,14497.1
ORD1758,2026-07-04,15894.9
ORD1760,2026-07-11,6506.96
ORD1761,2026-07-23,4183.99
ORD1763,2026-07-20,40478.93
ORD1764,2026-07-19,23972.48
ORD1765,2026-07-05,30143.9
ORD1766,2026-07-09,2744.8
ORD1767,2026-07-27,34457.94
ORD1768,2026-07-19,38871.94
ORD1769,2026-07-30,23493.44
ORD1771,2026-07-11,24866.34
ORD1772,2026-07-14,19511.26
ORD1774,2026-07-22,804.55
ORD1775,2026-07-03,15214.92
ORD1776,2026-07-20,19016.9
ORD1777,2026-07-18,3818.51
ORD1778,2026-07-09,11876.87
ORD1779,2026-07-17,40127.47
ORD1780,2026-07-18,43031.01
ORD1781,2026-07-05,18516.64
ORD1782,2026-07-24,5991.78
ORD1783,2026-07-10,10154.83
ORD1785,2026-07-19,18737.88
ORD1786,2026-07-27,20115.76
ORD1787,2026-07-29,12960.67
ORD1788,2026-07-16,41801.31
ORD1789,2026-07-27,37995.53
ORD1790,2026-07-10,9820.23
ORD1791,2026-07-13,17032.3
ORD1792,2026-07-13,14892.75
ORD1793,2026-07-06,8158.33
ORD1794,2026-07-16,24166.56
ORD1795,2026-07-24,5020.47
ORD1797,2026-07-20,1604.14
ORD1798,2026-07-24,24939.64
ORD1799,2026-07-21,24727.17
ORD1800,2026-07-14,18648.49
ORD1800,2026-07-14,18648.49
ORD1801,2026-07-02,16504.17
ORD1802,2026-07-19,31223.15
ORD1803,2026-07-05,23707.07
ORD1804,2026-07-06,6751.43
ORD1805,2026-07-17,35142.29
ORD1806,2026-07-19,15323.04
ORD1807,2026-07-15,27497.36
ORD1808,2026-07-29,43203.75
ORD1809,2026-07-07,35290.34
ORD1810,2026-07-16,18439.01
ORD1811,2026-07-08,617.22
ORD1812,2026-07-06,11630.68
ORD1813,2026-07-27,1694.1
ORD1814,2026-07-03,19307.67
ORD1815,2026-07-20,2181.66
ORD1817,2026-07-10,3004.3
ORD1818,2026-07-18,41243.88
ORD1819,2026-07-25,7358.74
ORD1820,2026-07-08,23833.93
ORD1821,2026-07-23,40530.02
ORD1822,2026-07-23,35197.76
ORD1823,2026-07-17,43082.12
ORD1824,2026-07-21,38208.56
ORD1825,2026-07-16,13041.98
ORD1826,2026-07-12,16729.64
ORD1827,2026-07-17,30590.22
ORD1828,2026-07-15,23990.57
ORD1829,2026-07-13,36869.99
ORD1829,2026-07-13,36869.99
ORD1830,2026-07-04,13839.76
ORD1831,2026-07-25,20650.86
ORD1832,2026-07-15,3600.53
ORD1832,2026-07-15,3600.53
ORD1833,2026-07-08,1668.86
ORD1834,2026-07-09,33274.31
ORD1835,2026-07-09,16093.88
ORD1836,2026-07-08,34499.03
ORD1837,2026-07-25,38960.31
ORD1838,2026-07-03,29535.43
ORD1839,2026-07-03,34474.69
ORD1840,2026-07-26,19608.63
ORD1842,2026-07-13,25604.48
ORD1843,2026-07-11,15338.52
ORD1844,2026-07-05,34107.8
ORD1845,2026-07-29,15890.72
ORD1846,2026-08-01,32142.35
ORD1847,2026-07-02,17474.29
ORD1848,2026-07-15,37862.22
ORD1849,2026-07-22,572.85
ORD1850,2026-07-24,26175.13
ORD1851,2026-07-27,10643.73
ORD1852,2026-07-19,17559.61
ORD1853,2026-07-23,6076.1
ORD1853,2026-07-23,6076.1
ORD1854,2026-07-24,13749.34
ORD1854,2026-07-24,13749.34
ORD1856,2026-07-25,41322.09
ORD1857,2026-07-03,37482.38
ORD1858,2026-07-15,41138.71
ORD1859,2026-07-04,4724.8
ORD1860,2026-07-17,1876.76
ORD1861,2026-07-25,5887.87
ORD1863,2026-07-22,38205.39
ORD1864,2026-07-17,12010.92
ORD1864,2026-07-17,12010.92
ORD1865,2026-07-03,37826.26
ORD1866,2026-07-17,13641.64
ORD1867,2026-07-25,43249.44
ORD1868,2026-07-05,32201.79
ORD1869,2026-07-08,756.79
ORD1870,2026-07-14,36032.63
ORD1871,2026-07-23,11118.14
ORD1872,2026-07-16,11969.59
ORD1873,2026-07-07,1325.31
ORD1874,2026-07-23,613.59
ORD1875,2026-07-18,20429.73
ORD1876,2026-07-07,5818.62
ORD1877,2026-07-20,43816.48
ORD1878,2026-07-22,24087.75
ORD1879,2026-07-18,3491.57
ORD1880,2026-07-28,25518.99
ORD1881,2026-07-27,5527.85
ORD1882,2026-07-06,9223.46
ORD1883,2026-07-09,11831.97
ORD1884,2026-07-09,11527.09
ORD1885,2026-07-15,35231.4
ORD1886,2026-07-06,38164.17
ORD1887,2026-07-19,34680.9
ORD1888,2026-07-09,11034.38
ORD1889,2026-07-04,20942.02
ORD1890,2026-07-09,3270.43
ORD1891,2026-07-02,29732.23
ORD1892,2026-07-10,41265.02
ORD1893,2026-07-14,41759.78
ORD1894,2026-07-19,24049.69
ORD1895,2026-07-11,33634.07
ORD1896,2026-07-17,40109.1
ORD1897,2026-07-10,32573.71
ORD1898,2026-07-28,19106.92
ORD1899,2026-07-16,18450.75
ORD1900,2026-07-03,19986.14
ORD1901,2026-07-23,20885.84
ORD1902,2026-07-05,21834.05
ORD1903,2026-07-08,19649.68
ORD1904,2026-07-19,12572.83
ORD1904,2026-07-19,12572.83
ORD1905,2026-07-21,2601.02
ORD1906,2026-07-12,7044.16
ORD1907,2026-07-25,18462.15
ORD1908,2026-07-06,42622.28
ORD1909,2026-07-12,17295.81
ORD1910,2026-07-23,26339.09
ORD1912,2026-07-26,13936.98
ORD1913,2026-07-12,16883.29
ORD1913,2026-07-12,16883.29
ORD1914,2026-07-08,12508.83
ORD1916,2026-07-09,20948.8
ORD1917,2026-07-18,34639.24
ORD1918,2026-07-06,33899.05
ORD1919,2026-07-17,35629.55
ORD1920,2026-07-14,11730.58
ORD1922,2026-07-20,22179.3
ORD1923,2026-07-17,12094.21
ORD1924,2026-07-15,11978.82
ORD1925,2026-08-03,5124.35
ORD1926,2026-07-29,28250.61
ORD1927,2026-07-21,22825.91
ORD1928,2026-07-23,904.56
ORD1930,2026-07-17,3496.06
ORD1931,2026-07-20,7299.4
ORD1932,2026-07-19,42952.54
ORD1933,2026-07-08,2997.87
ORD1934,2026-07-28,8406.45
ORD1935,2026-07-14,1001.37
ORD1936,2026-07-04,23608.86
ORD1937,2026-07-06,7971.97
ORD1938,2026-07-08,34174.64
ORD1939,2026-07-24,30905.41
ORD1941,2026-07-28,14769.21
ORD1943,2026-07-10,11975.45
ORD1944,2026-07-29,15897.87
ORD1944,2026-07-29,15897.87
ORD1945,2026-07-21,21813.9
ORD1946,2026-07-24,6145.01
ORD1947,2026-07-03,3860.86
ORD1948,2026-07-20,12012.16
ORD1949,2026-07-27,15156.36
ORD1949,2026-07-27,15156.36
ORD1950,2026-07-07,26944.77
ORD1950,2026-07-07,26944.77
ORD1951,2026-07-05,4890.05
ORD1952,2026-07-05,32782.06
ORD1953,2026-07-26,35219.07
ORD1954,2026-07-16,21267.25
ORD1955,2026-07-21,20172.02
ORD1956,2026-07-24,19439.98
ORD1957,2026-07-08,2775.58
ORD1958,2026-07-03,31582.72
ORD1960,2026-07-11,5480.29
ORD1961,2026-07-20,38491.62
ORD1962,2026-07-14,14858.75
ORD1963,2026-07-09,13981.0
ORD1964,2026-07-30,39019.15
ORD1964,2026-07-30,39019.15
ORD1965,2026-07-21,19740.69
ORD1966,2026-07-15,16541.3
ORD1967,2026-07-05,9907.22
ORD1968,2026-07-23,28675.41
ORD1969,2026-07-20,31078.06
ORD1970,2026-07-02,23060.32
ORD1971,2026-07-17,2848.26
ORD1972,2026-07-12,15914.1
ORD1973,2026-07-22,1338.36
ORD1974,2026-07-13,40921.82
ORD1975,2026-07-14,1826.36
ORD1976,2026-07-22,27549.75
ORD1977,2026-07-14,20184.4
ORD1978,2026-07-07,15526.87
ORD1979,2026-07-25,37115.13
ORD1980,2026-07-17,42370.95
ORD1981,2026-07-23,6764.39
ORD1982,2026-07-05,3263.99
ORD1983,2026-07-22,25607.94
ORD1984,2026-07-10,39700.54
ORD1985,2026-07-27,5085.79
ORD1986,2026-07-14,21946.92
ORD1987,2026-07-24,40014.72
ORD1988,2026-07-18,24059.27
ORD1989,2026-07-25,10172.71
ORD1990,2026-07-15,31659.54
ORD1991,2026-07-11,21596.59
ORD1992,2026-07-27,12326.9
ORD1993,2026-07-26,28252.77
ORD1994,2026-07-05,21695.24
ORD1995,2026-07-17,35423.62
ORD1996,2026-07-10,30820.72
ORD1997,2026-07-30,5496.5
ORD1998,2026-07-24,6095.76
ORD1999,2026-07-03,11678.68
ORD2000,2026-07-22,11406.86
ORD2001,2026-07-28,5454.43
ORD2002,2026-07-11,36871.27
ORD2002,2026-07-11,36871.27
ORD2003,2026-07-11,572.11
ORD2004,2026-07-27,38675.27
ORD2005,2026-07-19,22754.74
ORD2006,2026-07-03,16095.84
ORD2007,2026-07-17,19737.52
ORD2008,2026-07-26,39822.06
ORD2009,2026-07-05,2803.36
ORD2011,2026-07-10,37767.56
ORD2012,2026-07-05,30214.52
ORD2014,2026-07-19,14732.02
ORD2015,2026-07-18,3797.19
ORD2016,2026-07-02,8995.91
ORD2017,2026-07-19,22898.83
ORD2019,2026-07-14,31745.26
ORD2020,2026-07-29,38524.99
ORD2021,2026-07-05,14681.97
ORD2022,2026-07-20,43833.52
ORD2024,2026-07-13,43769.06
ORD2025,2026-07-20,9675.32
ORD2026,2026-08-02,42231.61
ORD2027,2026-07-08,6870.56
ORD2028,2026-07-27,18203.3
ORD2029,2026-07-15,41266.18
ORD2030,2026-07-23,24471.22
ORD2032,2026-07-13,18033.94
ORD2034,2026-07-26,24413.0
ORD2035,2026-07-26,15634.32
ORD2036,2026-07-08,40927.28
ORD2037,2026-07-13,14334.36
ORD2038,2026-07-24,21935.77
ORD2039,2026-07-10,20401.19
ORD2040,2026-07-16,4235.55
ORD2040,2026-07-16,4235.55
ORD2041,2026-07-07,15803.72
ORD2042,2026-07-28,10583.72
ORD2044,2026-07-28,3683.25
ORD2045,2026-07-30,13607.94
ORD2046,2026-07-29,16383.75
ORD2047,2026-07-22,3726.19
ORD2048,2026-07-30,39925.68
ORD2049,2026-07-18,43699.34
ORD2050,2026-07-29,2545.75
ORD2051,2026-07-30,20534.99
ORD2052,2026-07-30,6142.52
ORD2053,2026-07-22,12220.77
ORD2054,2026-07-07,19015.96
ORD2055,2026-07-11,9316.05
ORD2056,2026-07-21,25875.52
ORD2057,2026-07-29,3731.11
ORD2058,2026-07-03,3979.51
ORD2058,2026-07-03,3979.51
ORD2059,2026-07-14,8574.93
ORD2060,2026-07-27,2607.72
ORD2061,2026-07-04,14950.54
ORD2062,2026-07-18,20900.85
ORD2063,2026-07-25,22525.34
ORD2064,2026-07-24,25766.57
ORD2065,2026-07-11,41479.33
ORD2066,2026-07-19,29588.36
ORD2067,2026-07-06,32559.22
ORD2068,2026-07-14,1454.17
ORD2069,2026-07-19,29276.9
ORD2070,2026-07-06,18354.61
ORD2072,2026-07-06,18199.36
ORD2073,2026-07-09,2346.91
ORD2074,2026-07-15,30567.6
ORD2075,2026-07-21,13370.65
ORD2076,2026-07-14,39477.67
ORD2077,2026-07-17,40082.92
ORD2078,2026-07-13,23643.49
ORD2079,2026-07-29,27615.4
ORD2080,2026-07-11,35185.61
ORD2081,2026-07-04,43468.88
ORD2082,2026-07-18,37408.31
ORD2083,2026-07-04,6334.28
ORD2084,2026-07-19,16189.99
ORD2085,2026-07-24,18671.73
ORD2086,2026-07-24,31531.97
ORD2088,2026-07-21,4517.03
ORD2089,2026-07-14,33162.56
ORD2090,2026-07-06,37920.06
ORD2091,2026-07-13,27116.91
ORD2092,2026-07-16,13667.15
ORD2092,2026-07-16,13667.15
ORD2093,2026-07-03,18790.01
ORD2094,2026-07-16,31287.13
ORD2095,2026-07-27,1007.53
ORD2096,2026-07-27,24291.05
ORD2097,2026-07-04,4492.75
ORD2098,2026-07-29,4408.79
ORD2099,2026-07-18,14619.65
ORD2100,2026-07-16,24850.24
ORD2101,2026-07-24,23165.53
ORD2103,2026-07-15,8580.95
ORD2104,2026-07-03,12825.12
ORD2106,2026-07-10,21171.83
ORD2107,2026-07-12,21318.63
ORD2108,2026-07-25,37524.67
ORD2109,2026-07-27,42149.58
ORD2110,2026-07-03,30873.74
ORD2111,2026-07-08,33291.43
ORD2112,2026-07-09,16082.35
ORD2113,2026-07-07,15709.93
ORD2114,2026-07-07,12660.1
ORD2115,2026-07-19,7341.37
ORD2116,2026-07-06,10088.94
ORD2117,2026-07-22,1538.72
ORD2118,2026-07-09,16193.97
ORD2119,2026-07-24,41509.19
ORD2120,2026-07-09,13602.79
ORD2121,2026-07-22,36032.57
ORD2122,2026-07-13,771.79
ORD2123,2026-07-19,33162.38
ORD2124,2026-07-11,40198.76
ORD2126,2026-07-26,38873.93
ORD2127,2026-07-20,33337.99
ORD2128,2026-07-24,33698.34
ORD2129,2026-07-04,7910.74
ORD2129,2026-07-04,7910.74
ORD2130,2026-07-12,12006.51
ORD2131,2026-07-07,35580.57
ORD2132,2026-07-28,24040.28
ORD2133,2026-07-27,40503.67
ORD2134,2026-07-26,23439.09
ORD2135,2026-07-19,22636.18
ORD2136,2026-07-18,37322.11
ORD2137,2026-07-24,3863.01
ORD2138,2026-07-16,13400.61
ORD2139,2026-07-14,20876.86
ORD2140,2026-07-17,36429.27
ORD2141,2026-07-30,6055.13
ORD2141,2026-07-30,6055.13
ORD2142,2026-07-14,23600.82
ORD2143,2026-07-06,4301.68
ORD2144,2026-07-05,3875.3
ORD2145,2026-07-28,23470.66
ORD2146,2026-07-28,4218.54
ORD2147,2026-07-14,6058.92
ORD2148,2026-07-06,4508.7
ORD2149,2026-07-03,24770.29
ORD2150,2026-07-24,3165.78
ORD2151,2026-07-27,37759.06
ORD2153,2026-07-12,42152.15
ORD2154,2026-07-29,14255.74
ORD2155,2026-07-23,43677.39
ORD2156,2026-07-11,26571.93
ORD2157,2026-07-18,24012.91
ORD2158,2026-07-20,35889.45
ORD2159,2026-07-10,39701.14
ORD2161,2026-07-30,38167.34
ORD2162,2026-07-11,22288.85
ORD2164,2026-07-20,30212.26
ORD2165,2026-07-18,14892.47
ORD2166,2026-07-25,4987.49
ORD2167,2026-07-28,5104.31
ORD2168,2026-07-09,21061.0
ORD2169,2026-07-06,40405.08
ORD2169,2026-07-06,40405.08
ORD2170,2026-07-16,28676.81
ORD2171,2026-07-10,17926.09
ORD2171,2026-07-10,17926.09
ORD2172,2026-07-29,43686.27
ORD2173,2026-07-12,39133.33
ORD2174,2026-07-26,33263.88
ORD2175,2026-07-09,23004.76
ORD2176,2026-07-02,17558.95
ORD2177,2026-07-19,22651.9
ORD2178,2026-07-18,42202.5
ORD2180,2026-07-06,32946.13
ORD2181,2026-07-12,15934.57
ORD2182,2026-07-17,44005.74
ORD2184,2026-07-26,27928.95
ORD2185,2026-07-28,37495.8
ORD2186,2026-07-28,26673.49
ORD2187,2026-07-14,20716.35
ORD2188,2026-07-19,33911.05
ORD2189,2026-07-03,2945.87
ORD2190,2026-07-07,29503.63
ORD2191,2026-07-10,11260.24
ORD2192,2026-07-03,36757.91
ORD2193,2026-07-10,11478.88
ORD2194,2026-07-22,1371.79
ORD2195,2026-07-04,12843.93
ORD2196,2026-07-21,26297.0
ORD2196,2026-07-21,26297.0
ORD2198,2026-07-09,11011.66
ORD2199,2026-07-08,8703.92
ORD2199,2026-07-08,8703.92
ORD2201,2026-07-08,16269.25
ORD2202,2026-07-12,4790.92
ORD2203,2026-07-27,39245.3
ORD2204,2026-07-05,24479.58
ORD2205,2026-07-14,12669.64
ORD2206,2026-07-07,5972.42
ORD2206,2026-07-07,5972.42
ORD2207,2026-07-25,11704.76
ORD2208,2026-07-09,11554.48
ORD2209,2026-07-25,20246.18
ORD2209,2026-07-25,20246.18
ORD2210,2026-07-19,6122.24
ORD2211,2026-07-26,43771.77
ORD2212,2026-07-20,22131.4
ORD2213,2026-07-28,17679.71
ORD2214,2026-07-27,33069.55
ORD2215,2026-07-05,22982.67
ORD2216,2026-07-16,7814.23
ORD2217,2026-07-13,37291.92
ORD2218,2026-07-14,37379.21
ORD2219,2026-07-26,24579.99
ORD2220,2026-07-20,25430.03
ORD2221,2026-07-05,12062.49
ORD2222,2026-07-23,17965.12
ORD2223,2026-07-26,2910.76
ORD2224,2026-07-11,8266.69
ORD2225,2026-07-25,35172.71
ORD2226,2026-07-28,6831.82
ORD2226,2026-07-28,6831.82
ORD2227,2026-07-07,31319.83
ORD2228,2026-07-15,32572.35
ORD2229,2026-07-15,3146.11
ORD2230,2026-07-28,8633.85
ORD2231,2026-07-18,10943.13
ORD2232,2026-07-08,29998.66
ORD2233,2026-07-04,25746.93
ORD2234,2026-07-08,3747.71
ORD2235,2026-07-10,24021.09
ORD2236,2026-07-25,1565.67
ORD2236,2026-07-25,1565.67
ORD2237,2026-07-25,19532.37
ORD2238,2026-07-04,25094.54
ORD2238,2026-07-04,25094.54
ORD2239,2026-07-07,43527.16
ORD2240,2026-07-28,17814.67
ORD2241,2026-07-03,31529.71
ORD2242,2026-07-21,10562.22
ORD2243,2026-07-11,7111.97
ORD2244,2026-07-04,4833.41
ORD2245,2026-07-25,20021.74
ORD2246,2026-07-31,28867.68
ORD2247,2026-07-03,4123.46
ORD2248,2026-07-21,23354.27
ORD2249,2026-07-25,15702.69
ORD2250,2026-07-29,15043.74
ORD2251,2026-07-16,27669.44
ORD2251,2026-07-16,27669.44
ORD2252,2026-07-21,12688.67
ORD2253,2026-07-14,14749.93
ORD2254,2026-07-02,25094.15
ORD2255,2026-07-29,37830.44
ORD2256,2026-07-10,18811.38
ORD2257,2026-07-20,42240.66
ORD2258,2026-07-28,34614.82
ORD2259,2026-07-21,15298.82
ORD2260,2026-07-06,26133.78
ORD2261,2026-07-07,40915.9
ORD2262,2026-07-30,19462.89
ORD2263,2026-07-20,9974.15
ORD2264,2026-07-20,31665.87
ORD2265,2026-07-27,18865.68
ORD2266,2026-07-15,23312.49
ORD2267,2026-07-12,30659.58
ORD2269,2026-07-28,39502.95
ORD2271,2026-07-17,28249.67
ORD2272,2026-07-04,5069.14
ORD2273,2026-07-22,38730.33
ORD2275,2026-07-12,34991.79
ORD2276,2026-07-03,43431.23
ORD2278,2026-07-23,25432.01
ORD2279,2026-07-26,21557.98
ORD2280,2026-07-08,19833.53
ORD2281,2026-07-11,6335.22
ORD2282,2026-07-16,9503.5
ORD2283,2026-07-22,20822.18
ORD2284,2026-07-18,2689.39
ORD2285,2026-07-18,5117.88
ORD2286,2026-07-02,37072.61
ORD2287,2026-07-21,41269.75
ORD2287,2026-07-21,41269.75
ORD2288,2026-07-13,5001.54
ORD2289,2026-07-19,40755.36
ORD2290,2026-07-21,16082.18
ORD2291,2026-07-21,32894.44
ORD2292,2026-07-06,895.33
ORD2293,2026-07-17,11869.23
ORD2294,2026-07-17,31474.77
ORD2295,2026-07-13,34444.15
ORD2297,2026-07-02,8081.68
ORD2298,2026-07-13,20567.49
ORD2299,2026-07-23,33641.57
ORD2300,2026-07-07,19432.79
ORD2301,2026-07-18,23165.56
ORD2301,2026-07-18,23165.56
ORD2302,2026-07-27,28002.74
ORD2303,2026-07-29,20031.66
ORD2304,2026-07-02,11387.22
ORD2305,2026-07-09,42726.03
ORD2306,2026-07-23,2067.35
ORD2307,2026-07-20,10564.74
ORD2308,2026-07-06,7203.31
ORD2309,2026-07-10,40646.13
ORD2310,2026-07-19,5937.79
ORD2311,2026-07-21,1929.99
ORD2312,2026-07-12,30216.57
ORD2313,2026-07-08,10887.2
ORD2314,2026-07-11,33294.61
ORD2315,2026-07-22,28937.1
ORD2316,2026-07-10,9506.83
ORD2317,2026-07-11,17304.91
ORD2318,2026-07-09,26091.71
ORD2319,2026-07-04,11240.91
ORD2320,2026-07-08,10424.12
ORD2321,2026-07-20,14548.0
ORD2322,2026-07-27,12555.07
ORD2323,2026-07-24,31313.44
ORD2324,2026-07-14,15823.16
ORD2325,2026-07-18,28840.99
ORD2326,2026-07-29,7665.15
ORD2327,2026-07-13,5316.86
ORD2328,2026-07-23,14935.88
ORD2329,2026-07-24,12826.08
ORD2330,2026-07-14,26181.73
ORD2331,2026-07-06,16430.61
ORD2332,2026-07-18,19885.29
ORD2333,2026-07-24,1623.17
ORD2334,2026-07-17,6326.61
ORD2335,2026-07-14,20684.66
ORD2337,2026-07-06,40457.11
ORD2338,2026-07-26,38446.34
ORD2339,2026-07-26,13580.51
ORD2340,2026-07-12,32453.17
ORD2341,2026-07-21,14836.55
ORD2342,2026-07-28,10127.86
ORD2344,2026-07-10,37777.96
ORD2345,2026-07-16,31880.33
ORD2346,2026-07-25,23673.06
ORD2346,2026-07-25,23673.06
ORD2347,2026-07-03,15419.87
ORD2348,2026-07-27,505.11
ORD2349,2026-07-17,41133.79
ORD2350,2026-07-28,34668.26
ORD2351,2026-07-27,4471.63
ORD2352,2026-07-28,18995.29
ORD2353,2026-07-21,21620.94
ORD2354,2026-07-21,34347.53
ORD2355,2026-07-03,39704.65
ORD2356,2026-07-30,19386.18
ORD2357,2026-07-19,3288.57
ORD2358,2026-07-26,18124.18
ORD2359,2026-07-15,27470.96
ORD2360,2026-07-26,38216.9
ORD2361,2026-07-19,42998.67
ORD2362,2026-07-15,43243.17
ORD2364,2026-07-12,26602.86
ORD2365,2026-07-28,34603.52
ORD2366,2026-07-10,10515.67
ORD2367,2026-07-19,3803.1
ORD2368,2026-07-22,43545.07
ORD2369,2026-07-14,15384.9
ORD2370,2026-07-06,18456.26
ORD2371,2026-07-09,34967.93
ORD2372,2026-07-29,35772.91
ORD2373,2026-07-27,11422.86
ORD2374,2026-07-25,14122.21
ORD2375,2026-07-27,25575.38
ORD2376,2026-07-12,31922.29
ORD2377,2026-07-25,28793.11
ORD2378,2026-07-23,30893.05
ORD2379,2026-07-19,42727.91
ORD2380,2026-07-21,26498.97
ORD2381,2026-07-21,34865.62
ORD2382,2026-07-30,9821.09
ORD2382,2026-07-30,9821.09
ORD2383,2026-07-11,2117.92
ORD2384,2026-07-13,23558.92
ORD2385,2026-07-12,2151.41
ORD2386,2026-07-23,23819.95
ORD2387,2026-07-15,25766.2
ORD2388,2026-07-29,2585.74
ORD2389,2026-07-10,40858.61
ORD2390,2026-07-14,18349.0
ORD2391,2026-07-30,8968.01
ORD2392,2026-07-19,22508.84
ORD2393,2026-07-29,35056.33
ORD2394,2026-07-13,15151.14
ORD2395,2026-07-05,15962.13
ORD2396,2026-07-09,12876.74
ORD2397,2026-07-21,21702.6
ORD2398,2026-07-23,28133.95
ORD2399,2026-07-10,24922.44
ORD2400,2026-07-17,31950.86
ORD2401,2026-07-04,34534.99
ORD2402,2026-07-27,37340.24
ORD2403,2026-07-21,2759.97
ORD2404,2026-07-26,27068.49
ORD2405,2026-07-31,2637.72
ORD2406,2026-07-04,41841.12
ORD2407,2026-07-22,4810.25
ORD2408,2026-07-16,43360.54
ORD2409,2026-07-09,23887.87
ORD2410,2026-07-30,36156.87
ORD2411,2026-07-16,22506.55
ORD2412,2026-07-09,35911.61
ORD2413,2026-07-04,37765.59
ORD2414,2026-07-26,31718.73
ORD2415,2026-07-07,30669.08
ORD2416,2026-07-06,6433.41
ORD2417,2026-07-16,6991.79
ORD2418,2026-07-26,11545.29
ORD2419,2026-07-02,7070.58
ORD2420,2026-07-17,35678.89
ORD2420,2026-07-17,35678.89
ORD2421,2026-07-21,3620.95
ORD2422,2026-07-25,36977.84
ORD2423,2026-07-12,37518.28
ORD2424,2026-07-19,22008.13
ORD2425,2026-07-10,4828.84
ORD2426,2026-07-19,6620.08
ORD2426,2026-07-19,6620.08
ORD2427,2026-07-08,15859.28
ORD2428,2026-07-16,23081.41
ORD2428,2026-07-16,23081.41
ORD2429,2026-07-12,33542.17
ORD2430,2026-07-19,12269.31
ORD2431,2026-07-04,30471.48
ORD2432,2026-07-11,16359.24
ORD2433,2026-07-13,24826.3
ORD2434,2026-07-19,30641.56
ORD2435,2026-07-29,30496.6
ORD2436,2026-07-14,3430.99
ORD2437,2026-07-12,37464.87
ORD2438,2026-07-26,32499.72
ORD2439,2026-07-11,40346.63
ORD2440,2026-07-02,42828.76
ORD2441,2026-07-23,28890.71
ORD2442,2026-07-07,23538.43
ORD2443,2026-07-08,38093.55
ORD2445,2026-07-04,13741.97
ORD2445,2026-07-04,13741.97
ORD2446,2026-07-08,33173.24
ORD2447,2026-07-09,1890.03
ORD2447,2026-07-09,1890.03
ORD2449,2026-07-14,1048.54
ORD2450,2026-07-16,22537.7
ORD2451,2026-07-20,39811.76
ORD2451,2026-07-20,39811.76
ORD2452,2026-07-25,29220.78
ORD2453,2026-07-24,5352.53
ORD2454,2026-07-18,30335.46
ORD2455,2026-07-25,18409.48
ORD2456,2026-07-07,16443.25
ORD2457,2026-07-06,24446.19
ORD2458,2026-07-13,32179.5
ORD2459,2026-07-25,5163.65
ORD2460,2026-07-09,33741.74
ORD2461,2026-07-22,33660.74
ORD2462,2026-07-29,38361.24
ORD2463,2026-07-15,38831.24
ORD2465,2026-07-06,27506.96
ORD2466,2026-07-15,20181.71
ORD2468,2026-07-08,34754.88
ORD2469,2026-07-12,15646.85
ORD2470,2026-07-29,14511.47
ORD2472,2026-07-27,2856.3
ORD2473,2026-07-16,8660.87
ORD2473,2026-07-16,8660.87
ORD2474,2026-07-06,1076.67
ORD2475,2026-07-15,32665.58
ORD2476,2026-07-20,35161.04
ORD2477,2026-07-14,42826.13
ORD2478,2026-07-06,23556.32
ORD2480,2026-07-29,7156.86
ORD2481,2026-07-26,30563.32
ORD2482,2026-07-24,42182.72
ORD2483,2026-07-11,20473.35
ORD2484,2026-07-11,39691.37
ORD2485,2026-07-07,8181.48
ORD2486,2026-07-31,25338.87
ORD2487,2026-07-17,14868.12
ORD2488,2026-07-23,37551.17
ORD2489,2026-07-18,15523.44
ORD2490,2026-07-20,15861.28
ORD2491,2026-07-27,14807.33
ORD2491,2026-07-27,14807.33
ORD2492,2026-07-05,11510.22
ORD2493,2026-07-16,29878.98
ORD2493,2026-07-16,29878.98
ORD2494,2026-07-21,4799.18
ORD2495,2026-07-12,8995.43
ORD2496,2026-07-10,36145.32
ORD2497,2026-07-08,26648.53
ORD2497,2026-07-08,26648.53
ORD2498,2026-07-03,25556.95
ORD2499,2026-07-16,18082.47
ORD2500,2026-07-11,14270.91
ORD2501,2026-07-10,33099.66
ORD2502,2026-07-03,8230.04
ORD2503,2026-07-30,17392.39
ORD2504,2026-07-05,8463.28
ORD2505,2026-07-10,39604.42
ORD2506,2026-07-27,27780.24
ORD2508,2026-07-17,14612.67
ORD2509,2026-07-08,13535.91
ORD2510,2026-07-27,32543.82
ORD2511,2026-07-24,8639.22
ORD2513,2026-07-28,8165.28
ORD2514,2026-07-16,19858.97
ORD2515,2026-07-25,18136.57
ORD2516,2026-07-12,17973.23
ORD2517,2026-07-03,2224.19
ORD2517,2026-07-03,2224.19
ORD2518,2026-07-06,25797.81
ORD2519,2026-07-30,20787.26
ORD2520,2026-07-22,29585.37
ORD2521,2026-07-06,41482.62
ORD2522,2026-07-03,16384.0
ORD2523,2026-07-06,4971.36
ORD2524,2026-07-20,15982.8
ORD2525,2026-07-26,34648.58
ORD2526,2026-07-09,16094.21
ORD2526,2026-07-09,16094.21
ORD2527,2026-07-26,17530.56
ORD2528,2026-07-28,28751.69
ORD2528,2026-07-28,28751.69
ORD2529,2026-07-16,29636.42
ORD2530,2026-07-10,23607.25
ORD2531,2026-07-14,15499.39
ORD2532,2026-07-12,20836.52
ORD2533,2026-07-16,14398.42
ORD2534,2026-07-07,25199.34
ORD2535,2026-07-19,4322.17
ORD2536,2026-07-20,17731.55
ORD2537,2026-07-05,36763.71
ORD2538,2026-07-16,33764.92
ORD2539,2026-07-13,43297.27
ORD2540,2026-07-13,42144.75
ORD2541,2026-07-22,22322.7
ORD2542,2026-07-09,36721.53
ORD2543,2026-07-28,6306.59
ORD2545,2026-07-25,29908.3
ORD2546,2026-07-06,6057.62
ORD2547,2026-07-16,27915.73
ORD2548,2026-07-05,31742.18
ORD2549,2026-07-17,14522.03
ORD2551,2026-07-15,4525.62
ORD2552,2026-07-12,10636.92
ORD2553,2026-07-10,43984.39
ORD2555,2026-07-23,41707.37
ORD2556,2026-07-29,4094.51
ORD2557,2026-07-12,22109.89
ORD2558,2026-07-23,4130.41
ORD2559,2026-07-07,17967.95
ORD2560,2026-07-24,36150.64
ORD2561,2026-07-06,1230.76
ORD2562,2026-07-21,2341.34
ORD2563,2026-07-18,42957.21
ORD2564,2026-07-29,31900.3
ORD2565,2026-07-25,4595.19
ORD2566,2026-07-28,41811.89
ORD2567,2026-07-17,5170.4
ORD2568,2026-07-12,31788.29
ORD2570,2026-07-08,19671.08
ORD2571,2026-07-06,10122.23
ORD2572,2026-07-07,31720.78
ORD2572,2026-07-07,31720.78
ORD2573,2026-07-03,36169.63
ORD2574,2026-07-11,24874.74
ORD2575,2026-07-13,40575.22
ORD2576,2026-07-07,34690.89
ORD2577,2026-07-18,7268.68
ORD2578,2026-07-18,35175.36
ORD2579,2026-07-15,42805.01
ORD2580,2026-07-12,18805.38
ORD2582,2026-07-14,20970.97
ORD2583,2026-07-29,30693.66
ORD2584,2026-07-16,1612.84
ORD2585,2026-07-24,39795.49
ORD2586,2026-07-10,3333.2
ORD2587,2026-07-27,15756.89
ORD2589,2026-07-28,22506.4
ORD2590,2026-07-27,38762.14
ORD2591,2026-07-05,13857.7
ORD2592,2026-07-23,32793.3
ORD2594,2026-07-09,4646.18
ORD2595,2026-07-07,20500.67
ORD2596,2026-07-24,1389.21
ORD2597,2026-07-26,38385.44
ORD2598,2026-07-13,37947.89
ORD2599,2026-07-12,23591.74
ORD2600,2026-07-16,27840.96
ORD2601,2026-07-26,16320.24
ORD2602,2026-07-20,10574.79
ORD2603,2026-07-25,25145.51
ORD2604,2026-07-11,29119.22
ORD2605,2026-07-21,10936.49
ORD2606,2026-07-19,26616.95
ORD2607,2026-07-28,24671.5
ORD2607,2026-07-28,24671.5
ORD2608,2026-07-16,3550.34
ORD2609,2026-07-15,4339.74
ORD2610,2026-07-25,26200.73
ORD2611,2026-07-22,13598.72
ORD2612,2026-07-02,42874.25
ORD2613,2026-07-09,10549.14
ORD2614,2026-07-06,30705.97
ORD2615,2026-07-16,5153.51
ORD2616,2026-07-17,8827.56
ORD2617,2026-07-16,6789.45
ORD2617,2026-07-16,6789.45
ORD2618,2026-07-25,31014.62
ORD2619,2026-07-25,18098.95
ORD2620,2026-07-17,9774.5
ORD2621,2026-07-30,14601.22
ORD2622,2026-07-14,24086.15
ORD2624,2026-07-09,8895.17
ORD2625,2026-07-15,20472.23
ORD2626,2026-07-03,10080.99
ORD2627,2026-07-06,28306.59
ORD2628,2026-07-24,35388.25
ORD2629,2026-07-17,3035.55
ORD2630,2026-07-24,20430.93
ORD2631,2026-07-13,37631.03
ORD2632,2026-07-05,33736.87
ORD2633,2026-07-03,38571.79
ORD2634,2026-07-09,7343.59
ORD2635,2026-07-03,8602.3
ORD2635,2026-07-03,8602.3
ORD2636,2026-07-19,32837.22
ORD2637,2026-07-11,28331.54
ORD2638,2026-07-11,39775.81
ORD2639,2026-07-08,37031.75
ORD2640,2026-07-18,1386.23
ORD2641,2026-07-08,18655.04
ORD2642,2026-07-04,34768.4
ORD2643,2026-07-27,6169.69
ORD2644,2026-07-05,31423.51
ORD2645,2026-07-16,11268.72
ORD2646,2026-07-14,27080.04
ORD2647,2026-07-20,2232.78
ORD2648,2026-07-06,17051.8
ORD2649,2026-07-21,40158.14
ORD2650,2026-07-21,26528.29
ORD2651,2026-07-21,41034.02
ORD2652,2026-07-20,13891.65
ORD2653,2026-07-25,40915.31
ORD2654,2026-07-14,30627.53
ORD2655,2026-07-26,22454.32
ORD2656,2026-07-22,8828.89
ORD2657,2026-07-13,23208.0
ORD2657,2026-07-13,23208.0
ORD2658,2026-07-04,18742.63
ORD2659,2026-07-21,8275.15
ORD2660,2026-07-20,14739.08
ORD2661,2026-07-14,12930.85
ORD2661,2026-07-14,12930.85
ORD2662,2026-07-17,11693.82
ORD2663,2026-07-17,31055.64
ORD2664,2026-07-23,5620.44
ORD2666,2026-07-03,15140.65
ORD2667,2026-07-25,10215.08
ORD2668,2026-07-28,3520.21
ORD2670,2026-07-14,11386.4
ORD2671,2026-07-07,34139.58
ORD2672,2026-07-17,34091.0
ORD2673,2026-07-13,20028.5
ORD2674,2026-07-11,26355.97
ORD2675,2026-07-08,39374.74
ORD2676,2026-07-13,553.93
ORD2678,2026-07-19,16530.7
ORD2679,2026-07-11,31358.68
ORD2679,2026-07-11,31358.68
ORD2680,2026-07-06,11972.25
ORD2681,2026-07-12,41110.03
ORD2681,2026-07-12,41110.03
ORD2682,2026-07-27,891.26
ORD2683,2026-07-02,8877.03
ORD2684,2026-07-20,21096.28
ORD2684,2026-07-20,21096.28
ORD2685,2026-07-08,35977.98
ORD2686,2026-07-04,24186.37
ORD2688,2026-07-20,8814.56
ORD2689,2026-07-02,42802.99
ORD2690,2026-07-22,40724.11
ORD2691,2026-07-07,42894.35
ORD2692,2026-07-28,28845.41
ORD2693,2026-07-24,8813.41
ORD2695,2026-07-20,2231.77
ORD2696,2026-07-11,13328.69
ORD2697,2026-07-18,43242.66
ORD2698,2026-07-23,21478.64
ORD2699,2026-07-07,30827.75
ORD2700,2026-07-05,12896.32
ORD2701,2026-07-04,25478.88
ORD2702,2026-07-12,27690.49
ORD2703,2026-07-24,27598.65
ORD2704,2026-07-06,33052.92
ORD2705,2026-07-13,1962.04
ORD2706,2026-07-26,11453.8
ORD2707,2026-07-30,18395.82
ORD2708,2026-07-24,30670.3
ORD2711,2026-07-12,11346.04
ORD2712,2026-07-22,3631.46
ORD2713,2026-07-28,22298.03
ORD2714,2026-07-03,18519.66
ORD2715,2026-07-16,10005.93
ORD2716,2026-07-16,28256.48
ORD2717,2026-07-21,21394.73
ORD2718,2026-07-30,29429.9
ORD2719,2026-07-14,21938.22
ORD2720,2026-07-07,28628.91
ORD2721,2026-07-18,6021.35
ORD2722,2026-07-23,34857.41
ORD2723,2026-07-03,2157.37
ORD2724,2026-07-23,12499.87
ORD2725,2026-07-04,6492.97
ORD2726,2026-07-25,25382.87
ORD2727,2026-07-07,23426.17
ORD2728,2026-07-05,14968.19
ORD2729,2026-07-27,709.19
ORD2730,2026-07-14,7685.5
ORD2731,2026-07-20,31261.68
ORD2732,2026-07-15,36069.94
ORD2733,2026-07-04,40691.0
ORD2734,2026-07-10,8513.57
ORD2735,2026-07-07,9253.31
ORD2736,2026-07-08,38236.35
ORD2736,2026-07-08,38236.35
ORD2737,2026-07-20,30665.42
ORD2738,2026-07-10,31583.24
ORD2739,2026-07-30,22623.75
ORD2740,2026-07-14,41815.31
ORD2741,2026-07-18,29292.26
ORD2742,2026-07-11,15074.24
ORD2743,2026-07-07,9925.54
ORD2744,2026-07-06,28808.02
ORD2744,2026-07-06,28808.02
ORD2745,2026-07-19,4713.84
ORD2746,2026-07-06,16342.59
ORD2747,2026-07-13,38774.69
ORD2748,2026-07-07,10855.13
ORD2749,2026-07-27,23127.49
ORD2750,2026-07-29,36858.02
ORD2751,2026-07-17,32357.84
ORD2752,2026-07-15,32662.35
ORD2753,2026-07-20,8551.2
ORD2753,2026-07-20,8551.2
ORD2754,2026-07-05,2138.12
ORD2755,2026-07-16,12053.99
ORD2757,2026-07-27,20213.49
ORD2758,2026-07-25,32070.64
ORD2759,2026-07-16,12392.22
ORD2760,2026-07-15,32809.5
ORD2761,2026-07-27,7068.92
ORD2762,2026-07-16,19741.16
ORD2763,2026-07-11,32830.91
ORD2764,2026-07-24,23609.71
ORD2765,2026-07-27,15651.66
ORD2766,2026-07-15,27973.65
ORD2767,2026-07-15,1513.77
ORD2768,2026-07-19,22087.87
ORD2769,2026-07-05,32908.74
ORD2770,2026-07-10,4098.51
ORD2771,2026-07-05,14973.93
ORD2772,2026-07-06,4939.17
ORD2773,2026-07-23,21018.52
ORD2774,2026-07-21,38162.2
ORD2775,2026-07-17,9669.25
ORD2778,2026-07-24,42878.37
ORD2778,2026-07-24,42878.37
ORD2779,2026-07-15,10192.86
ORD2780,2026-07-17,10063.36
ORD2781,2026-07-18,5306.85
ORD2782,2026-07-24,4280.37
ORD2783,2026-07-14,11692.53
ORD2784,2026-07-13,35678.17
ORD2785,2026-07-17,16438.16
ORD2786,2026-07-24,16466.53
ORD2788,2026-07-17,17755.85
ORD2789,2026-07-19,29650.98
ORD2790,2026-07-17,29850.83
ORD2791,2026-07-03,31875.83
ORD2792,2026-07-13,17894.54
ORD2793,2026-07-09,3345.66
ORD2794,2026-07-11,17930.17
ORD2795,2026-07-03,6226.51
ORD2796,2026-07-16,40167.47
ORD2797,2026-07-12,35817.62
ORD2798,2026-07-14,31241.29
ORD2799,2026-07-05,38338.69
ORD2800,2026-07-16,32935.02
ORD2801,2026-07-25,5766.69
ORD2802,2026-07-19,14139.74
ORD2803,2026-07-14,12385.11
ORD2804,2026-07-29,13351.02
ORD2806,2026-07-21,36700.32
ORD2808,2026-07-29,3295.68
ORD2808,2026-07-29,3295.68
ORD2810,2026-07-04,5909.38
ORD2811,2026-07-22,19571.06
ORD2812,2026-07-04,11184.26
ORD2814,2026-07-07,13102.49
ORD2814,2026-07-07,13102.49
ORD2815,2026-07-14,13728.4
ORD2816,2026-07-24,3319.19
ORD2817,2026-07-06,43305.38
ORD2818,2026-07-11,2875.3
ORD2818,2026-07-11,2875.3
ORD2819,2026-07-10,38097.13
ORD2820,2026-07-28,22958.42
ORD2821,2026-07-20,18975.34
ORD2822,2026-07-15,24666.5
ORD2823,2026-07-02,12025.61
ORD2824,2026-07-30,25397.11
ORD2825,2026-07-14,23028.66
ORD2826,2026-07-18,33081.74
ORD2827,2026-07-22,19992.5
ORD2827,2026-07-22,19992.5
ORD2828,2026-07-11,11008.03
ORD2829,2026-07-05,40077.88
ORD2830,2026-07-24,2852.9
ORD2831,2026-07-27,19402.99
ORD2832,2026-07-04,39802.29
ORD2832,2026-07-04,39802.29
ORD2833,2026-07-07,18335.26
ORD2834,2026-07-03,33890.13
ORD2835,2026-07-17,15694.0
ORD2836,2026-07-04,41754.72
ORD2838,2026-07-24,12227.86
ORD2839,2026-07-04,16615.44
ORD2840,2026-07-09,11572.15
ORD2842,2026-07-07,7458.63
ORD2843,2026-07-06,35419.25
ORD2844,2026-07-13,30486.0
ORD2845,2026-07-15,37609.7
ORD2846,2026-07-16,8060.13
ORD2847,2026-07-08,11721.55
ORD2848,2026-07-06,26444.27
ORD2849,2026-07-07,23595.37
ORD2850,2026-07-07,21852.85
ORD2852,2026-07-25,28503.28
ORD2853,2026-07-27,43165.18
ORD2855,2026-07-17,6315.85
ORD2856,2026-07-13,32885.09
ORD2857,2026-07-20,37404.56
ORD2858,2026-07-23,825.6
ORD2859,2026-07-14,10080.85
ORD2860,2026-07-28,19458.51
ORD2861,2026-07-11,43907.52
ORD2862,2026-07-22,6995.23
ORD2863,2026-07-10,30833.79
ORD2864,2026-07-13,38306.43
ORD2864,2026-07-13,38306.43
ORD2865,2026-07-12,22520.06
ORD2866,2026-07-17,22337.82
ORD2867,2026-07-13,25640.64
ORD2869,2026-07-21,28022.38
ORD2870,2026-07-07,40808.67
ORD2871,2026-07-13,12645.1
ORD2872,2026-07-07,9975.08
ORD2873,2026-07-09,25896.4
ORD2874,2026-07-28,15615.82
ORD2875,2026-07-18,14503.37
ORD2876,2026-07-05,2874.63
ORD2877,2026-07-19,41991.12
ORD2878,2026-07-22,36154.01
ORD2879,2026-08-02,32393.11
ORD2880,2026-07-07,514.3
ORD2881,2026-07-20,22074.05
ORD2882,2026-07-26,29250.06
ORD2883,2026-07-22,39475.39
ORD2884,2026-07-25,35266.52
ORD2885,2026-07-02,4454.29
ORD2886,2026-07-17,10594.0
ORD2887,2026-07-07,4088.04
ORD2888,2026-07-26,20143.64
ORD2889,2026-07-08,26093.45
ORD2890,2026-07-16,38832.73
ORD2891,2026-07-15,20132.97
ORD2892,2026-07-15,1025.14
ORD2893,2026-07-20,32988.91
ORD2894,2026-07-25,39672.27
ORD2894,2026-07-25,39672.27
ORD2895,2026-07-30,33680.2
ORD2895,2026-07-30,33680.2
ORD2896,2026-07-24,25643.25
ORD2897,2026-07-24,24256.59
ORD2899,2026-07-30,3086.41
ORD2900,2026-07-13,2324.52
ORD2900,2026-07-13,2324.52
ORD2901,2026-07-10,31587.31
ORD2902,2026-07-27,17915.16
ORD2903,2026-07-06,33135.06
ORD2903,2026-07-06,33135.06
ORD2904,2026-07-27,19236.85
ORD2905,2026-07-12,24552.67
ORD2906,2026-07-21,28121.25
ORD2907,2026-07-14,30653.22
ORD2908,2026-07-07,3625.78
ORD2909,2026-08-02,10921.23
ORD2910,2026-07-26,24862.9
ORD2911,2026-07-16,15860.43
ORD2912,2026-07-06,37818.07
ORD2913,2026-07-10,4242.36
ORD2914,2026-07-19,12719.92
ORD2915,2026-07-26,34924.19
ORD2915,2026-07-26,34924.19
ORD2916,2026-07-17,1790.15
ORD2917,2026-07-08,21947.04
ORD2918,2026-07-24,24445.81
ORD2919,2026-07-03,31651.67
ORD2920,2026-07-08,29052.45
ORD2921,2026-07-19,34697.18
ORD2921,2026-07-19,34697.18
ORD2922,2026-07-27,17680.75
ORD2923,2026-07-22,35113.63
ORD2924,2026-07-29,27822.32
ORD2925,2026-07-15,34630.8
ORD2926,2026-07-14,25617.75
ORD2927,2026-07-26,704.87
ORD2928,2026-07-24,21909.42
ORD2929,2026-07-23,668.4
ORD2930,2026-07-27,5091.41
ORD2931,2026-07-24,33493.84
ORD2932,2026-07-28,26345.11
ORD2933,2026-07-12,10790.28
ORD2934,2026-07-20,17573.5
ORD2935,2026-07-28,13882.34
ORD2936,2026-07-20,917.75
ORD2937,2026-07-10,35990.03
ORD2938,2026-07-02,25846.35
ORD2939,2026-07-04,1508.13
ORD2940,2026-07-04,30888.78
ORD2941,2026-07-06,7035.86
ORD2942,2026-07-08,10228.57
ORD2943,2026-07-04,21824.02
ORD2944,2026-07-10,29183.09
ORD2944,2026-07-10,29183.09
ORD2945,2026-07-28,43283.64
ORD2946,2026-07-12,34566.78
ORD2947,2026-07-18,22963.46
ORD2948,2026-07-26,26652.67
ORD2949,2026-07-19,6213.08
ORD2950,2026-07-25,43077.97
ORD2951,2026-07-16,42014.31
ORD2952,2026-07-24,39339.58
ORD2953,2026-07-07,32863.77
ORD2954,2026-07-29,19076.99
ORD2955,2026-07-12,21332.67
ORD2955,2026-07-12,21332.67
ORD2956,2026-07-08,34183.3
ORD2957,2026-07-22,32673.81
ORD2958,2026-07-26,4533.46
ORD2959,2026-07-18,1110.25
ORD2960,2026-07-17,2898.32
ORD2960,2026-07-17,2898.32
ORD2962,2026-07-02,12332.75
ORD2963,2026-07-14,14878.44
ORD2964,2026-07-28,25560.91
ORD2964,2026-07-28,25560.91
ORD2965,2026-07-07,16318.86
ORD2966,2026-07-27,41169.92
ORD2967,2026-07-07,8196.21
ORD2968,2026-07-11,31673.31
ORD2969,2026-07-07,8402.14
ORD2970,2026-07-13,39005.4
ORD2971,2026-07-25,1792.17
ORD2972,2026-07-09,5916.92
ORD2973,2026-07-16,7400.72
ORD2974,2026-07-03,5912.37
ORD2976,2026-07-15,33595.8
ORD2977,2026-07-04,38045.38
ORD2977,2026-07-04,38045.38
ORD2978,2026-07-30,28008.26
ORD2979,2026-07-30,11709.1
ORD2980,2026-07-10,14927.9
ORD2982,2026-07-09,18527.85
ORD2983,2026-07-08,11378.97
ORD2984,2026-07-16,18699.9
ORD2985,2026-07-03,36348.93
ORD2986,2026-07-10,19742.3
ORD2987,2026-07-22,1411.5
ORD2988,2026-07-28,34848.13
ORD2989,2026-07-23,33589.88
ORD2990,2026-07-27,6059.23
ORD2991,2026-07-19,3796.44
ORD2992,2026-07-28,9579.82
ORD2993,2026-07-26,21164.8
ORD2995,2026-07-17,38261.8
ORD2996,2026-07-23,24143.29
ORD2999,2026-07-09,43966.94
ORD3000,2026-07-08,42530.93
ORD3001,2026-07-09,24239.46
ORD3002,2026-07-09,39844.43
ORD3003,2026-07-17,29401.36
ORD3004,2026-07-15,19275.62
ORD3006,2026-07-09,29878.78
ORD3007,2026-07-18,9184.85
ORD3008,2026-07-24,19124.77
ORD3009,2026-07-07,8408.1
ORD3010,2026-07-15,10744.51
ORD3011,2026-07-19,21468.13
ORD3012,2026-07-16,14493.53
ORD3013,2026-07-08,30699.0
ORD3014,2026-07-11,4137.4
ORD3015,2026-07-18,10733.48
ORD3016,2026-07-07,5801.14
ORD3017,2026-07-22,12357.4
ORD3018,2026-07-09,30594.47
ORD3019,2026-07-12,40746.62
ORD3020,2026-07-28,42799.24
ORD3021,2026-07-10,43904.62
ORD3022,2026-07-17,36412.19
ORD3023,2026-07-26,10620.5
ORD3024,2026-07-21,20517.32
ORD3025,2026-07-10,25380.49
ORD3026,2026-07-17,31828.99
ORD3027,2026-07-17,22500.2
ORD3028,2026-07-14,31404.38
ORD3029,2026-07-17,17051.46
ORD3030,2026-07-11,5220.13
ORD3030,2026-07-11,5220.13
ORD3031,2026-07-26,39845.31
ORD3032,2026-07-21,17890.84
ORD3033,2026-07-10,39266.27
ORD3034,2026-07-26,35936.55
ORD3035,2026-07-25,24894.85
ORD3036,2026-07-23,833.39
ORD3037,2026-07-26,11854.1
ORD3038,2026-07-02,17168.96
ORD3039,2026-08-01,6753.23
ORD3040,2026-07-24,12531.26
ORD3041,2026-07-11,4955.39
ORD3042,2026-07-10,29003.91
ORD3043,2026-07-30,1963.75
ORD3044,2026-07-21,28900.99
ORD3045,2026-07-24,18098.96
ORD3046,2026-07-27,27737.41
ORD3047,2026-07-24,5618.25
ORD3048,2026-07-08,41735.94
ORD3048,2026-07-08,41735.94
ORD3049,2026-07-11,32930.22
ORD3050,2026-07-26,27220.09
ORD3051,2026-07-16,3245.4
ORD3052,2026-07-30,40433.41
ORD3053,2026-07-07,9451.73
ORD3054,2026-07-30,42864.06
ORD3055,2026-07-08,36858.52
ORD3056,2026-07-04,36013.0
ORD3057,2026-07-25,24397.89
ORD3058,2026-07-24,43111.3
ORD3058,2026-07-24,43111.3
ORD3059,2026-07-09,3939.6
ORD3060,2026-07-04,24536.43
ORD3061,2026-07-25,19506.28
ORD3062,2026-07-05,7758.42
ORD3063,2026-07-30,25842.79
ORD3064,2026-07-17,24589.63
ORD3065,2026-07-17,42760.23
ORD3066,2026-07-05,16896.42
ORD3067,2026-07-03,29061.37
ORD3068,2026-07-18,37240.77
ORD3069,2026-07-22,1609.69
ORD3070,2026-07-09,14055.78
ORD3071,2026-07-12,24840.36
ORD3072,2026-07-07,22334.28
ORD3073,2026-07-05,35724.26
ORD3073,2026-07-05,35724.26
ORD3074,2026-07-10,16275.2
ORD3074,2026-07-10,16275.2
ORD3075,2026-07-28,8966.59
ORD3076,2026-07-15,37912.63
ORD3077,2026-07-14,11644.23
ORD3078,2026-07-02,18412.15
ORD3079,2026-07-24,44002.9
ORD3080,2026-07-17,18258.41
ORD3081,2026-07-16,25663.76
ORD3083,2026-07-18,25042.91
ORD3084,2026-07-22,20548.51
ORD3084,2026-07-22,20548.51
ORD3085,2026-07-07,7503.62
ORD3086,2026-07-03,2848.95
ORD3087,2026-07-13,39007.54
ORD3088,2026-07-14,23679.18
ORD3089,2026-07-13,15125.05
ORD3090,2026-07-10,27210.53
ORD3091,2026-07-27,40845.01
ORD3092,2026-07-14,30042.63
ORD3093,2026-07-03,1152.23
ORD3093,2026-07-03,1152.23
ORD3094,2026-07-20,10012.34
ORD3095,2026-07-10,22274.94
ORD3096,2026-07-29,26205.51
ORD3097,2026-07-18,42023.6
ORD3098,2026-07-08,29595.43
ORD3099,2026-07-21,20405.78
ORD3100,2026-07-22,25895.4
ORD3101,2026-07-28,38994.89
ORD3102,2026-07-08,34832.66
ORD3103,2026-07-18,42442.81
ORD3104,2026-07-26,41517.43
ORD3105,2026-07-16,16143.02
ORD3105,2026-07-16,16143.02
ORD3106,2026-07-20,28205.3
ORD3107,2026-07-21,18244.12
ORD3108,2026-07-19,7197.45
ORD3109,2026-07-04,4386.72
ORD3110,2026-07-24,17520.18
ORD3111,2026-07-05,9436.86
ORD3112,2026-07-09,14749.99
ORD3113,2026-07-15,35243.0
ORD3115,2026-07-04,33429.59
ORD3116,2026-07-12,2019.65
ORD3116,2026-07-12,2019.65
ORD3117,2026-07-26,31546.11
ORD3117,2026-07-26,31546.11
ORD3118,2026-07-28,6750.31
ORD3119,2026-07-20,35189.33
ORD3120,2026-07-26,3262.75
ORD3122,2026-07-08,9738.53
ORD3123,2026-07-26,7968.22
ORD3124,2026-07-16,31949.04
ORD3125,2026-07-10,24165.29
ORD3127,2026-07-20,15589.09
ORD3128,2026-07-09,5538.87
ORD3129,2026-07-23,1472.75
ORD3130,2026-07-24,19207.19
ORD3131,2026-07-29,28661.44
ORD3132,2026-07-19,27912.26
ORD3133,2026-07-02,40711.63
ORD3134,2026-07-21,31115.22
ORD3135,2026-07-06,31015.68
ORD3136,2026-07-15,5588.96
ORD3137,2026-07-26,10526.38
ORD3138,2026-07-12,6140.33
ORD3139,2026-07-26,41199.39
ORD3140,2026-07-13,20102.82
ORD3141,2026-07-25,34336.96
ORD3142,2026-07-21,28868.13
ORD3143,2026-07-19,18848.84
ORD3144,2026-07-13,13468.14
ORD3146,2026-07-12,3810.83
ORD3147,2026-07-16,14265.66
ORD3148,2026-07-10,36684.53
ORD3149,2026-07-03,1726.14
ORD3150,2026-07-28,16998.49
ORD3151,2026-07-03,16920.37
ORD3152,2026-08-03,33926.46
ORD3153,2026-07-07,26797.38
ORD3154,2026-07-08,19842.92
ORD3155,2026-07-26,13657.85
ORD3156,2026-07-22,10417.57
ORD3157,2026-07-09,6098.77
ORD3157,2026-07-09,6098.77
ORD3158,2026-08-01,30214.05
ORD3159,2026-07-03,6525.93
ORD3161,2026-07-28,7590.36
ORD3162,2026-07-03,40585.65
ORD3162,2026-07-03,40585.65
ORD3163,2026-07-11,10633.4
ORD3165,2026-07-07,23475.19
ORD3166,2026-07-26,37770.4
ORD3167,2026-07-29,22786.44
ORD3168,2026-07-24,37762.11
ORD3169,2026-07-22,11765.96
ORD3170,2026-07-17,35209.62
ORD3171,2026-07-17,39150.41
ORD3172,2026-07-13,11148.36
ORD3173,2026-07-11,5592.31
ORD3174,2026-07-09,26125.57
ORD3175,2026-07-12,8478.54
ORD3176,2026-07-20,13136.81
ORD3177,2026-07-16,25217.39
ORD3178,2026-07-22,37982.65
ORD3179,2026-07-05,31312.68
ORD3180,2026-07-20,33274.33
ORD3181,2026-07-07,29067.18
ORD3182,2026-07-10,13166.05
ORD3183,2026-07-06,28821.63
ORD3184,2026-07-23,31505.16
ORD3184,2026-07-23,31505.16
ORD3185,2026-07-23,951.76
ORD3186,2026-07-23,10080.27
ORD3187,2026-07-28,23060.37
ORD3188,2026-07-21,890.17
ORD3189,2026-07-26,3284.72
ORD3190,2026-07-09,39682.24
ORD3191,2026-07-12,21861.1
ORD3192,2026-07-15,32716.87
ORD3193,2026-07-09,3990.65
ORD3194,2026-07-30,31313.4
ORD3195,2026-07-26,19482.15
ORD3196,2026-07-19,38914.57
ORD3197,2026-07-13,6288.7
ORD3198,2026-07-12,11954.86
ORD3199,2026-07-02,13532.61
ORD3200,2026-07-09,22384.4
ORD3201,2026-07-13,30729.82
ORD3202,2026-07-29,2950.47
ORD3203,2026-07-07,7047.87
ORD3203,2026-07-07,7047.87
ORD3204,2026-07-25,14298.12
ORD3205,2026-07-05,20991.54
ORD3206,2026-07-17,8106.94
ORD3207,2026-07-23,17881.11
ORD3208,2026-07-23,9378.61
ORD3209,2026-07-12,38247.9
ORD3210,2026-07-08,17339.09
ORD3211,2026-07-08,14460.05
ORD3212,2026-07-02,20357.61
ORD3213,2026-07-04,6719.05
ORD3214,2026-07-28,30038.26
ORD3216,2026-07-05,42231.28
ORD3217,2026-07-09,23813.12
ORD3218,2026-07-14,39910.36
ORD3219,2026-07-20,20942.78
ORD3220,2026-07-17,11613.87
ORD3222,2026-07-26,25079.69
ORD3223,2026-07-18,9419.92
ORD3224,2026-07-20,25008.91
ORD3225,2026-07-16,14111.91
ORD3226,2026-07-03,6980.28
ORD3227,2026-07-06,33008.24
ORD3229,2026-07-17,2122.13
ORD3229,2026-07-17,2122.13
ORD3230,2026-07-11,3029.08
ORD3232,2026-07-17,25852.52
ORD3233,2026-07-02,29128.35
ORD3234,2026-07-24,32265.94
ORD3235,2026-07-17,1840.78
ORD3236,2026-07-24,31348.28
ORD3237,2026-07-07,25576.74
ORD3238,2026-07-30,31057.78
ORD3239,2026-07-29,18441.43
ORD3240,2026-07-23,23557.47
ORD3241,2026-07-16,41480.3
ORD3242,2026-07-18,41387.08
ORD3243,2026-07-24,2202.08
ORD3243,2026-07-24,2202.08
ORD3244,2026-07-22,18880.47
ORD3245,2026-07-03,21364.27
ORD3246,2026-07-15,40542.8
ORD3247,2026-07-17,2780.11
ORD3248,2026-07-18,43811.36
ORD3249,2026-07-11,2865.31
ORD3250,2026-07-25,4029.86
ORD3251,2026-07-07,33143.16
ORD3252,2026-07-28,9794.12
ORD3253,2026-07-06,16099.07
ORD3254,2026-07-30,16884.4
ORD3255,2026-07-09,8230.98
ORD3256,2026-07-29,22821.33
ORD3257,2026-07-12,18558.56
ORD3258,2026-07-06,42266.64
ORD3259,2026-07-28,10686.77
ORD3259,2026-07-28,10686.77
ORD3260,2026-07-16,31866.14
ORD3261,2026-07-06,13638.3
ORD3262,2026-07-13,6870.01
ORD3263,2026-07-03,38943.71
ORD3264,2026-07-22,23838.75
ORD3265,2026-07-03,24710.67
ORD3266,2026-07-17,33474.27
ORD3267,2026-07-23,12267.81
ORD3268,2026-07-22,10489.68
ORD3269,2026-07-15,28641.91
ORD3270,2026-07-12,2895.81
ORD3271,2026-07-20,14171.53
ORD3272,2026-07-16,12110.37
ORD3272,2026-07-16,12110.37
ORD3273,2026-07-22,35773.55
ORD3274,2026-07-08,23794.19
ORD3275,2026-07-29,31679.02
ORD3275,2026-07-29,31679.02
ORD3276,2026-07-09,7380.44
ORD3277,2026-07-04,15688.83
ORD3278,2026-07-04,17818.87
ORD3279,2026-07-25,6616.1
ORD3280,2026-07-03,33215.76
ORD3281,2026-07-08,21053.78
ORD3282,2026-07-14,21061.24
ORD3283,2026-07-21,2499.75
ORD3284,2026-08-02,3831.03
ORD3285,2026-07-06,13413.66
ORD3286,2026-07-17,26101.97
ORD3287,2026-07-25,5343.41
ORD3288,2026-07-28,27271.8
ORD3289,2026-07-16,43514.84
ORD3291,2026-07-25,32020.48
ORD3292,2026-07-17,33815.93
ORD3293,2026-07-20,2975.54
ORD3294,2026-07-27,22294.36
ORD3295,2026-07-25,22565.91
ORD3296,2026-07-25,13034.37
ORD3296,2026-07-25,13034.37
ORD3297,2026-07-24,27079.4
ORD3298,2026-07-13,29195.61
ORD3299,2026-07-22,30064.6
ORD3300,2026-07-22,3045.52
ORD3301,2026-07-20,32362.4
ORD3302,2026-07-18,7043.53
ORD3303,2026-07-03,14534.49
ORD3304,2026-07-29,27119.67
ORD3305,2026-07-24,29006.37
ORD3306,2026-07-25,43621.2
ORD3307,2026-07-06,29306.39
ORD3308,2026-07-28,29651.54
ORD3309,2026-07-15,36249.79
ORD3309,2026-07-15,36249.79
ORD3310,2026-07-19,37506.9
ORD3311,2026-07-03,17190.17
ORD3312,2026-07-08,3227.27
ORD3313,2026-07-17,6654.44
ORD3314,2026-07-07,8024.03
ORD3315,2026-07-29,37360.97
ORD3316,2026-07-27,34051.24
ORD3317,2026-07-08,18429.43
ORD3318,2026-07-26,10948.7
ORD3319,2026-07-03,5022.1
ORD3320,2026-07-19,41345.66
ORD3321,2026-07-21,31098.79
ORD3322,2026-07-26,36280.58
ORD3323,2026-07-03,9264.76
ORD3325,2026-07-12,27345.62
ORD3327,2026-07-17,27407.22
ORD3327,2026-07-17,27407.22
ORD3328,2026-07-17,29429.5
ORD3329,2026-07-27,28571.79
ORD3330,2026-07-09,27833.14
ORD3331,2026-07-22,39983.1
ORD3332,2026-07-04,32484.04
ORD3333,2026-07-20,19354.49
ORD3334,2026-07-16,21359.23
ORD3335,2026-07-10,35834.88
ORD3336,2026-07-26,15903.88
ORD3337,2026-07-13,38311.54
ORD3338,2026-07-15,10764.83
ORD3338,2026-07-15,10764.83
ORD3339,2026-07-17,11761.54
ORD3340,2026-07-12,3464.32
ORD3341,2026-07-25,2724.26
ORD3342,2026-07-16,28774.12
ORD3344,2026-07-22,10311.63
ORD3345,2026-07-27,29486.83
ORD3346,2026-07-07,21844.1
ORD3347,2026-07-08,16774.93
ORD3348,2026-07-11,37030.55
ORD3349,2026-07-22,41747.59
ORD3350,2026-07-15,13866.34
ORD3351,2026-07-10,25562.23
ORD3352,2026-07-28,17662.67
ORD3353,2026-07-22,24187.12
ORD3354,2026-07-13,39666.2
ORD3355,2026-07-21,20293.87
ORD3356,2026-07-18,4966.19
ORD3356,2026-07-18,4966.19
ORD3357,2026-07-07,37452.71
ORD3358,2026-07-20,15894.08
ORD3359,2026-07-27,18753.26
ORD3360,2026-07-10,7391.7
ORD3361,2026-07-17,22803.76
ORD3362,2026-07-27,8920.46
ORD3363,2026-07-29,1658.8
ORD3364,2026-07-08,37871.64
ORD3364,2026-07-08,37871.64
ORD3365,2026-07-05,35144.87
ORD3366,2026-07-14,39692.43
ORD3367,2026-07-10,28173.59
ORD3368,2026-07-26,34593.89
ORD3368,2026-07-26,34593.89
ORD3369,2026-07-26,32139.13
ORD3370,2026-07-16,43169.22
ORD3371,2026-07-20,33526.67
ORD3372,2026-07-22,11719.2
ORD3373,2026-07-23,39766.41
ORD3374,2026-07-04,25855.04
ORD3376,2026-07-14,18539.26
ORD3377,2026-07-27,854.87
ORD3378,2026-07-12,2876.61
ORD3379,2026-07-29,18896.85
ORD3380,2026-07-24,21578.32
ORD3381,2026-07-20,7549.71
ORD3381,2026-07-20,7549.71
ORD3382,2026-07-19,31871.44
ORD3383,2026-07-04,33226.56
ORD3384,2026-07-28,12578.49
ORD3385,2026-07-21,10716.65
ORD3387,2026-07-12,33921.16
ORD3388,2026-07-10,21235.12
ORD3389,2026-07-29,3814.24
ORD3389,2026-07-29,3814.24
ORD3390,2026-07-14,10732.66
ORD3391,2026-07-06,20253.37
ORD3392,2026-07-03,34053.29
ORD3393,2026-07-23,22679.46
ORD3394,2026-07-17,39330.88
ORD3395,2026-07-12,42412.71
ORD3397,2026-07-16,25546.83
ORD3398,2026-07-13,10689.89
ORD3399,2026-07-21,30973.27
ORD3400,2026-07-07,21239.75
ORD3401,2026-07-11,3086.75
ORD3402,2026-07-25,1847.21
ORD3403,2026-07-10,25877.32
ORD3404,2026-07-23,14850.31
ORD3405,2026-07-04,38387.3
ORD3406,2026-07-19,14624.33
ORD3407,2026-07-03,36346.2
ORD3408,2026-07-24,36089.42
ORD3409,2026-07-15,12401.87
ORD3410,2026-07-22,27305.49
ORD3411,2026-07-09,43737.19
ORD3412,2026-07-24,23296.37
ORD3413,2026-07-28,18516.52
ORD3414,2026-07-24,9114.06
ORD3415,2026-07-03,20497.99
ORD3416,2026-07-14,31876.84
ORD3417,2026-07-30,708.39
ORD3418,2026-07-16,8461.82
ORD3419,2026-07-25,4949.5
ORD3421,2026-07-28,12235.38
ORD3422,2026-07-23,9526.3
ORD3424,2026-07-09,43439.77
ORD3425,2026-07-02,5115.8
ORD3426,2026-07-24,13268.35
ORD3427,2026-07-29,19725.95
ORD3428,2026-07-09,16861.02
ORD3429,2026-07-13,9742.9
ORD3430,2026-07-29,21572.56
ORD3431,2026-07-04,11071.29
ORD3432,2026-07-28,27121.82
ORD3433,2026-07-10,25827.96
ORD3434,2026-07-19,11970.88
ORD3435,2026-07-18,18250.88
ORD3435,2026-07-18,18250.88
ORD3436,2026-07-06,25628.54
ORD3437,2026-07-06,10227.65
ORD3438,2026-07-24,8665.28
ORD3439,2026-07-15,3597.13
ORD3440,2026-07-13,17101.86
ORD3441,2026-07-13,33262.19
ORD3442,2026-07-26,34703.41
ORD3443,2026-07-16,7272.12
ORD3444,2026-07-05,8471.28
ORD3445,2026-07-25,37912.91
ORD3446,2026-07-05,4835.78
ORD3447,2026-07-10,16078.87
ORD3448,2026-07-12,6868.4
ORD3449,2026-07-09,22683.54
ORD3450,2026-07-14,16625.4
ORD3451,2026-07-25,13892.63
ORD3452,2026-07-12,10331.43
ORD3453,2026-07-28,4488.35
ORD3454,2026-07-10,4277.06
ORD3455,2026-07-22,20696.7
ORD3456,2026-07-03,12922.02
ORD3457,2026-07-06,41799.83
ORD3458,2026-07-20,35209.19
ORD3459,2026-07-17,35580.03
ORD3460,2026-07-11,36532.92
ORD3461,2026-07-25,2062.22
ORD3462,2026-08-04,23128.65
ORD3463,2026-07-16,24087.57
ORD3465,2026-07-18,10119.64
ORD3466,2026-07-05,25474.79
ORD3468,2026-07-05,42277.95
ORD3469,2026-07-13,29160.75
ORD3470,2026-07-28,21090.92
ORD3471,2026-07-07,25899.78
ORD3472,2026-07-04,6359.77
ORD3473,2026-07-05,3145.56
ORD3474,2026-07-10,6073.27
ORD3474,2026-07-10,6073.27
ORD3475,2026-07-07,29746.38
ORD3476,2026-07-04,6838.98
ORD3477,2026-07-24,30700.31
ORD3478,2026-07-10,35837.06
ORD3478,2026-07-10,35837.06
ORD3480,2026-07-13,15385.77
ORD3481,2026-07-21,20462.68
ORD3482,2026-07-05,34880.37
ORD3482,2026-07-05,34880.37
ORD3483,2026-07-09,15307.65
ORD3484,2026-07-19,8539.25
ORD3485,2026-07-12,17585.29
ORD3486,2026-07-20,8248.98
ORD3486,2026-07-20,8248.98
ORD3487,2026-07-05,14409.13
ORD3488,2026-07-16,42137.35
ORD3489,2026-07-04,6073.66
ORD3490,2026-07-08,18089.11
ORD3491,2026-07-10,37399.11
ORD3491,2026-07-10,37399.11
ORD3492,2026-07-16,6862.55
ORD3493,2026-07-28,31031.86
ORD3494,2026-07-28,15749.09
ORD3495,2026-07-18,22127.01
ORD3496,2026-07-03,38863.07
ORD3496,2026-07-03,38863.07
ORD3497,2026-07-25,27868.03
ORD3499,2026-07-29,1316.83
ORD3500,2026-07-14,3229.57
ORD3501,2026-07-24,26879.56
ORD3502,2026-07-16,24610.15
ORD3503,2026-07-11,3631.23
ORD3504,2026-07-10,36545.85
ORD3505,2026-07-25,14811.92
ORD3506,2026-07-20,13044.28
ORD3507,2026-07-06,32463.46
ORD3508,2026-07-16,41859.38
ORD3509,2026-07-15,18405.96
ORD3510,2026-07-15,14949.61
ORD3511,2026-07-03,23191.16
ORD3512,2026-07-21,11180.36
ORD3513,2026-07-15,41326.23
ORD3514,2026-07-24,24237.94
ORD3515,2026-07-22,21215.05
ORD3516,2026-07-24,14063.14
ORD3516,2026-07-24,14063.14
ORD3517,2026-07-08,22649.8
ORD3517,2026-07-08,22649.8
ORD3518,2026-07-11,19052.75
ORD3519,2026-07-30,3367.71
ORD3520,2026-07-15,5575.99
ORD3521,2026-07-09,4387.53
ORD3522,2026-07-23,42633.33
ORD3523,2026-07-06,20837.33
ORD3524,2026-07-27,37234.19
ORD3525,2026-07-13,42788.48
ORD3526,2026-07-03,990.34
ORD3527,2026-07-15,40502.71
ORD3527,2026-07-15,40502.71
ORD3529,2026-07-03,3966.44
ORD3530,2026-07-13,10180.02
ORD3531,2026-07-10,30480.93
ORD3532,2026-07-25,5146.94
ORD3533,2026-07-25,43292.8
ORD3534,2026-07-12,32020.84
ORD3535,2026-07-18,35839.5
ORD3536,2026-07-26,22859.24
ORD3537,2026-07-19,12653.07
ORD3538,2026-07-13,4399.26
ORD3540,2026-07-14,41148.48
ORD3540,2026-07-14,41148.48
ORD3541,2026-07-24,2568.45
ORD3542,2026-07-06,17561.86
ORD3543,2026-07-12,23227.39
ORD3544,2026-07-16,29745.05
ORD3545,2026-07-02,25446.86
ORD3546,2026-07-24,14898.07
ORD3547,2026-07-15,20709.38
ORD3548,2026-07-19,28471.0
ORD3549,2026-07-23,39144.66
ORD3550,2026-07-05,13674.01
ORD3551,2026-07-11,6309.67
ORD3552,2026-07-27,21060.17
ORD3553,2026-07-19,7983.48
ORD3554,2026-07-16,9462.9
ORD3556,2026-07-19,39177.52
ORD3557,2026-07-05,6843.81
ORD3558,2026-07-14,25816.57
ORD3559,2026-07-21,37854.54
ORD3560,2026-07-08,17988.63
ORD3561,2026-07-20,35646.37
ORD3562,2026-07-14,18345.38
ORD3563,2026-07-11,16268.88
ORD3564,2026-07-23,43543.99
ORD3565,2026-07-09,1600.02
ORD3566,2026-07-20,17181.99
ORD3567,2026-07-03,41825.33
ORD3568,2026-07-07,3710.99
ORD3569,2026-07-28,10436.65
ORD3571,2026-07-02,33065.87
ORD3572,2026-07-11,17650.66
ORD3573,2026-07-27,6036.2
ORD3573,2026-07-27,6036.2
ORD3574,2026-07-09,39480.65
ORD3575,2026-07-15,31848.7
ORD3576,2026-07-24,16934.53
ORD3577,2026-07-18,29282.06
ORD3578,2026-08-05,8181.53
ORD3579,2026-07-03,36531.49
ORD3580,2026-07-29,15758.9
ORD3581,2026-07-25,10236.72
ORD3582,2026-07-30,41021.74
ORD3583,2026-07-12,9606.41
ORD3584,2026-07-15,23332.21
ORD3585,2026-07-04,3235.96
ORD3586,2026-07-14,42111.17
ORD3587,2026-07-06,25877.43
ORD3588,2026-07-14,43835.1
ORD3589,2026-07-08,30914.73
ORD3589,2026-07-08,30914.73
ORD3590,2026-07-08,28317.69
ORD3591,2026-07-29,10641.25
ORD3592,2026-07-27,33193.9
ORD3593,2026-07-25,5732.21
ORD3594,2026-07-22,5227.64
ORD3595,2026-07-29,19601.61
ORD3596,2026-07-24,43072.44
ORD3597,2026-07-19,43625.88
ORD3597,2026-07-19,43625.88
ORD3598,2026-07-16,18741.17
ORD3599,2026-07-16,15824.42
ORD3600,2026-07-13,23238.02
ORD3601,2026-07-15,39303.52
ORD3602,2026-07-20,4460.04
ORD3603,2026-07-27,4138.37
ORD3604,2026-07-04,7332.99
ORD3605,2026-07-12,10062.8
ORD3606,2026-07-26,8677.88
ORD3607,2026-07-03,2511.92
ORD3608,2026-07-17,33886.65
ORD3609,2026-07-04,4302.15
ORD3610,2026-07-18,15555.88
ORD3611,2026-07-12,12810.95
ORD3612,2026-07-16,38871.16
ORD3613,2026-07-23,27357.52
ORD3615,2026-07-27,41736.16
ORD3616,2026-07-22,21486.97
ORD3616,2026-07-22,21486.97
ORD3617,2026-07-06,19910.52
ORD3619,2026-07-24,37485.18
ORD3619,2026-07-24,37485.18
ORD3620,2026-07-06,18863.93
ORD3621,2026-07-18,4877.2
ORD3622,2026-07-15,9757.55
ORD3623,2026-07-30,9536.32
ORD3624,2026-07-11,26102.88
ORD3625,2026-07-17,13113.21
ORD3625,2026-07-17,13113.21
ORD3626,2026-07-29,9225.76
ORD3627,2026-07-21,14049.31
ORD3628,2026-07-06,36585.03
ORD3629,2026-07-30,22935.87
ORD3630,2026-07-04,29937.28
ORD3631,2026-07-14,798.08
ORD3632,2026-07-13,34534.51
ORD3633,2026-07-10,37005.91
ORD3634,2026-07-13,6174.82
ORD3635,2026-07-06,16000.72
ORD3636,2026-07-17,22191.86
ORD3638,2026-07-22,5924.31
ORD3639,2026-07-14,22146.04
ORD3640,2026-07-05,26366.4
ORD3641,2026-07-11,803.15
ORD3642,2026-07-22,11294.91
ORD3642,2026-07-22,11294.91
ORD3643,2026-07-12,23916.72
ORD3644,2026-07-02,40629.08
ORD3645,2026-07-13,16497.1
ORD3646,2026-07-10,29319.87
ORD3647,2026-07-03,12152.24
ORD3648,2026-07-10,40737.0
ORD3649,2026-07-04,7350.19
ORD3650,2026-07-19,26418.62
ORD3651,2026-07-21,33570.47
ORD3652,2026-07-29,1017.73
ORD3653,2026-07-15,13495.64
ORD3654,2026-07-23,14939.52
ORD3654,2026-07-23,14939.52
ORD3655,2026-08-02,42184.57
ORD3656,2026-07-21,1530.88
ORD3657,2026-07-16,28746.75
ORD3658,2026-07-27,5878.26
ORD3659,2026-07-04,30578.06
ORD3660,2026-07-14,20316.35
ORD3661,2026-07-06,18395.73
ORD3662,2026-07-12,1068.81
ORD3663,2026-07-10,13569.49
ORD3663,2026-07-10,13569.49
ORD3664,2026-07-25,23997.38
ORD3665,2026-07-21,17153.87
ORD3666,2026-07-02,18154.86
ORD3667,2026-07-07,27173.19
ORD3667,2026-07-07,27173.19
ORD3668,2026-07-07,36781.95
ORD3669,2026-07-13,33584.6
ORD3670,2026-07-27,19488.72
ORD3671,2026-07-28,36854.78
ORD3672,2026-07-25,9833.8
ORD3672,2026-07-25,9833.8
ORD3673,2026-07-28,30879.24
ORD3674,2026-07-11,36287.44
ORD3674,2026-07-11,36287.44
ORD3675,2026-07-08,40588.67
ORD3676,2026-07-06,13192.06
ORD3677,2026-07-27,7699.85
ORD3678,2026-07-24,22728.45
ORD3680,2026-07-08,21953.44
ORD3681,2026-07-15,33462.97
ORD3682,2026-07-02,23134.65
ORD3683,2026-07-29,13689.39
ORD3684,2026-07-11,24303.64
ORD3685,2026-07-05,1419.29
ORD3686,2026-07-15,12865.66
ORD3687,2026-07-21,23114.01
ORD3688,2026-07-20,43643.01
ORD3689,2026-07-18,8063.74
ORD3690,2026-07-22,33029.08
ORD3691,2026-07-04,31852.78
ORD3692,2026-07-17,27921.34
ORD3693,2026-07-27,6250.17
ORD3694,2026-07-10,3020.8
ORD3695,2026-07-18,11929.0
ORD3696,2026-07-26,34212.0
ORD3697,2026-07-08,12142.22
ORD3698,2026-07-03,12398.8
ORD3699,2026-07-31,10623.65
ORD3700,2026-07-23,25379.98
ORD3701,2026-07-13,38401.71
ORD3702,2026-08-01,38278.7
ORD3703,2026-07-10,14001.38
ORD3704,2026-07-18,20698.8
ORD3705,2026-07-25,20642.31
ORD3706,2026-07-17,4357.05
ORD3707,2026-07-06,12101.37
ORD3708,2026-07-22,19837.13
ORD3708,2026-07-22,19837.13
ORD3709,2026-07-14,37462.13
ORD3710,2026-07-05,28164.92
ORD3711,2026-07-25,32234.52
ORD3712,2026-07-29,42976.57
ORD3713,2026-07-14,23702.01
ORD3714,2026-07-05,26148.94
ORD3715,2026-07-07,6157.31
ORD3715,2026-07-07,6157.31
ORD3717,2026-07-17,23375.52
ORD3718,2026-07-03,41232.43
ORD3719,2026-07-23,17255.2
ORD3720,2026-07-15,14512.99
ORD3721,2026-07-31,17230.67
ORD3722,2026-07-14,25449.9
ORD3723,2026-07-13,15938.37
ORD3724,2026-07-20,30718.59
ORD3725,2026-07-09,28479.36
ORD3726,2026-07-22,9920.5
ORD3727,2026-07-07,39032.94
ORD3728,2026-07-09,24609.99
ORD3729,2026-07-07,2348.34
ORD3730,2026-07-25,34532.69
ORD3731,2026-07-10,7494.49
ORD3732,2026-07-12,10261.54
ORD3733,2026-07-21,43956.64
ORD3734,2026-07-13,1674.22
ORD3735,2026-07-13,18328.85
ORD3736,2026-07-24,13943.95
ORD3737,2026-07-25,43559.07
ORD3737,2026-07-25,43559.07
ORD3738,2026-07-27,5435.1
ORD3739,2026-07-25,36764.52
ORD3740,2026-07-03,18911.34
ORD3741,2026-07-24,2776.34
ORD3742,2026-07-05,14554.27
ORD3743,2026-07-05,25752.99
ORD3744,2026-07-26,11186.43
ORD3745,2026-07-10,14529.77
ORD3746,2026-07-29,10393.36
ORD3747,2026-07-30,37547.91
ORD3749,2026-07-06,31386.91
ORD3751,2026-07-10,8656.22
ORD3752,2026-07-26,1145.48
ORD3753,2026-07-04,35127.02
ORD3754,2026-07-02,10356.94
ORD3755,2026-07-07,9750.67
ORD3756,2026-07-12,42560.52
ORD3757,2026-07-22,2099.54
ORD3758,2026-07-13,32263.87
ORD3759,2026-07-09,39945.32
ORD3759,2026-07-09,39945.32
ORD3760,2026-07-04,20063.2
ORD3761,2026-07-13,14593.81
ORD3763,2026-07-22,17368.03
ORD3764,2026-07-11,26806.94
ORD3765,2026-07-08,33875.31
ORD3766,2026-07-06,26351.21
ORD3767,2026-07-08,30969.72
ORD3768,2026-07-15,37316.77
ORD3769,2026-07-23,26193.48
ORD3770,2026-07-23,3794.95
ORD3771,2026-07-16,5051.03
ORD3772,2026-07-26,38526.31
ORD3773,2026-07-06,25496.86
ORD3773,2026-07-06,25496.86
ORD3774,2026-07-08,3717.95
ORD3775,2026-07-09,14456.25
ORD3776,2026-07-20,32230.23
ORD3777,2026-07-20,31904.86
ORD3778,2026-07-22,967.93
ORD3779,2026-07-07,5539.04
ORD3780,2026-07-26,42271.64
ORD3781,2026-07-17,20581.62
ORD3781,2026-07-17,20581.62
ORD3782,2026-07-09,18598.16
ORD3783,2026-07-11,8651.74
ORD3784,2026-07-28,32439.66
ORD3785,2026-07-21,8108.43
ORD3786,2026-07-22,16696.64
ORD3786,2026-07-22,16696.64
ORD3787,2026-07-18,18119.38
ORD3789,2026-07-12,31610.96
ORD3790,2026-07-22,3648.77
ORD3791,2026-07-15,665.05
ORD3792,2026-07-05,34075.54
ORD3793,2026-07-03,31819.57
ORD3794,2026-07-16,1522.95
ORD3795,2026-07-09,22572.78
ORD3796,2026-07-17,10673.04
ORD3797,2026-07-15,22629.26
ORD3798,2026-07-06,24304.54
ORD3799,2026-07-23,9865.31
ORD3800,2026-07-14,22244.37
ORD3801,2026-07-17,32614.06
ORD3802,2026-07-07,22000.19
ORD3803,2026-07-26,14034.54
ORD3804,2026-07-29,18841.43
ORD3805,2026-07-20,33067.5
ORD3807,2026-07-08,2590.94
ORD3808,2026-07-16,4466.7
ORD3809,2026-07-14,6959.59
ORD3810,2026-07-27,29037.05
ORD3811,2026-07-19,26655.01
ORD3812,2026-07-05,29217.4
ORD3813,2026-07-14,10392.18
ORD3814,2026-07-06,24328.39
ORD3815,2026-07-17,12635.75
ORD3816,2026-07-03,2357.16
ORD3817,2026-07-07,4635.89
ORD3818,2026-07-19,35583.98
ORD3819,2026-07-15,2952.16
ORD3820,2026-07-28,21412.2
ORD3821,2026-07-13,36909.74
ORD3822,2026-07-20,11763.06
ORD3823,2026-07-11,25994.07
ORD3824,2026-07-09,14711.94
ORD3825,2026-07-19,39138.88
ORD3826,2026-07-15,15356.04
ORD3827,2026-07-05,8497.33
ORD3828,2026-07-02,11291.15
ORD3829,2026-07-14,16107.07
ORD3830,2026-07-28,28308.66
ORD3831,2026-07-03,16093.76
ORD3832,2026-07-27,14109.73
ORD3833,2026-07-21,14242.86
ORD3834,2026-07-28,41945.53
ORD3835,2026-07-29,42427.72
ORD3836,2026-07-08,20290.91
ORD3837,2026-07-27,969.46
ORD3838,2026-07-14,36306.55
ORD3839,2026-07-28,42982.8
ORD3840,2026-07-08,5092.2
ORD3841,2026-07-14,3492.74
ORD3842,2026-07-23,4154.08
ORD3843,2026-07-29,43917.36
ORD3844,2026-07-14,29739.38
ORD3845,2026-07-24,3671.92
ORD3846,2026-07-08,10581.57
ORD3847,2026-07-02,38396.36
ORD3848,2026-07-18,27914.29
ORD3849,2026-07-30,5951.83
ORD3850,2026-07-06,22735.0
ORD3851,2026-08-03,40708.6
ORD3852,2026-07-16,35936.65
ORD3853,2026-07-27,15125.21
ORD3854,2026-07-22,250.55
ORD3855,2026-07-27,38854.42
ORD3856,2026-07-24,8522.91
ORD3857,2026-07-13,26191.24
ORD3858,2026-07-25,35739.65
ORD3860,2026-07-09,17743.82
ORD3861,2026-07-24,15340.13
ORD3862,2026-07-13,2733.8
ORD3863,2026-07-26,12288.69
ORD3864,2026-07-14,8369.84
ORD3865,2026-07-14,21197.56
ORD3866,2026-07-13,9542.14
ORD3867,2026-07-25,27783.43
ORD3868,2026-07-27,23499.91
ORD3869,2026-07-20,15351.32
ORD3870,2026-07-19,36901.47
ORD3872,2026-07-29,20526.18
ORD3873,2026-07-30,35655.95
ORD3874,2026-07-15,13884.16
ORD3875,2026-07-18,25704.36
ORD3876,2026-07-24,28666.95
ORD3877,2026-07-05,34580.34
ORD3877,2026-07-05,34580.34
ORD3878,2026-07-18,27054.4
ORD3879,2026-07-13,23044.89
ORD3880,2026-07-13,28648.86
ORD3882,2026-07-22,27499.8
ORD3883,2026-07-23,5781.83
ORD3884,2026-07-19,14200.64
ORD3885,2026-07-14,12183.21
ORD3886,2026-07-29,27932.98
ORD3887,2026-07-14,36037.8
ORD3888,2026-07-29,32077.44
ORD3889,2026-07-09,29847.94
ORD3890,2026-07-08,6348.03
ORD3891,2026-07-20,36204.86
ORD3892,2026-07-07,38247.96
ORD3893,2026-07-25,21224.58
ORD3894,2026-07-11,12333.34
ORD3895,2026-07-12,31664.83
ORD3896,2026-07-17,26668.97
ORD3897,2026-07-10,9823.95
ORD3897,2026-07-10,9823.95
ORD3898,2026-07-26,30248.43
ORD3898,2026-07-26,30248.43
ORD3899,2026-07-24,27283.24
ORD3900,2026-07-07,38898.22
ORD3901,2026-07-26,19818.48
ORD3901,2026-07-26,19818.48
ORD3902,2026-07-12,5563.45
ORD3903,2026-07-25,30941.31
ORD3904,2026-07-17,16340.44
ORD3906,2026-07-28,3654.85
ORD3907,2026-07-26,35007.51
ORD3908,2026-07-04,41063.99
ORD3909,2026-07-09,36542.24
ORD3910,2026-07-15,18520.37
ORD3912,2026-07-12,6689.19
ORD3914,2026-07-16,26598.59
ORD3915,2026-07-16,22417.32
ORD3916,2026-07-24,523.22
ORD3916,2026-07-24,523.22
ORD3917,2026-07-05,22344.98
ORD3918,2026-07-28,4370.94
ORD3918,2026-07-28,4370.94
ORD3919,2026-07-18,31402.47
ORD3920,2026-07-28,41857.23
ORD3921,2026-07-19,19853.67
ORD3922,2026-07-03,15482.77
ORD3923,2026-07-08,24601.52
ORD3924,2026-07-12,1165.38
ORD3926,2026-07-08,12736.09
ORD3927,2026-07-19,28380.43
ORD3928,2026-07-19,7239.02
ORD3929,2026-07-15,8136.68
ORD3930,2026-07-18,1869.49
ORD3931,2026-07-08,12360.01
ORD3932,2026-07-28,28120.36
ORD3934,2026-07-23,17007.42
ORD3936,2026-07-09,4538.22
ORD3937,2026-07-21,22794.62
ORD3938,2026-07-21,31455.75
ORD3939,2026-07-18,4462.7
ORD3940,2026-07-07,33387.44
ORD3941,2026-07-05,41151.42
ORD3942,2026-07-23,19394.87
ORD3943,2026-07-16,2893.35
ORD3944,2026-07-20,31203.75
ORD3945,2026-07-04,35985.13
ORD3946,2026-07-13,8393.62
ORD3947,2026-07-04,18370.68
ORD3948,2026-07-12,16056.94
ORD3949,2026-07-05,1646.4
ORD3949,2026-07-05,1646.4
ORD3950,2026-07-28,1990.9
ORD3951,2026-07-26,16821.81
ORD3952,2026-07-11,40340.95
ORD3953,2026-07-16,35180.37
ORD3954,2026-07-25,14117.02
ORD3955,2026-07-03,4126.39
ORD3956,2026-07-23,29531.91
ORD3957,2026-07-12,19069.41
ORD3958,2026-08-01,20326.45
ORD3959,2026-07-28,42066.57
ORD3960,2026-07-19,30162.82
ORD3961,2026-07-30,14527.92
ORD3963,2026-07-08,42197.69
ORD3964,2026-07-04,2964.98
ORD3965,2026-07-18,6584.52
ORD3967,2026-07-15,7320.29
ORD3968,2026-07-20,5590.91
ORD3969,2026-07-09,40905.1
ORD3970,2026-07-16,24116.84
ORD3971,2026-07-12,16488.69
ORD3972,2026-07-21,26164.35
ORD3973,2026-07-06,3223.41
ORD3974,2026-07-28,12780.77
ORD3975,2026-07-09,17367.58
ORD3976,2026-07-24,26479.34
ORD3977,2026-07-04,34343.01
ORD3978,2026-07-04,6172.42
ORD3979,2026-07-13,4810.46
ORD3980,2026-08-04,24926.37
ORD3981,2026-07-18,12032.72
ORD3982,2026-07-28,41684.93
ORD3983,2026-07-25,10298.48
ORD3984,2026-07-19,15671.82
ORD3984,2026-07-19,15671.82
ORD3985,2026-07-18,16575.71
ORD3986,2026-07-03,35109.85
ORD3987,2026-07-11,17625.27
ORD3988,2026-07-11,10206.44
ORD3989,2026-07-08,2904.34
ORD3990,2026-07-05,9353.6
ORD3991,2026-07-16,37416.66
ORD3992,2026-07-07,843.93
ORD3993,2026-07-23,43861.5
ORD3994,2026-07-03,8928.36
ORD3995,2026-07-10,31247.56
ORD3996,2026-07-12,32645.4
ORD3998,2026-07-11,26372.91
ORD3999,2026-07-18,731.89
ORD4000,2026-07-12,28315.27
ORD4001,2026-07-06,23797.6
ORD4002,2026-07-25,6194.76
ORD4003,2026-07-07,43808.98
ORD4004,2026-07-22,7450.42
ORD4004,2026-07-22,7450.42
ORD4005,2026-07-20,5057.71
ORD4007,2026-07-23,38652.85
ORD4008,2026-07-14,26082.7
ORD4009,2026-07-02,13934.9
ORD4010,2026-07-18,16468.0
ORD4011,2026-07-15,41971.57
ORD4012,2026-07-05,5295.35
ORD4013,2026-07-02,23148.57
ORD4014,2026-07-28,26113.59
ORD4015,2026-07-14,34202.95
ORD4016,2026-07-14,1550.37
ORD4016,2026-07-14,1550.37
ORD4017,2026-07-07,13628.02
ORD4018,2026-07-24,4367.15
ORD4019,2026-07-15,24293.6
ORD4020,2026-07-08,36793.35
ORD4021,2026-07-26,17048.09
ORD4022,2026-07-07,8091.54
ORD4023,2026-07-13,21482.89
ORD4024,2026-07-19,1566.32
ORD4025,2026-07-20,19583.85
ORD4026,2026-07-28,32078.22
ORD4027,2026-07-06,5984.94
ORD4028,2026-07-13,23346.34
ORD4029,2026-07-27,4031.51
ORD4030,2026-07-06,17854.67
ORD4031,2026-08-04,24341.26
ORD4032,2026-07-10,17414.99
ORD4033,2026-07-07,43199.04
ORD4034,2026-07-12,9139.27
ORD4036,2026-07-28,8936.11
ORD4037,2026-07-22,15401.82
ORD4038,2026-08-01,30983.41
ORD4039,2026-07-28,33743.57
ORD4040,2026-07-27,31962.2
ORD4041,2026-07-16,34740.62
ORD4043,2026-07-29,7961.79
ORD4044,2026-07-24,2643.27
ORD4045,2026-07-25,21781.66
ORD4046,2026-07-14,11138.52
ORD4047,2026-07-27,30216.58
ORD4048,2026-07-22,41581.81
ORD4049,2026-07-25,24769.66
ORD4049,2026-07-25,24769.66
ORD4050,2026-07-17,32991.5
ORD4051,2026-07-13,40498.15
ORD4052,2026-07-11,20472.09
ORD4052,2026-07-11,20472.09
ORD4054,2026-07-24,26298.8
ORD4054,2026-07-24,26298.8
ORD4055,2026-07-18,18777.21
ORD4056,2026-07-29,14260.93
ORD4057,2026-07-18,12597.33
ORD4057,2026-07-18,12597.33
ORD4058,2026-07-02,43736.97
ORD4059,2026-07-27,33656.88
ORD4060,2026-07-08,41456.48
ORD4061,2026-07-13,24305.84
ORD4062,2026-07-22,41070.75
ORD4063,2026-07-25,26716.28
ORD4064,2026-07-17,2007.06
ORD4065,2026-08-02,9719.06
ORD4066,2026-07-18,30816.92
ORD4067,2026-07-20,26369.01
ORD4068,2026-07-06,42040.76
ORD4069,2026-07-26,18618.71
ORD4070,2026-07-07,37572.11
ORD4071,2026-07-25,20992.04
ORD4072,2026-07-25,16753.38
ORD4073,2026-07-16,17353.48
ORD4074,2026-07-26,27146.67
ORD4075,2026-07-04,15014.56
ORD4076,2026-07-29,13769.58
ORD4077,2026-07-19,5630.04
ORD4078,2026-08-01,8472.85
ORD4079,2026-07-14,28236.55
ORD4080,2026-07-25,42788.92
ORD4081,2026-07-11,1945.07
ORD4082,2026-07-14,13879.57
ORD4083,2026-07-15,43590.34
ORD4084,2026-07-10,10203.62
ORD4085,2026-07-08,2802.07
ORD4086,2026-07-02,28024.82
ORD4087,2026-07-08,6458.69
ORD4088,2026-07-06,13356.11
ORD4089,2026-07-20,23714.64
ORD4090,2026-07-25,25666.52
ORD4091,2026-07-25,31586.84
ORD4092,2026-07-16,937.28
ORD4092,2026-07-16,937.28
ORD4093,2026-07-08,40986.16
ORD4094,2026-07-13,21625.36
ORD4095,2026-07-11,15529.56
ORD4095,2026-07-11,15529.56
ORD4096,2026-07-07,11447.06
ORD4097,2026-07-28,38686.69
ORD4098,2026-07-30,6556.97
ORD4099,2026-07-06,2987.36
ORD4100,2026-07-22,28019.6
ORD4101,2026-07-08,1517.47
ORD4102,2026-07-05,23555.24
ORD4103,2026-07-16,10915.03
ORD4104,2026-07-23,13402.53
ORD4105,2026-07-14,10615.81
ORD4106,2026-07-30,15670.31
ORD4107,2026-07-09,42247.79
ORD4108,2026-07-27,5030.54
ORD4109,2026-07-12,10793.18
ORD4110,2026-07-21,43245.69
ORD4111,2026-07-08,10347.08
ORD4113,2026-07-21,26870.37
ORD4114,2026-07-04,25770.67
ORD4115,2026-07-08,13515.23
ORD4116,2026-07-03,6323.77
ORD4117,2026-07-14,42096.28
ORD4118,2026-07-18,7099.89
ORD4119,2026-07-11,16647.1
ORD4120,2026-07-25,37370.99
ORD4121,2026-07-29,41828.98
ORD4122,2026-07-24,41892.91
ORD4123,2026-08-02,43158.92
ORD4125,2026-07-26,15967.32
ORD4126,2026-07-16,14607.04
ORD4127,2026-07-22,8444.49
ORD4128,2026-07-15,39888.09
ORD4129,2026-07-30,11358.88
ORD4130,2026-07-20,32392.98
ORD4130,2026-07-20,32392.98
ORD4131,2026-07-22,40566.18
ORD4132,2026-07-14,33664.91
ORD4134,2026-07-17,2719.3
ORD4135,2026-07-31,1648.39
ORD4136,2026-07-20,43313.73
ORD4137,2026-07-28,35970.81
ORD4137,2026-07-28,35970.81
ORD4138,2026-07-20,16468.17
ORD4139,2026-07-24,10258.96
ORD4140,2026-07-09,12596.89
ORD4141,2026-07-13,38446.3
ORD4142,2026-07-27,30850.38
ORD4143,2026-07-03,38081.46
ORD4144,2026-07-19,11749.22
ORD4145,2026-07-10,9255.99
ORD4146,2026-07-05,8483.52
ORD4147,2026-07-29,35017.5
ORD4148,2026-07-18,26458.11
ORD4149,2026-07-02,40014.26
ORD4150,2026-07-16,29455.62
ORD4151,2026-07-26,27140.93
ORD4152,2026-07-18,8211.16
ORD4153,2026-07-16,34638.85
ORD4154,2026-07-08,6407.8
ORD4155,2026-07-13,41091.38
ORD4156,2026-07-18,8536.21
ORD4157,2026-07-25,31046.62
ORD4158,2026-07-24,16722.37
ORD4159,2026-07-12,41987.06
ORD4160,2026-07-18,42500.95
ORD4161,2026-07-17,39317.44
ORD4162,2026-07-12,18020.94
ORD4163,2026-07-16,33105.64
ORD4164,2026-07-12,13734.91
ORD4164,2026-07-12,13734.91
ORD4165,2026-07-17,34665.04
ORD4166,2026-07-05,23713.75
ORD4167,2026-07-08,27461.35
ORD4168,2026-07-07,34113.55
ORD4169,2026-07-21,7449.81
ORD4170,2026-07-02,20993.17
ORD4171,2026-07-19,18402.03
ORD4172,2026-07-12,42212.79
ORD4173,2026-07-28,41185.46
ORD4174,2026-07-04,27600.06
ORD4174,2026-07-04,27600.06
ORD4175,2026-07-04,22656.48
ORD4176,2026-07-24,33206.76
ORD4177,2026-07-27,7667.13
ORD4178,2026-07-13,17907.05
ORD4179,2026-07-13,39418.95
ORD4180,2026-07-16,21138.83
ORD4180,2026-07-16,21138.83
ORD4181,2026-07-29,13161.71
ORD4182,2026-07-11,42635.13
ORD4182,2026-07-11,42635.13
ORD4183,2026-07-24,34611.77
ORD4184,2026-07-06,22674.85
ORD4185,2026-07-05,1521.87
ORD4186,2026-07-29,20451.26
ORD4187,2026-07-17,7316.84
ORD4188,2026-07-11,38360.5
ORD4189,2026-07-30,26076.41
ORD4190,2026-07-24,40326.19
ORD4191,2026-07-25,5445.96
ORD4192,2026-07-30,33143.11
ORD4193,2026-07-20,20970.69
ORD4195,2026-07-11,5020.14
ORD4196,2026-07-14,32076.8
ORD4197,2026-07-26,1928.4
ORD4198,2026-07-18,14442.18
ORD4199,2026-07-20,28309.75
ORD4200,2026-07-08,1699.33
ORD4201,2026-07-06,1043.93
ORD4202,2026-07-24,38366.16
ORD4203,2026-07-13,28943.34
ORD4204,2026-07-17,16430.62
ORD4205,2026-07-29,15482.78
ORD4206,2026-07-13,11738.66
ORD4207,2026-07-23,36864.02
ORD4208,2026-07-29,8765.75
ORD4210,2026-07-10,38214.15
ORD4211,2026-07-19,35979.48
ORD4211,2026-07-19,35979.48
ORD4212,2026-07-14,22060.53
ORD4213,2026-07-30,32673.22
ORD4214,2026-07-13,35073.27
ORD4215,2026-07-04,10450.35
ORD4216,2026-07-29,6705.19
ORD4216,2026-07-29,6705.19
ORD4217,2026-07-20,4187.05
ORD4218,2026-07-10,38266.5
ORD4219,2026-07-12,40176.07
ORD4221,2026-07-10,16365.61
ORD4222,2026-07-11,33095.42
ORD4223,2026-07-08,15699.58
ORD4224,2026-07-29,14115.25
ORD4225,2026-07-22,13887.93
ORD4226,2026-07-19,15657.88
ORD4227,2026-07-20,7344.22
ORD4228,2026-07-29,23026.3
ORD4228,2026-07-29,23026.3
ORD4229,2026-07-23,37512.09
ORD4231,2026-07-27,42917.32
ORD4232,2026-07-30,40579.97
ORD4233,2026-07-12,39078.81
ORD4234,2026-07-23,16309.03
ORD4235,2026-07-20,14267.19
ORD4236,2026-07-25,43947.64
ORD4237,2026-07-05,15072.73
ORD4238,2026-07-16,21855.94
ORD4240,2026-07-04,43043.08
ORD4241,2026-07-20,15142.84
ORD4242,2026-07-08,40941.3
ORD4243,2026-07-04,13502.21
ORD4244,2026-07-12,17519.38
ORD4245,2026-07-10,41477.58
ORD4245,2026-07-10,41477.58
ORD4246,2026-07-24,22382.01
ORD4247,2026-07-28,11739.13
ORD4248,2026-07-21,14959.91
ORD4249,2026-07-26,11993.47
ORD4250,2026-07-12,43359.45
ORD4251,2026-07-05,8733.92
ORD4253,2026-07-28,30204.39
ORD4254,2026-07-13,23039.78
ORD4254,2026-07-13,23039.78
ORD4255,2026-07-09,3074.47
ORD4256,2026-07-26,11500.97
ORD4257,2026-07-20,18315.29
ORD4258,2026-07-24,40284.65
ORD4259,2026-07-16,29432.64
ORD4260,2026-07-12,27959.48
ORD4261,2026-07-14,11584.77
ORD4262,2026-07-18,16955.18
ORD4263,2026-07-22,8275.44
ORD4264,2026-07-17,13913.4
ORD4265,2026-07-13,43002.71
ORD4266,2026-07-18,10065.7
ORD4267,2026-07-29,5770.19
ORD4268,2026-07-17,22252.97
ORD4269,2026-07-03,24667.46
ORD4270,2026-07-26,31543.64
ORD4270,2026-07-26,31543.64
ORD4271,2026-07-12,8774.31
ORD4273,2026-07-26,1447.87
ORD4274,2026-07-08,12565.2
ORD4275,2026-07-25,3936.2
ORD4276,2026-07-20,31752.27
ORD4277,2026-07-23,13134.19
ORD4278,2026-07-23,16970.72
ORD4279,2026-07-20,33816.48
ORD4281,2026-07-18,17980.35
ORD4282,2026-07-26,3890.3
ORD4283,2026-07-27,41271.51
ORD4283,2026-07-27,41271.51
ORD4284,2026-07-25,14292.81
ORD4285,2026-07-13,10078.04
ORD4286,2026-07-28,40736.77
ORD4287,2026-07-05,38465.84
ORD4288,2026-07-03,11060.41
ORD4290,2026-07-15,4705.88
ORD4290,2026-07-15,4705.88
ORD4291,2026-07-08,2034.97
ORD4293,2026-07-05,35541.74
ORD4294,2026-07-11,27203.41
ORD4295,2026-07-05,23623.74
ORD4296,2026-07-24,21109.44
ORD4297,2026-07-20,424.84
ORD4298,2026-07-29,37589.48
ORD4299,2026-07-03,33003.85
ORD4300,2026-07-26,11024.32
ORD4301,2026-07-04,8442.67
ORD4302,2026-07-05,24620.68
ORD4303,2026-07-14,1720.84
ORD4304,2026-07-20,42896.79
ORD4305,2026-07-06,1393.64
ORD4306,2026-07-27,28363.7
ORD4307,2026-07-14,40071.16
ORD4308,2026-07-27,5149.57
ORD4309,2026-07-20,1751.73
ORD4310,2026-07-12,8509.11
ORD4311,2026-07-16,9504.93
ORD4312,2026-07-17,5845.87
ORD4313,2026-07-06,3113.17
ORD4314,2026-07-08,8995.72
ORD4315,2026-08-03,32657.23
ORD4316,2026-07-14,40833.15
ORD4317,2026-07-24,10774.37
ORD4318,2026-07-07,4387.37
ORD4319,2026-07-05,7350.83
ORD4320,2026-07-12,17376.29
ORD4321,2026-07-09,33025.18
ORD4322,2026-07-25,40992.7
ORD4323,2026-07-24,29840.1
ORD4324,2026-07-26,26472.54
ORD4325,2026-07-19,14449.01
ORD4326,2026-07-18,8439.94
ORD4327,2026-07-09,15861.14
ORD4327,2026-07-09,15861.14
ORD4328,2026-07-12,26092.07
ORD4328,2026-07-12,26092.07
ORD4329,2026-07-20,40891.43
ORD4330,2026-07-04,12044.84
ORD4331,2026-07-30,16535.15
ORD4333,2026-07-20,41198.5
ORD4334,2026-07-12,18751.25
ORD4335,2026-07-29,36898.18
ORD4336,2026-07-05,3796.05
ORD4337,2026-07-25,39211.56
ORD4338,2026-07-10,25620.43
ORD4339,2026-07-24,12210.16
ORD4340,2026-07-20,20518.3
ORD4341,2026-07-11,33283.82
ORD4342,2026-07-22,13585.99
ORD4343,2026-07-26,2612.91
ORD4344,2026-07-15,20612.24
ORD4345,2026-07-05,31975.37
ORD4346,2026-07-15,1675.92
ORD4347,2026-07-29,34334.94
ORD4347,2026-07-29,34334.94
ORD4348,2026-07-30,35112.27
ORD4350,2026-07-18,8164.9
ORD4351,2026-07-04,6297.01
ORD4352,2026-08-02,14619.3
ORD4353,2026-07-22,22806.93
ORD4354,2026-07-14,31010.84
ORD4355,2026-07-25,34438.13
ORD4356,2026-07-05,37073.21
ORD4357,2026-07-19,15618.72
ORD4358,2026-07-15,35688.49
ORD4359,2026-07-04,10658.7
ORD4360,2026-07-23,28722.48
ORD4361,2026-07-07,32163.16
ORD4362,2026-07-14,8970.84
ORD4363,2026-07-17,35930.25
ORD4365,2026-07-25,37826.42
ORD4366,2026-07-25,35772.84
ORD4367,2026-07-28,25991.07
ORD4368,2026-07-06,29756.57
ORD4369,2026-07-18,13004.8
ORD4370,2026-07-25,40019.4
ORD4371,2026-07-29,5591.22
ORD4372,2026-07-24,19234.21
ORD4373,2026-07-10,29353.84
ORD4374,2026-07-26,8489.29
ORD4375,2026-07-15,19972.55
ORD4376,2026-07-12,22682.29
ORD4377,2026-07-08,24282.55
ORD4378,2026-07-23,29470.05
ORD4379,2026-07-28,26859.06
ORD4380,2026-07-18,6091.77
ORD4381,2026-07-26,14263.76
ORD4383,2026-07-03,17569.46
ORD4384,2026-07-19,7935.54
ORD4385,2026-07-25,15694.74
ORD4386,2026-07-15,36567.53
ORD4387,2026-07-28,29114.74
ORD4388,2026-07-24,26813.99
ORD4389,2026-07-09,19462.91
ORD4390,2026-07-06,24502.06
ORD4391,2026-07-03,34413.43
ORD4392,2026-07-17,40378.84
ORD4393,2026-07-16,33712.19
ORD4394,2026-07-17,24942.59
ORD4395,2026-07-20,7028.9
ORD4396,2026-07-11,12583.54
ORD4397,2026-07-10,6329.12
ORD4398,2026-07-14,1985.09
ORD4399,2026-07-23,35008.02
ORD4400,2026-07-28,4938.94
ORD4401,2026-07-14,29489.17
ORD4402,2026-07-13,12901.95
ORD4404,2026-07-17,9562.94
ORD4405,2026-07-05,29403.17
ORD4406,2026-07-11,3742.25
ORD4407,2026-07-09,14795.43
ORD4408,2026-07-13,6062.72
ORD4408,2026-07-13,6062.72
ORD4409,2026-07-24,34871.16
ORD4410,2026-07-28,31616.6
ORD4411,2026-07-25,11526.41
ORD4412,2026-07-22,4168.59
ORD4413,2026-07-13,2781.8
ORD4414,2026-07-24,4932.82
ORD4415,2026-07-23,26850.26
ORD4416,2026-07-06,35563.8
ORD4417,2026-07-08,39743.3
ORD4418,2026-07-10,5699.11
ORD4418,2026-07-10,5699.11
ORD4421,2026-07-14,38333.08
ORD4422,2026-07-30,16959.03
ORD4422,2026-07-30,16959.03
ORD4423,2026-07-09,42673.17
ORD4424,2026-07-26,27208.28
ORD4425,2026-07-29,41214.18
ORD4426,2026-07-12,34577.23
ORD4426,2026-07-12,34577.23
ORD4427,2026-07-21,17649.43
ORD4428,2026-07-03,8391.7
ORD4428,2026-07-03,8391.7
ORD4429,2026-07-23,32890.6
ORD4430,2026-07-03,24453.87
ORD4431,2026-07-13,22244.28
ORD4432,2026-07-04,13073.87
ORD4433,2026-07-10,41149.81
ORD4434,2026-07-23,1058.53
ORD4435,2026-07-28,40536.43
ORD4436,2026-07-25,34880.67
ORD4437,2026-07-03,9210.78
ORD4437,2026-07-03,9210.78
ORD4438,2026-07-12,30660.84
ORD4439,2026-07-08,12796.28
ORD4440,2026-07-30,30085.15
ORD4441,2026-07-24,11241.14
ORD4442,2026-07-29,36559.9
ORD4444,2026-07-11,2203.14
ORD4445,2026-07-22,15787.62
ORD4446,2026-07-14,38421.31
ORD4447,2026-07-22,16218.38
ORD4448,2026-07-10,11610.52
ORD4449,2026-07-23,12637.21
ORD4450,2026-07-09,16248.75
ORD4451,2026-07-18,10250.14
ORD4451,2026-07-18,10250.14
ORD4452,2026-07-06,35749.62
ORD4453,2026-07-26,25944.95
ORD4454,2026-07-25,23428.49
ORD4455,2026-07-11,40904.33
ORD4455,2026-07-11,40904.33
ORD4456,2026-07-11,5348.8
ORD4457,2026-07-27,2432.78
ORD4458,2026-07-27,26543.84
ORD4458,2026-07-27,26543.84
ORD4459,2026-07-29,41509.6
ORD4460,2026-07-14,11240.63
ORD4461,2026-07-24,30046.12
ORD4462,2026-07-09,9690.16
ORD4463,2026-07-03,19447.06
ORD4464,2026-07-05,23625.05
ORD4465,2026-07-10,13583.16
ORD4466,2026-07-16,15654.8
ORD4467,2026-07-06,9071.46
ORD4468,2026-07-26,13748.85
ORD4469,2026-07-07,22981.56
ORD4470,2026-07-08,37203.47
ORD4471,2026-07-21,2832.51
ORD4471,2026-07-21,2832.51
ORD4472,2026-07-13,12499.41
ORD4473,2026-07-21,16498.04
ORD4474,2026-07-29,11606.15
ORD4475,2026-07-27,44066.43
ORD4476,2026-07-16,12002.87
ORD4477,2026-07-11,43198.3
ORD4478,2026-07-07,30853.02
ORD4479,2026-07-16,28849.7
ORD4480,2026-07-22,17486.17
ORD4481,2026-07-05,10007.86
ORD4482,2026-07-30,34860.02
ORD4483,2026-07-28,38176.36
ORD4483,2026-07-28,38176.36
ORD4484,2026-07-25,10703.97
ORD4485,2026-07-03,8541.39
ORD4486,2026-07-25,6968.31
ORD4487,2026-07-15,21393.21
ORD4488,2026-07-22,33262.47
ORD4490,2026-07-24,22399.89
ORD4492,2026-07-14,1440.57
ORD4493,2026-07-22,33909.11
ORD4494,2026-07-09,18776.43
ORD4495,2026-07-19,35133.06
ORD4496,2026-07-15,21227.32
ORD4497,2026-07-04,10484.48
ORD4498,2026-07-13,35581.11
ORD4498,2026-07-13,35581.11
ORD4499,2026-07-17,15899.54
ORD4500,2026-07-19,14623.41
ORD4501,2026-07-25,39280.65
ORD4502,2026-07-13,31865.83
ORD4503,2026-07-13,18008.27
ORD4504,2026-07-14,5036.06
ORD4505,2026-07-16,5251.07
ORD4506,2026-07-21,10466.11
ORD4507,2026-07-29,39213.67
ORD4508,2026-07-12,1643.96
ORD4509,2026-07-02,13583.06
ORD4510,2026-07-17,35535.91
ORD4510,2026-07-17,35535.91
ORD4511,2026-07-20,8633.25
ORD4512,2026-07-12,11148.76
ORD4515,2026-07-03,43682.79
ORD4516,2026-07-23,37651.91
ORD4517,2026-07-29,22031.13
ORD4518,2026-07-21,8662.67
ORD4519,2026-07-02,12565.97
ORD4520,2026-07-19,38801.28
ORD4521,2026-07-11,38996.95
ORD4522,2026-07-23,40522.02
ORD4523,2026-07-08,32173.56
ORD4524,2026-07-17,26516.27
ORD4525,2026-07-26,35348.3
ORD4527,2026-07-31,23786.17
ORD4528,2026-07-25,27834.56
ORD4529,2026-07-10,16511.16
ORD4530,2026-07-03,3984.58
ORD4531,2026-07-26,21605.03
ORD4531,2026-07-26,21605.03
ORD4532,2026-07-22,11434.68
ORD4533,2026-07-19,24271.59
ORD4534,2026-07-11,13662.15
ORD4535,2026-07-15,7847.09
ORD4537,2026-07-13,24764.66
ORD4538,2026-07-28,5702.94
ORD4539,2026-07-06,32110.11
ORD4540,2026-07-30,28389.25
ORD4541,2026-07-23,5211.71
ORD4542,2026-07-18,13951.77
ORD4544,2026-07-17,24100.8
ORD4545,2026-07-27,17632.71
ORD4546,2026-07-19,11581.09
ORD4547,2026-07-21,9478.67
ORD4548,2026-07-15,27397.33
ORD4549,2026-07-06,37849.76
ORD4550,2026-07-10,41380.12
ORD4551,2026-07-24,24364.98
ORD4552,2026-07-14,19708.91
ORD4553,2026-07-13,15241.69
ORD4554,2026-07-17,22455.75
ORD4555,2026-07-12,24683.93
ORD4556,2026-07-18,31189.19
ORD4557,2026-07-05,43508.91
ORD4558,2026-07-08,2503.21
ORD4559,2026-07-18,27761.86
ORD4560,2026-07-16,27687.19
ORD4561,2026-07-14,27186.06
ORD4562,2026-07-10,36269.76
ORD4563,2026-07-04,13800.13
ORD4564,2026-07-14,27884.6
ORD4565,2026-07-16,37529.6
ORD4566,2026-07-15,10939.54
ORD4567,2026-07-24,9123.11
ORD4567,2026-07-24,9123.11
ORD4568,2026-07-19,32333.42
ORD4569,2026-07-17,34344.42
ORD4570,2026-07-04,26692.59
ORD4571,2026-08-04,9577.52
ORD4572,2026-07-06,30133.13
ORD4572,2026-07-06,30133.13
ORD4573,2026-07-08,19297.73
ORD4574,2026-07-06,31660.96
ORD4575,2026-07-18,12720.99
ORD4576,2026-07-18,19029.85
ORD4577,2026-07-14,31103.94
ORD4578,2026-07-07,9262.63
ORD4579,2026-07-25,8884.09
ORD4580,2026-07-11,25645.04
ORD4581,2026-07-19,10640.09
ORD4582,2026-07-06,37820.75
ORD4583,2026-07-30,22267.32
ORD4584,2026-07-25,13683.35
ORD4585,2026-07-04,13907.95
ORD4586,2026-07-25,9947.44
ORD4587,2026-07-23,32776.39
ORD4588,2026-07-05,2818.41
ORD4589,2026-07-15,41505.76
ORD4590,2026-07-16,32725.56
ORD4591,2026-07-22,35684.57
ORD4592,2026-07-13,21496.84
ORD4593,2026-07-10,34179.67
ORD4594,2026-07-14,18326.34
ORD4596,2026-07-24,22271.86
ORD4597,2026-07-07,33087.45
ORD4597,2026-07-07,33087.45
ORD4598,2026-07-17,30456.44
ORD4599,2026-07-27,27251.7
ORD4600,2026-07-06,3471.76
ORD4601,2026-07-19,24807.37
ORD4602,2026-07-12,35933.98
ORD4603,2026-07-10,5750.72
ORD4604,2026-07-07,17782.79
ORD4605,2026-07-08,17956.86
ORD4606,2026-07-28,36738.33
ORD4607,2026-07-24,18402.84
ORD4608,2026-07-07,41784.74
ORD4610,2026-07-09,14207.3
ORD4611,2026-07-25,28823.02
ORD4612,2026-07-22,19878.81
ORD4613,2026-07-04,24035.34
ORD4614,2026-07-14,40738.98
ORD4615,2026-07-14,20802.3
ORD4616,2026-07-23,31387.68
ORD4616,2026-07-23,31387.68
ORD4617,2026-07-05,28219.7
ORD4618,2026-07-16,15028.55
ORD4619,2026-07-11,15161.5
ORD4620,2026-07-27,12167.55
ORD4621,2026-07-19,38642.48
ORD4622,2026-07-18,29004.48
ORD4623,2026-07-22,36812.85
ORD4624,2026-07-05,35363.68
ORD4625,2026-07-04,34157.71
ORD4626,2026-07-19,25120.33
ORD4627,2026-07-08,1970.92
ORD4628,2026-07-21,9939.7
ORD4629,2026-07-08,1968.14
ORD4630,2026-07-17,4118.92
ORD4631,2026-07-08,11148.35
ORD4632,2026-07-11,32385.3
ORD4633,2026-07-08,8418.91
ORD4634,2026-07-08,33273.04
ORD4635,2026-07-05,6504.93
ORD4636,2026-07-19,23204.14
ORD4637,2026-07-07,7794.59
ORD4638,2026-07-23,18352.04
ORD4639,2026-07-06,9735.32
ORD4640,2026-07-06,41688.1
ORD4641,2026-07-15,13387.3
ORD4642,2026-07-27,26531.7
ORD4643,2026-07-27,32608.94
ORD4643,2026-07-27,32608.94
ORD4644,2026-07-29,13073.03
ORD4645,2026-08-01,18125.47
ORD4646,2026-07-13,26434.39
ORD4648,2026-07-17,36549.8
ORD4649,2026-07-10,38585.54
ORD4650,2026-07-09,4111.1
ORD4651,2026-07-08,40466.44
ORD4652,2026-07-13,1621.26
ORD4653,2026-07-07,10813.05
ORD4653,2026-07-07,10813.05
ORD4654,2026-07-26,37377.16
ORD4655,2026-07-21,36409.72
ORD4656,2026-07-18,39058.19
ORD4657,2026-07-10,35798.16
ORD4658,2026-07-08,7613.69
ORD4659,2026-07-15,32528.89
ORD4659,2026-07-15,32528.89
ORD4660,2026-07-10,25666.26
ORD4661,2026-07-14,23294.43
ORD4661,2026-07-14,23294.43
ORD4662,2026-07-16,16855.06
ORD4663,2026-07-16,14174.78
ORD4664,2026-07-08,20852.62
ORD4665,2026-07-20,12913.82
ORD4668,2026-07-03,33701.13
ORD4669,2026-07-05,19215.64
ORD4669,2026-07-05,19215.64
ORD4670,2026-07-24,8067.74
ORD4671,2026-07-10,9423.44
ORD4671,2026-07-10,9423.44
ORD4672,2026-07-11,31043.85
ORD4673,2026-07-08,6922.24
ORD4674,2026-07-14,12800.33
ORD4675,2026-07-11,13246.79
ORD4676,2026-07-26,9713.33
ORD4677,2026-07-07,33474.99
ORD4678,2026-07-16,43794.28
ORD4679,2026-07-03,39953.27
ORD4679,2026-07-03,39953.27
ORD4680,2026-07-27,13734.49
ORD4681,2026-07-07,5358.6
ORD4682,2026-07-29,13210.1
ORD4683,2026-07-20,6909.44
ORD4684,2026-07-30,25152.86
ORD4685,2026-07-25,19361.93
ORD4686,2026-07-14,33128.48
ORD4687,2026-07-06,34236.09
ORD4688,2026-07-22,8972.64
ORD4689,2026-07-21,17527.86
ORD4690,2026-07-06,24416.41
ORD4690,2026-07-06,24416.41
ORD4691,2026-07-24,5687.88
ORD4692,2026-07-25,9593.17
ORD4693,2026-07-08,29716.21
ORD4694,2026-07-04,1529.69
ORD4695,2026-07-19,15205.62
ORD4696,2026-07-24,15561.15
ORD4697,2026-07-17,1211.36
ORD4698,2026-07-21,36677.62
ORD4699,2026-07-05,5362.15
ORD4700,2026-07-29,22799.96
ORD4701,2026-07-06,9374.36
ORD4701,2026-07-06,9374.36
ORD4702,2026-07-05,33638.34
ORD4703,2026-07-17,34476.37
ORD4704,2026-07-10,37339.62
ORD4705,2026-07-09,17625.46
ORD4706,2026-07-13,39697.0
ORD4707,2026-07-17,7834.45
ORD4708,2026-07-21,43995.13
ORD4709,2026-07-20,21562.53
ORD4710,2026-07-28,18943.04
ORD4711,2026-07-11,20264.44
ORD4711,2026-07-11,20264.44
ORD4712,2026-07-12,14545.71
ORD4713,2026-08-02,40041.58
ORD4714,2026-07-12,32040.61
ORD4715,2026-07-09,27951.27
ORD4716,2026-07-16,23295.27
ORD4717,2026-07-22,6115.3
ORD4718,2026-07-06,14934.06
ORD4719,2026-07-09,9990.87
ORD4720,2026-07-08,18867.74
ORD4721,2026-07-15,38554.13
ORD4722,2026-07-13,19751.35
ORD4723,2026-07-27,18660.14
ORD4724,2026-08-01,32153.55
ORD4725,2026-07-03,6799.05
ORD4726,2026-07-25,10136.41
ORD4727,2026-07-04,7148.1
ORD4727,2026-07-04,7148.1
ORD4728,2026-07-26,332.89
ORD4729,2026-07-06,34531.96
ORD4730,2026-07-21,23038.76
ORD4731,2026-07-26,3985.44
ORD4732,2026-07-13,24952.22
ORD4733,2026-07-02,28791.55
ORD4734,2026-07-29,3384.38
ORD4735,2026-07-09,2350.54
ORD4736,2026-07-04,38027.32
ORD4737,2026-07-10,16806.99
ORD4738,2026-07-28,31859.17
ORD4739,2026-07-29,7757.77
ORD4740,2026-07-03,37525.43
ORD4741,2026-07-22,24685.97
ORD4742,2026-07-21,15709.95
ORD4743,2026-07-06,35656.0
ORD4744,2026-07-26,3365.01
ORD4745,2026-07-16,21267.83
ORD4746,2026-07-08,21112.28
ORD4747,2026-07-04,43306.02
ORD4748,2026-07-27,19731.78
ORD4749,2026-07-18,10053.13
ORD4750,2026-07-28,43341.0
ORD4751,2026-07-26,20230.32
ORD4752,2026-07-13,27335.3
ORD4753,2026-07-14,572.75
ORD4754,2026-07-28,23661.72
ORD4755,2026-07-27,43081.36
ORD4756,2026-07-05,17872.46
ORD4758,2026-07-26,28444.3
ORD4759,2026-07-27,37969.9
ORD4760,2026-07-20,6735.92
ORD4761,2026-07-11,8564.92
ORD4762,2026-07-25,28621.96
ORD4763,2026-07-24,36037.91
ORD4763,2026-07-24,36037.91
ORD4764,2026-07-09,3581.47
ORD4765,2026-07-10,3606.69
ORD4766,2026-07-12,30996.75
ORD4767,2026-07-03,42245.5
ORD4768,2026-07-13,20401.75
ORD4769,2026-07-26,39443.44
ORD4770,2026-07-03,7376.89
ORD4771,2026-07-26,8767.5
ORD4772,2026-07-11,25649.84
ORD4773,2026-07-11,9741.84
ORD4774,2026-07-12,42184.59
ORD4776,2026-07-17,9252.06
ORD4777,2026-07-23,40808.03
ORD4778,2026-07-17,32030.46
ORD4779,2026-07-15,13436.15
ORD4780,2026-07-05,29215.09
ORD4781,2026-07-05,21412.91
ORD4782,2026-07-26,19573.42
ORD4783,2026-07-07,4357.7
ORD4785,2026-07-09,36918.88
ORD4786,2026-07-07,27144.54
ORD4787,2026-07-29,11848.11
ORD4787,2026-07-29,11848.11
ORD4788,2026-07-07,22160.1
ORD4789,2026-07-21,14600.37
ORD4790,2026-07-17,43569.53
ORD4791,2026-07-22,25223.88
ORD4792,2026-07-19,14269.32
ORD4793,2026-07-17,35425.3
ORD4794,2026-07-19,1910.66
ORD4796,2026-07-12,29599.23
ORD4797,2026-07-04,3510.05
ORD4798,2026-07-17,28297.93
ORD4799,2026-07-29,5240.61
ORD4800,2026-07-08,23877.9
ORD4801,2026-07-30,35597.88
ORD4802,2026-07-02,6205.8
ORD4803,2026-07-12,43711.72
ORD4803,2026-07-12,43711.72
ORD4804,2026-07-20,4134.0
ORD4805,2026-07-13,27223.74
ORD4806,2026-07-28,13522.14
ORD4807,2026-07-23,8232.17
ORD4808,2026-07-15,41093.86
ORD4809,2026-07-03,14694.3
ORD4810,2026-07-24,36524.8
ORD4810,2026-07-24,36524.8
ORD4811,2026-07-16,21900.74
ORD4812,2026-07-13,30449.79
ORD4813,2026-07-20,19114.78
ORD4815,2026-07-26,30868.7
ORD4816,2026-07-21,32266.86
ORD4817,2026-07-21,6679.4
ORD4818,2026-07-28,3449.03
ORD4820,2026-07-18,33159.68
ORD4821,2026-07-13,9493.87
ORD4822,2026-07-25,29014.44
ORD4823,2026-07-07,29216.59
ORD4825,2026-07-21,24786.51
ORD4826,2026-07-13,13336.23
ORD4827,2026-07-16,22810.47
ORD4828,2026-07-17,22493.81
ORD4829,2026-07-23,38586.03
ORD4830,2026-07-28,41364.15
ORD4831,2026-07-29,5620.73
ORD4832,2026-07-04,37350.68
ORD4833,2026-07-14,4278.38
ORD4834,2026-07-27,32565.41
ORD4835,2026-07-23,8714.35
ORD4836,2026-07-12,26660.41
ORD4837,2026-07-11,19765.68
ORD4838,2026-07-19,25409.23
ORD4839,2026-07-08,17973.33
ORD4840,2026-07-07,43643.01
ORD4841,2026-07-02,30053.65
ORD4842,2026-07-08,41696.69
ORD4843,2026-07-18,1833.25
ORD4844,2026-07-13,27953.92
ORD4845,2026-07-11,42161.74
ORD4846,2026-07-17,21758.43
ORD4848,2026-07-12,43963.44
ORD4849,2026-07-18,31954.94
ORD4850,2026-07-07,3534.86
ORD4851,2026-07-23,2224.65
ORD4852,2026-07-19,31175.21
ORD4853,2026-07-25,3419.09
ORD4854,2026-07-07,15356.72
ORD4855,2026-07-07,35414.43
ORD4855,2026-07-07,35414.43
ORD4856,2026-07-03,17396.53
ORD4857,2026-07-10,38339.78
ORD4858,2026-07-23,26291.2
ORD4859,2026-07-15,1575.03
ORD4860,2026-07-30,13574.42
ORD4861,2026-07-28,25998.95
ORD4862,2026-07-09,24942.04
ORD4863,2026-07-06,41070.33
ORD4864,2026-07-26,37939.59
ORD4866,2026-07-03,27117.58
ORD4867,2026-07-06,5302.04
ORD4869,2026-07-14,34390.73
ORD4871,2026-07-30,36054.08
ORD4872,2026-07-17,9659.98
ORD4873,2026-07-24,14104.3
ORD4874,2026-07-27,18524.39
ORD4875,2026-07-24,41878.77
ORD4876,2026-07-05,9768.12
ORD4877,2026-07-20,1179.76
ORD4878,2026-07-07,4739.63
ORD4879,2026-07-12,31673.21
ORD4880,2026-07-27,2055.98
ORD4881,2026-07-11,41196.05
ORD4882,2026-07-07,15324.37
ORD4883,2026-07-25,12000.33
ORD4886,2026-07-23,18411.71
ORD4887,2026-07-19,15249.68
ORD4887,2026-07-19,15249.68
ORD4888,2026-07-23,5304.77
ORD4889,2026-07-12,23552.89
ORD4889,2026-07-12,23552.89
ORD4890,2026-07-10,12149.65
ORD4891,2026-07-13,4828.8
ORD4892,2026-07-19,42415.12
ORD4893,2026-07-27,5217.98
ORD4894,2026-07-12,5464.28
ORD4895,2026-07-04,8517.42
ORD4896,2026-07-27,32670.82
ORD4897,2026-07-25,23227.08
ORD4898,2026-07-06,31733.19
ORD4899,2026-07-15,2152.72
ORD4900,2026-07-11,1694.94
ORD4901,2026-07-06,42530.98
ORD4902,2026-07-04,8180.73
ORD4902,2026-07-04,8180.73
ORD4903,2026-07-06,25348.99
ORD4904,2026-07-23,33140.85
ORD4905,2026-07-11,24259.34
ORD4906,2026-07-24,13104.67
ORD4907,2026-07-05,42790.73
ORD4908,2026-07-27,35387.67
ORD4909,2026-07-03,14737.67
ORD4910,2026-07-03,13203.49
ORD4911,2026-07-22,22285.16
ORD4912,2026-07-04,10069.13
ORD4913,2026-07-19,42774.51
ORD4914,2026-07-28,22371.58
ORD4915,2026-07-18,37941.06
ORD4915,2026-07-18,37941.06
ORD4916,2026-07-13,31807.42
ORD4916,2026-07-13,31807.42
ORD4917,2026-07-24,41874.58
ORD4918,2026-07-06,1145.69
ORD4919,2026-07-03,6671.38
ORD4920,2026-07-21,18568.15
ORD4921,2026-07-04,911.8
ORD4922,2026-07-03,43026.67
ORD4923,2026-07-27,18625.98
ORD4924,2026-07-12,27936.62
ORD4925,2026-07-20,20778.26
ORD4926,2026-07-22,19109.75
ORD4927,2026-07-09,25984.86
ORD4928,2026-07-16,1185.89
ORD4929,2026-07-08,837.82
ORD4930,2026-07-23,16962.07
ORD4931,2026-07-14,41405.73
ORD4932,2026-07-11,29854.56
ORD4933,2026-07-17,43338.53
ORD4934,2026-07-10,32325.93
ORD4936,2026-07-20,7440.02
ORD4937,2026-07-21,25744.75
ORD4939,2026-07-12,9538.31
ORD4939,2026-07-12,9538.31
ORD4940,2026-07-11,23198.3
ORD4941,2026-07-29,25420.99
ORD4942,2026-07-12,41518.66
ORD4943,2026-07-14,27185.48
ORD4943,2026-07-14,27185.48
ORD4944,2026-07-20,32262.37
ORD4945,2026-07-13,40819.18
ORD4945,2026-07-13,40819.18
ORD4946,2026-07-19,24430.67
ORD4947,2026-07-25,3597.37
ORD4948,2026-07-17,8041.75
ORD4949,2026-07-27,3625.25
ORD4950,2026-07-15,34680.11
ORD4951,2026-07-20,15130.35
ORD4952,2026-07-09,42140.97
ORD4953,2026-07-06,35632.48
ORD4954,2026-07-28,16774.23
ORD4955,2026-07-13,29818.27
ORD4956,2026-07-24,12291.84
ORD4957,2026-07-17,36832.98
ORD4959,2026-07-13,6445.96
ORD4960,2026-07-06,22702.7
ORD4960,2026-07-06,22702.7
ORD4961,2026-07-23,1497.26
ORD4962,2026-07-05,38256.04
ORD4963,2026-07-20,26749.87
ORD4964,2026-07-09,38985.33
ORD4965,2026-07-12,19846.35
ORD4966,2026-07-04,17194.01
ORD4967,2026-07-23,19404.3
ORD4970,2026-07-09,10561.45
ORD4971,2026-07-17,41019.93
ORD4972,2026-07-28,4392.87
ORD4974,2026-07-18,24114.98
ORD4975,2026-07-12,33173.2
ORD4976,2026-07-17,12745.65
ORD4977,2026-07-03,15410.36
ORD4977,2026-07-03,15410.36
ORD4978,2026-07-02,29115.41
ORD4979,2026-07-25,10518.72
ORD4980,2026-07-28,5802.19
ORD4981,2026-07-14,13387.87
ORD4982,2026-07-21,11766.48
ORD4983,2026-07-03,8852.2
ORD4984,2026-07-12,18266.71
ORD4985,2026-07-05,17046.8
ORD4986,2026-07-12,34449.58
ORD4988,2026-07-05,24399.18
ORD4990,2026-07-15,3620.02
ORD4991,2026-07-21,15741.13
ORD4992,2026-07-26,18311.4
ORD4993,2026-07-16,12821.88
ORD4994,2026-07-09,34063.29
ORD4996,2026-07-25,34359.44
ORD4997,2026-07-04,2350.78
ORD4998,2026-07-13,36583.24
ORD4999,2026-07-17,13783.26
