order_id,true_cause,ledger_amount,settlement_net,bank_credit,refund_amount
ORD1000,clean,27671.78,27118.34,27118.34,0.0
ORD1001,clean,17895.79,17537.87,17537.87,0.0
ORD1002,tds_deduction,4583.45,4490.86,4490.86,0.0
ORD1003,clean,43411.91,42543.67,42543.67,0.0
ORD1004,timing_lag,3522.97,3452.51,3452.51,0.0
ORD1005,clean,32967.12,32307.78,32307.78,0.0
ORD1006,clean,16586.79,16255.05,16255.05,0.0
ORD1007,timing_lag,22469.34,22019.95,22019.95,0.0
ORD1008,clean,40545.38,39734.47,39734.47,0.0
ORD1009,clean,18697.97,18324.01,18324.01,0.0
ORD1010,clean,39573.9,38782.42,38782.42,0.0
ORD1011,clean,37536.74,36786.01,36786.01,0.0
ORD1012,clean,35410.17,34701.97,34701.97,0.0
ORD1013,duplicate_credit,16108.51,15786.34,15786.34,0.0
ORD1014,clean,936.34,917.61,917.61,0.0
ORD1015,clean,7532.58,7381.93,7381.93,0.0
ORD1016,tds_deduction,2531.7,2480.56,2480.56,0.0
ORD1017,refund_partial,44230.22,43345.62,23368.01,19977.61
ORD1018,fee_variance,26473.08,25811.25,25811.25,0.0
ORD1019,clean,12440.54,12191.73,12191.73,0.0
ORD1020,refund_partial,24627.07,24134.53,15741.73,8392.8
ORD1021,clean,11698.25,11464.28,11464.28,0.0
ORD1022,duplicate_credit,30011.67,29411.44,29411.44,0.0
ORD1023,clean,34355.48,33668.37,33668.37,0.0
ORD1024,clean,9129.85,8947.25,8947.25,0.0
ORD1025,clean,16758.05,16422.89,16422.89,0.0
ORD1026,clean,835.5,818.79,818.79,0.0
ORD1027,duplicate_entry,16935.96,16597.24,16597.24,0.0
ORD1028,clean,20006.33,19606.2,19606.2,0.0
ORD1029,fee_variance,25210.78,24454.46,24454.46,0.0
ORD1030,tds_deduction,22080.82,21634.78,21634.78,0.0
ORD1031,clean,20091.83,19689.99,19689.99,0.0
ORD1032,fee_variance,12341.01,12155.89,12155.89,0.0
ORD1033,clean,25188.06,24684.3,24684.3,0.0
ORD1034,clean,33617.87,32945.51,32945.51,0.0
ORD1035,clean,42494.37,41644.48,41644.48,0.0
ORD1036,tds_deduction,23708.69,23229.78,23229.78,0.0
ORD1037,clean,5016.74,4916.41,4916.41,0.0
ORD1038,clean,41622.18,40789.74,40789.74,0.0
ORD1039,fee_variance,36399.68,35853.68,35853.68,0.0
ORD1040,clean,30000.58,29400.57,29400.57,0.0
ORD1041,clean,31804.58,31168.49,31168.49,0.0
ORD1042,duplicate_entry,8508.79,8338.61,8338.61,0.0
ORD1043,rounding,21428.51,20999.94,21000.54,0.0
ORD1044,clean,27419.32,26870.93,26870.93,0.0
ORD1045,fee_variance,36261.77,35355.23,35355.23,0.0
ORD1046,timing_lag,40671.01,39857.59,39857.59,0.0
ORD1047,duplicate_credit,20902.54,20484.49,20484.49,0.0
ORD1048,rounding,38329.04,37562.46,37562.16,0.0
ORD1049,clean,9023.12,8842.66,8842.66,0.0
ORD1050,refund_partial,18388.64,18020.87,11822.27,6198.6
ORD1051,clean,10872.99,10655.53,10655.53,0.0
ORD1052,clean,38470.43,37701.02,37701.02,0.0
ORD1053,rounding,40817.35,40001.0,40000.7,0.0
ORD1054,clean,44981.39,44081.76,44081.76,0.0
ORD1055,timing_lag,43884.68,43006.99,43006.99,0.0
ORD1056,clean,15770.82,15455.4,15455.4,0.0
ORD1057,tds_deduction,7712.43,7556.64,7556.64,0.0
ORD1058,duplicate_entry,36621.85,35889.41,35889.41,0.0
ORD1059,fee_variance,24879.89,24257.89,24257.89,0.0
ORD1060,duplicate_credit,25513.59,25003.32,25003.32,0.0
ORD1061,clean,41011.39,40191.16,40191.16,0.0
ORD1062,rounding,14794.22,14498.34,14498.04,0.0
ORD1063,fee_variance,7953.82,7754.97,7754.97,0.0
ORD1064,fee_variance,29945.86,29047.48,29047.48,0.0
ORD1065,clean,2795.79,2739.87,2739.87,0.0
ORD1066,duplicate_credit,3638.79,3566.01,3566.01,0.0
ORD1067,refund_partial,3763.73,3688.46,1760.06,1928.4
ORD1068,timing_lag,31903.13,31265.07,31265.07,0.0
ORD1069,tds_deduction,29786.45,29184.76,29184.76,0.0
ORD1070,clean,3882.96,3805.3,3805.3,0.0
ORD1071,rounding,38745.35,37970.44,37971.04,0.0
ORD1072,tds_deduction,43055.44,42185.72,42185.72,0.0
ORD1073,refund_partial,33486.97,32817.23,17431.08,15386.15
ORD1074,duplicate_credit,41445.38,40616.47,40616.47,0.0
ORD1075,clean,30668.25,30054.88,30054.88,0.0
ORD1076,clean,35463.24,34753.98,34753.98,0.0
ORD1077,tds_deduction,43126.78,42255.61,42255.61,0.0
ORD1078,clean,43290.8,42424.98,42424.98,0.0
ORD1079,clean,32015.73,31375.42,31375.42,0.0
ORD1080,clean,16738.37,16403.6,16403.6,0.0
ORD1081,clean,5532.82,5422.16,5422.16,0.0
ORD1082,clean,27911.22,27353.0,27353.0,0.0
ORD1083,duplicate_entry,20708.41,20294.24,20294.24,0.0
ORD1084,clean,31847.38,31210.43,31210.43,0.0
ORD1085,clean,36605.9,35873.78,35873.78,0.0
ORD1086,clean,16951.94,16612.9,16612.9,0.0
ORD1087,duplicate_credit,11561.44,11330.21,11330.21,0.0
ORD1088,clean,38337.56,37570.81,37570.81,0.0
ORD1089,clean,3380.53,3312.92,3312.92,0.0
ORD1090,fee_variance,40420.26,39409.75,39409.75,0.0
ORD1091,missing_settlement,3617.28,,,0.0
ORD1092,duplicate_credit,31466.94,30837.6,30837.6,0.0
ORD1093,duplicate_credit,8266.83,8101.49,8101.49,0.0
ORD1094,clean,5583.13,5471.47,5471.47,0.0
ORD1095,clean,21409.24,20981.06,20981.06,0.0
ORD1096,clean,13483.74,13214.07,13214.07,0.0
ORD1097,missing_settlement,2946.63,,,0.0
ORD1098,refund_partial,12317.29,12070.94,6293.17,5777.77
ORD1099,clean,6363.54,6236.27,6236.27,0.0
ORD1100,clean,22384.72,21937.03,21937.03,0.0
ORD1101,clean,7349.5,7202.51,7202.51,0.0
ORD1102,clean,32406.97,31758.83,31758.83,0.0
ORD1103,timing_lag,3710.91,3636.69,3636.69,0.0
ORD1104,fee_variance,7275.12,7165.99,7165.99,0.0
ORD1105,clean,4652.85,4559.79,4559.79,0.0
ORD1106,clean,1085.1,1063.4,1063.4,0.0
ORD1107,clean,28711.25,28137.02,28137.02,0.0
ORD1108,clean,19344.69,18957.8,18957.8,0.0
ORD1109,fee_variance,3040.13,2994.53,2994.53,0.0
ORD1110,refund_partial,13440.86,13172.04,5786.09,7385.95
ORD1111,rounding,44388.04,43500.28,43499.98,0.0
ORD1112,timing_lag,10570.86,10359.44,10359.44,0.0
ORD1113,tds_deduction,23769.46,23289.32,23289.32,0.0
ORD1114,tds_deduction,27609.94,27052.22,27052.22,0.0
ORD1115,clean,14963.85,14664.57,14664.57,0.0
ORD1116,missing_settlement,41959.13,,,0.0
ORD1117,duplicate_entry,9298.0,9112.04,9112.04,0.0
ORD1118,duplicate_credit,32376.34,31728.81,31728.81,0.0
ORD1119,duplicate_entry,3834.79,3758.09,3758.09,0.0
ORD1120,clean,22016.98,21576.64,21576.64,0.0
ORD1121,clean,14661.7,14368.47,14368.47,0.0
ORD1122,clean,31879.87,31242.27,31242.27,0.0
ORD1123,tds_deduction,41776.83,40932.93,40932.93,0.0
ORD1124,clean,34727.1,34032.56,34032.56,0.0
ORD1125,clean,2163.29,2120.02,2120.02,0.0
ORD1126,clean,30940.65,30321.84,30321.84,0.0
ORD1127,clean,3550.03,3479.03,3479.03,0.0
ORD1128,clean,4313.68,4227.41,4227.41,0.0
ORD1129,clean,43376.77,42509.23,42509.23,0.0
ORD1130,clean,40986.78,40167.04,40167.04,0.0
ORD1131,clean,3643.45,3570.58,3570.58,0.0
ORD1132,clean,11164.63,10941.34,10941.34,0.0
ORD1133,clean,15542.44,15231.59,15231.59,0.0
ORD1134,clean,43742.86,42868.0,42868.0,0.0
ORD1135,duplicate_credit,42461.49,41612.26,41612.26,0.0
ORD1136,fee_variance,43059.69,41767.9,41767.9,0.0
ORD1137,clean,9483.03,9293.37,9293.37,0.0
ORD1138,clean,5261.51,5156.28,5156.28,0.0
ORD1139,clean,11532.58,11301.93,11301.93,0.0
ORD1140,clean,44580.31,43688.7,43688.7,0.0
ORD1141,clean,8190.07,8026.27,8026.27,0.0
ORD1142,duplicate_credit,19119.64,18737.25,18737.25,0.0
ORD1143,refund_partial,15799.39,15483.4,6816.42,8666.98
ORD1144,timing_lag,10642.55,10429.7,10429.7,0.0
ORD1145,timing_lag,17171.89,16828.45,16828.45,0.0
ORD1146,clean,5405.77,5297.65,5297.65,0.0
ORD1147,clean,18770.46,18395.05,18395.05,0.0
ORD1148,clean,8128.36,7965.79,7965.79,0.0
ORD1149,clean,22952.43,22493.38,22493.38,0.0
ORD1150,duplicate_credit,37866.76,37109.42,37109.42,0.0
ORD1151,clean,32239.75,31594.96,31594.96,0.0
ORD1152,clean,8183.3,8019.63,8019.63,0.0
ORD1153,refund_partial,42252.16,41407.12,19981.55,21425.57
ORD1154,timing_lag,24875.74,24378.23,24378.23,0.0
ORD1155,clean,21049.73,20628.74,20628.74,0.0
ORD1156,timing_lag,11595.84,11363.92,11363.92,0.0
ORD1157,clean,40685.31,39871.6,39871.6,0.0
ORD1158,timing_lag,3644.09,3571.21,3571.21,0.0
ORD1159,refund_partial,38765.83,37990.51,18198.99,19791.52
ORD1160,duplicate_credit,14289.74,14003.95,14003.95,0.0
ORD1161,rounding,33151.25,32488.23,32487.73,0.0
ORD1162,clean,26643.19,26110.33,26110.33,0.0
ORD1163,clean,20353.06,19946.0,19946.0,0.0
ORD1164,clean,9774.73,9579.24,9579.24,0.0
ORD1165,duplicate_entry,31467.76,30838.4,30838.4,0.0
ORD1166,timing_lag,26793.76,26257.88,26257.88,0.0
ORD1167,duplicate_entry,44943.32,44044.45,44044.45,0.0
ORD1168,clean,23426.26,22957.73,22957.73,0.0
ORD1169,clean,35828.85,35112.27,35112.27,0.0
ORD1170,duplicate_entry,39798.39,39002.42,39002.42,0.0
ORD1171,refund_partial,28844.07,28267.19,20332.88,7934.31
ORD1172,duplicate_credit,44627.38,43734.83,43734.83,0.0
ORD1173,duplicate_entry,24835.63,24338.92,24338.92,0.0
ORD1174,duplicate_credit,39271.58,38486.15,38486.15,0.0
ORD1175,rounding,1280.87,1255.25,1254.75,0.0
ORD1176,clean,9729.03,9534.45,9534.45,0.0
ORD1177,timing_lag,21076.94,20655.4,20655.4,0.0
ORD1178,clean,28582.67,28011.02,28011.02,0.0
ORD1179,clean,27293.99,26748.11,26748.11,0.0
ORD1180,clean,19202.05,18818.01,18818.01,0.0
ORD1181,clean,4609.9,4517.7,4517.7,0.0
ORD1182,clean,7861.6,7704.37,7704.37,0.0
ORD1183,rounding,23492.25,23022.4,23022.1,0.0
ORD1184,refund_partial,9488.87,9299.09,4790.57,4508.52
ORD1185,clean,10104.77,9902.67,9902.67,0.0
ORD1186,missing_settlement,42513.66,,,0.0
ORD1187,refund_partial,3598.76,3526.78,2370.09,1156.69
ORD1188,refund_partial,28922.56,28344.11,18046.63,10297.48
ORD1189,clean,11407.73,11179.58,11179.58,0.0
ORD1190,clean,39182.86,38399.2,38399.2,0.0
ORD1191,clean,14296.71,14010.78,14010.78,0.0
ORD1192,clean,6843.42,6706.55,6706.55,0.0
ORD1193,clean,13677.95,13404.39,13404.39,0.0
ORD1194,tds_deduction,20072.25,19666.8,19666.8,0.0
ORD1195,missing_settlement,21478.52,,,0.0
ORD1196,duplicate_credit,23150.03,22687.03,22687.03,0.0
ORD1197,timing_lag,3761.35,3686.12,3686.12,0.0
ORD1198,tds_deduction,16257.09,15928.7,15928.7,0.0
ORD1199,duplicate_entry,31870.8,31233.38,31233.38,0.0
ORD1200,clean,38963.17,38183.91,38183.91,0.0
ORD1201,tds_deduction,38302.7,37528.99,37528.99,0.0
ORD1202,missing_settlement,28532.92,,,0.0
ORD1203,duplicate_entry,13770.91,13495.49,13495.49,0.0
ORD1204,rounding,16780.25,16444.64,16444.34,0.0
ORD1205,timing_lag,36147.02,35424.08,35424.08,0.0
ORD1206,clean,5636.08,5523.36,5523.36,0.0
ORD1207,duplicate_entry,21843.12,21406.26,21406.26,0.0
ORD1208,clean,23705.34,23231.23,23231.23,0.0
ORD1209,duplicate_entry,24172.65,23689.2,23689.2,0.0
ORD1210,refund_partial,15301.64,14995.61,11895.97,3099.64
ORD1211,clean,17752.98,17397.92,17397.92,0.0
ORD1212,clean,40161.45,39358.22,39358.22,0.0
ORD1213,refund_partial,42298.42,41452.45,31906.41,9546.04
ORD1214,rounding,3146.73,3083.8,3084.2,0.0
ORD1215,clean,10257.69,10052.54,10052.54,0.0
ORD1216,clean,33137.16,32474.42,32474.42,0.0
ORD1217,clean,25012.25,24512.0,24512.0,0.0
ORD1218,missing_settlement,37769.99,,,0.0
ORD1219,duplicate_entry,33000.63,32340.62,32340.62,0.0
ORD1220,clean,39345.27,38558.36,38558.36,0.0
ORD1221,duplicate_credit,2195.29,2151.38,2151.38,0.0
ORD1222,refund_partial,2236.04,2191.32,1654.59,536.73
ORD1223,tds_deduction,5266.52,5160.14,5160.14,0.0
ORD1224,clean,42382.99,41535.33,41535.33,0.0
ORD1225,fee_variance,44065.89,42743.91,42743.91,0.0
ORD1226,clean,11772.43,11536.98,11536.98,0.0
ORD1227,clean,44772.75,43877.29,43877.29,0.0
ORD1228,refund_partial,40230.45,39425.84,24514.51,14911.33
ORD1229,tds_deduction,30791.44,30169.45,30169.45,0.0
ORD1230,timing_lag,35695.72,34981.81,34981.81,0.0
ORD1231,missing_settlement,27244.96,,,0.0
ORD1232,clean,42479.36,41629.77,41629.77,0.0
ORD1233,duplicate_credit,8289.54,8123.75,8123.75,0.0
ORD1234,duplicate_credit,29253.08,28668.02,28668.02,0.0
ORD1235,clean,36014.7,35294.41,35294.41,0.0
ORD1236,clean,17433.32,17084.65,17084.65,0.0
ORD1237,clean,43019.81,42159.41,42159.41,0.0
ORD1238,clean,8993.4,8813.53,8813.53,0.0
ORD1239,fee_variance,31116.42,30338.51,30338.51,0.0
ORD1240,clean,26025.67,25505.16,25505.16,0.0
ORD1241,clean,38701.38,37927.35,37927.35,0.0
ORD1242,clean,34184.21,33500.53,33500.53,0.0
ORD1243,missing_settlement,4176.39,,,0.0
ORD1244,clean,23088.23,22626.47,22626.47,0.0
ORD1245,clean,35080.1,34378.5,34378.5,0.0
ORD1246,fee_variance,39504.81,38517.19,38517.19,0.0
ORD1247,missing_settlement,32999.47,,,0.0
ORD1248,clean,22476.6,22027.07,22027.07,0.0
ORD1249,missing_settlement,29617.09,,,0.0
ORD1250,timing_lag,41437.48,40608.73,40608.73,0.0
ORD1251,timing_lag,29116.67,28534.34,28534.34,0.0
ORD1252,timing_lag,2561.7,2510.47,2510.47,0.0
ORD1253,clean,44478.69,43589.12,43589.12,0.0
ORD1254,clean,28840.26,28263.45,28263.45,0.0
ORD1255,clean,36764.38,36029.09,36029.09,0.0
ORD1256,clean,1637.74,1604.99,1604.99,0.0
ORD1257,duplicate_entry,21172.8,20749.34,20749.34,0.0
ORD1258,clean,13449.51,13180.52,13180.52,0.0
ORD1259,timing_lag,36753.88,36018.8,36018.8,0.0
ORD1260,rounding,7808.87,7652.69,7652.39,0.0
ORD1261,fee_variance,12050.64,11869.88,11869.88,0.0
ORD1262,clean,13936.3,13657.57,13657.57,0.0
ORD1263,timing_lag,28296.37,27730.44,27730.44,0.0
ORD1264,fee_variance,41161.76,39926.91,39926.91,0.0
ORD1265,duplicate_entry,29539.92,28949.12,28949.12,0.0
ORD1266,clean,7642.15,7489.31,7489.31,0.0
ORD1267,fee_variance,40080.02,38877.62,38877.62,0.0
ORD1268,clean,42028.5,41187.93,41187.93,0.0
ORD1269,clean,22638.05,22185.29,22185.29,0.0
ORD1270,duplicate_entry,39930.47,39131.86,39131.86,0.0
ORD1271,timing_lag,44183.62,43299.95,43299.95,0.0
ORD1272,fee_variance,17634.14,17193.29,17193.29,0.0
ORD1273,duplicate_entry,1775.54,1740.03,1740.03,0.0
ORD1274,missing_settlement,43076.2,,,0.0
ORD1275,clean,35119.82,34417.42,34417.42,0.0
ORD1276,fee_variance,9301.61,9162.09,9162.09,0.0
ORD1277,timing_lag,8973.72,8794.25,8794.25,0.0
ORD1278,timing_lag,937.93,919.17,919.17,0.0
ORD1279,rounding,37739.2,36984.42,36983.92,0.0
ORD1280,clean,30680.49,30066.88,30066.88,0.0
ORD1281,timing_lag,43883.93,43006.25,43006.25,0.0
ORD1282,timing_lag,31344.46,30717.57,30717.57,0.0
ORD1283,refund_partial,26732.98,26198.32,14953.05,11245.27
ORD1284,rounding,40824.14,40007.66,40007.36,0.0
ORD1285,duplicate_credit,12401.62,12153.59,12153.59,0.0
ORD1286,refund_partial,43505.04,42634.94,32960.54,9674.4
ORD1287,clean,31546.8,30915.86,30915.86,0.0
ORD1288,fee_variance,33708.09,32696.85,32696.85,0.0
ORD1289,refund_partial,39251.34,38466.31,15479.78,22986.53
ORD1290,duplicate_credit,28236.38,27671.65,27671.65,0.0
ORD1291,clean,32809.98,32153.78,32153.78,0.0
ORD1292,clean,11850.58,11613.57,11613.57,0.0
ORD1293,clean,7249.24,7104.26,7104.26,0.0
ORD1294,clean,14263.17,13977.91,13977.91,0.0
ORD1295,clean,21118.12,20695.76,20695.76,0.0
ORD1296,clean,19308.5,18922.33,18922.33,0.0
ORD1297,tds_deduction,40343.26,39528.32,39528.32,0.0
ORD1298,duplicate_entry,4619.95,4527.55,4527.55,0.0
ORD1299,missing_settlement,15430.63,,,0.0
ORD1300,clean,44669.36,43775.97,43775.97,0.0
ORD1301,rounding,11128.35,10905.78,10905.48,0.0
ORD1302,tds_deduction,12061.1,11817.47,11817.47,0.0
ORD1303,clean,29372.93,28785.47,28785.47,0.0
ORD1304,missing_settlement,23291.37,,,0.0
ORD1305,refund_partial,7384.06,7236.38,4850.42,2385.96
ORD1306,clean,31926.07,31287.55,31287.55,0.0
ORD1307,refund_partial,2521.01,2470.59,1167.36,1303.23
ORD1308,clean,3098.24,3036.28,3036.28,0.0
ORD1309,timing_lag,2625.86,2573.34,2573.34,0.0
ORD1310,refund_partial,10687.11,10473.37,7293.82,3179.55
ORD1311,duplicate_credit,4569.89,4478.49,4478.49,0.0
ORD1312,clean,10411.26,10203.03,10203.03,0.0
ORD1313,clean,18653.87,18280.79,18280.79,0.0
ORD1314,timing_lag,15406.1,15097.98,15097.98,0.0
ORD1315,clean,18333.68,17967.01,17967.01,0.0
ORD1316,clean,4275.06,4189.56,4189.56,0.0
ORD1317,clean,41437.73,40608.98,40608.98,0.0
ORD1318,rounding,30779.93,30164.33,30163.83,0.0
ORD1319,clean,41658.93,40825.75,40825.75,0.0
ORD1320,fee_variance,42058.14,41427.27,41427.27,0.0
ORD1321,clean,22023.59,21583.12,21583.12,0.0
ORD1322,clean,8725.33,8550.82,8550.82,0.0
ORD1323,clean,36178.45,35454.88,35454.88,0.0
ORD1324,tds_deduction,26443.51,25909.35,25909.35,0.0
ORD1325,timing_lag,31448.61,30819.64,30819.64,0.0
ORD1326,clean,44028.06,43147.5,43147.5,0.0
ORD1327,refund_partial,6375.05,6247.55,2837.08,3410.47
ORD1328,duplicate_entry,40872.73,40055.28,40055.28,0.0
ORD1329,refund_partial,36445.87,35716.95,28521.81,7195.14
ORD1330,clean,39397.66,38609.71,38609.71,0.0
ORD1331,clean,14664.94,14371.64,14371.64,0.0
ORD1332,clean,23583.85,23112.17,23112.17,0.0
ORD1333,duplicate_entry,17129.67,16787.08,16787.08,0.0
ORD1334,clean,12845.06,12588.16,12588.16,0.0
ORD1335,clean,1495.96,1466.04,1466.04,0.0
ORD1336,clean,24166.34,23683.01,23683.01,0.0
ORD1337,missing_settlement,28462.93,,,0.0
ORD1338,duplicate_credit,21697.62,21263.67,21263.67,0.0
ORD1339,clean,13422.66,13154.21,13154.21,0.0
ORD1340,clean,11927.5,11688.95,11688.95,0.0
ORD1341,missing_settlement,20615.35,,,0.0
ORD1342,fee_variance,16496.04,16248.6,16248.6,0.0
ORD1343,rounding,19731.72,19337.09,19336.59,0.0
ORD1344,clean,24904.37,24406.28,24406.28,0.0
ORD1345,clean,1940.14,1901.34,1901.34,0.0
ORD1346,rounding,35884.98,35167.28,35167.88,0.0
ORD1347,clean,32524.37,31873.88,31873.88,0.0
ORD1348,clean,16932.21,16593.57,16593.57,0.0
ORD1349,missing_settlement,32186.65,,,0.0
ORD1350,tds_deduction,43123.92,42252.82,42252.82,0.0
ORD1351,duplicate_entry,14475.07,14185.57,14185.57,0.0
ORD1352,clean,13001.49,12741.46,12741.46,0.0
ORD1353,duplicate_credit,38399.39,37631.4,37631.4,0.0
ORD1354,clean,9057.43,8876.28,8876.28,0.0
ORD1355,duplicate_credit,40674.13,39860.65,39860.65,0.0
ORD1356,clean,44482.66,43593.01,43593.01,0.0
ORD1357,clean,8770.3,8594.89,8594.89,0.0
ORD1358,fee_variance,34375.52,33963.01,33963.01,0.0
ORD1359,missing_settlement,32386.21,,,0.0
ORD1360,clean,30508.19,29898.03,29898.03,0.0
ORD1361,clean,9408.46,9220.29,9220.29,0.0
ORD1362,timing_lag,26576.78,26045.24,26045.24,0.0
ORD1363,clean,14977.39,14677.84,14677.84,0.0
ORD1364,clean,11062.88,10841.62,10841.62,0.0
ORD1365,clean,41224.15,40399.67,40399.67,0.0
ORD1366,clean,15270.92,14965.5,14965.5,0.0
ORD1367,clean,38617.87,37845.51,37845.51,0.0
ORD1368,clean,11205.07,10980.97,10980.97,0.0
ORD1369,clean,21387.64,20959.89,20959.89,0.0
ORD1370,duplicate_entry,2919.85,2861.45,2861.45,0.0
ORD1371,clean,27156.51,26613.38,26613.38,0.0
ORD1372,timing_lag,43052.95,42191.89,42191.89,0.0
ORD1373,clean,33994.48,33314.59,33314.59,0.0
ORD1374,clean,21052.58,20631.53,20631.53,0.0
ORD1375,clean,4660.96,4567.74,4567.74,0.0
ORD1376,clean,713.85,699.57,699.57,0.0
ORD1377,clean,41400.7,40572.69,40572.69,0.0
ORD1378,rounding,8030.58,7869.97,7869.47,0.0
ORD1379,fee_variance,13415.95,13214.71,13214.71,0.0
ORD1380,clean,16420.96,16092.54,16092.54,0.0
ORD1381,timing_lag,34385.26,33697.55,33697.55,0.0
ORD1382,missing_settlement,44298.64,,,0.0
ORD1383,clean,30492.79,29882.93,29882.93,0.0
ORD1384,duplicate_credit,19074.76,18693.26,18693.26,0.0
ORD1385,clean,663.12,649.86,649.86,0.0
ORD1386,timing_lag,18562.38,18191.13,18191.13,0.0
ORD1387,duplicate_credit,37520.06,36769.66,36769.66,0.0
ORD1388,clean,17260.71,16915.5,16915.5,0.0
ORD1389,timing_lag,2376.88,2329.34,2329.34,0.0
ORD1390,rounding,8198.13,8034.17,8034.57,0.0
ORD1391,refund_partial,29183.08,28599.42,15344.65,13254.77
ORD1392,clean,14472.43,14182.98,14182.98,0.0
ORD1393,duplicate_credit,22010.38,21570.17,21570.17,0.0
ORD1394,rounding,14236.02,13951.3,13951.9,0.0
ORD1395,tds_deduction,37441.7,36685.38,36685.38,0.0
ORD1396,clean,20457.13,20047.99,20047.99,0.0
ORD1397,clean,42128.56,41285.99,41285.99,0.0
ORD1398,clean,42059.02,41217.84,41217.84,0.0
ORD1399,clean,36384.95,35657.25,35657.25,0.0
ORD1400,clean,42754.18,41899.1,41899.1,0.0
ORD1401,rounding,40116.83,39314.49,39315.09,0.0
ORD1402,clean,11120.18,10897.78,10897.78,0.0
ORD1403,clean,40486.02,39676.3,39676.3,0.0
ORD1404,clean,15477.5,15167.95,15167.95,0.0
ORD1405,duplicate_credit,28274.69,27709.2,27709.2,0.0
ORD1406,duplicate_credit,31704.91,31070.81,31070.81,0.0
ORD1407,tds_deduction,40789.52,39965.57,39965.57,0.0
ORD1408,clean,35913.3,35195.03,35195.03,0.0
ORD1409,clean,3121.59,3059.16,3059.16,0.0
ORD1410,clean,4571.18,4479.76,4479.76,0.0
ORD1411,clean,31619.62,30987.23,30987.23,0.0
ORD1412,clean,36383.44,35655.77,35655.77,0.0
ORD1413,clean,12548.44,12297.47,12297.47,0.0
ORD1414,clean,31428.91,30800.33,30800.33,0.0
ORD1415,refund_partial,4726.34,4631.81,2850.42,1781.39
ORD1416,refund_partial,22806.56,22350.43,14293.5,8056.93
ORD1417,fee_variance,15960.83,15721.42,15721.42,0.0
ORD1418,clean,41375.18,40547.68,40547.68,0.0
ORD1419,refund_partial,42650.93,41797.91,23890.24,17907.67
ORD1420,clean,12234.02,11989.34,11989.34,0.0
ORD1421,clean,13044.56,12783.67,12783.67,0.0
ORD1422,clean,36433.0,35704.34,35704.34,0.0
ORD1423,clean,37466.74,36717.41,36717.41,0.0
ORD1424,timing_lag,30414.15,29805.87,29805.87,0.0
ORD1425,timing_lag,37632.35,36879.7,36879.7,0.0
ORD1426,clean,18831.52,18454.89,18454.89,0.0
ORD1427,timing_lag,10342.94,10136.08,10136.08,0.0
ORD1428,clean,4939.28,4840.49,4840.49,0.0
ORD1429,clean,26594.2,26062.32,26062.32,0.0
ORD1430,clean,22914.89,22456.59,22456.59,0.0
ORD1431,clean,9366.13,9178.81,9178.81,0.0
ORD1432,clean,19872.8,19475.34,19475.34,0.0
ORD1433,clean,8151.99,7988.95,7988.95,0.0
ORD1434,clean,21857.33,21420.18,21420.18,0.0
ORD1435,clean,14161.9,13878.66,13878.66,0.0
ORD1436,fee_variance,37831.89,37264.41,37264.41,0.0
ORD1437,timing_lag,4240.86,4156.04,4156.04,0.0
ORD1438,rounding,8616.36,8444.03,8444.63,0.0
ORD1439,tds_deduction,17033.8,16689.71,16689.71,0.0
ORD1440,rounding,10444.08,10235.2,10235.6,0.0
ORD1441,missing_settlement,5312.23,,,0.0
ORD1442,clean,9801.06,9605.04,9605.04,0.0
ORD1443,clean,17775.6,17420.09,17420.09,0.0
ORD1444,refund_partial,14404.9,14116.8,7471.84,6644.96
ORD1445,clean,34702.41,34008.36,34008.36,0.0
ORD1446,rounding,37344.14,36597.26,36596.76,0.0
ORD1447,tds_deduction,10099.01,9895.01,9895.01,0.0
ORD1448,clean,30982.23,30362.59,30362.59,0.0
ORD1449,duplicate_credit,12020.08,11779.68,11779.68,0.0
ORD1450,missing_settlement,9072.13,,,0.0
ORD1451,tds_deduction,32215.25,31564.5,31564.5,0.0
ORD1452,rounding,17992.23,17632.39,17631.89,0.0
ORD1453,duplicate_entry,20152.27,19749.22,19749.22,0.0
ORD1454,clean,3520.97,3450.55,3450.55,0.0
ORD1455,timing_lag,2416.14,2367.82,2367.82,0.0
ORD1456,timing_lag,4580.62,4489.01,4489.01,0.0
ORD1457,duplicate_credit,32719.99,32065.59,32065.59,0.0
ORD1458,duplicate_entry,18075.48,17713.97,17713.97,0.0
ORD1459,duplicate_credit,5741.73,5626.9,5626.9,0.0
ORD1460,fee_variance,43542.28,42236.01,42236.01,0.0
ORD1461,missing_settlement,17413.13,,,0.0
ORD1462,tds_deduction,29258.27,28667.25,28667.25,0.0
ORD1463,rounding,34111.45,33429.22,33428.72,0.0
ORD1464,clean,20478.76,20069.18,20069.18,0.0
ORD1465,clean,17844.25,17487.37,17487.37,0.0
ORD1466,clean,27346.57,26799.64,26799.64,0.0
ORD1467,clean,42262.99,41417.73,41417.73,0.0
ORD1468,clean,1241.37,1216.54,1216.54,0.0
ORD1469,duplicate_credit,20273.28,19867.81,19867.81,0.0
ORD1470,fee_variance,34446.45,33413.06,33413.06,0.0
ORD1471,tds_deduction,23022.55,22557.5,22557.5,0.0
ORD1472,tds_deduction,6135.62,6011.68,6011.68,0.0
ORD1473,tds_deduction,1705.73,1671.28,1671.28,0.0
ORD1474,timing_lag,4126.39,4043.86,4043.86,0.0
ORD1475,clean,13388.01,13120.25,13120.25,0.0
ORD1476,duplicate_entry,26575.84,26044.32,26044.32,0.0
ORD1477,rounding,33527.62,32857.07,32857.47,0.0
ORD1478,timing_lag,3098.85,3036.87,3036.87,0.0
ORD1479,timing_lag,25960.36,25441.15,25441.15,0.0
ORD1480,tds_deduction,8805.79,8627.91,8627.91,0.0
ORD1481,clean,20808.7,20392.53,20392.53,0.0
ORD1482,rounding,12729.25,12474.66,12474.16,0.0
ORD1483,clean,23478.15,23008.59,23008.59,0.0
ORD1484,clean,5614.61,5502.32,5502.32,0.0
ORD1485,clean,14208.95,13924.77,13924.77,0.0
ORD1486,rounding,12684.53,12430.84,12431.44,0.0
ORD1487,clean,42602.91,41750.85,41750.85,0.0
ORD1488,rounding,29321.6,28735.17,28735.57,0.0
ORD1489,refund_partial,31806.6,31170.47,16335.23,14835.24
ORD1490,timing_lag,18264.53,17899.24,17899.24,0.0
ORD1491,clean,36147.56,35424.61,35424.61,0.0
ORD1492,timing_lag,29400.67,28812.66,28812.66,0.0
ORD1493,tds_deduction,17901.17,17539.57,17539.57,0.0
ORD1494,duplicate_entry,30162.07,29558.83,29558.83,0.0
ORD1495,tds_deduction,25844.28,25322.22,25322.22,0.0
ORD1496,tds_deduction,17878.27,17517.12,17517.12,0.0
ORD1497,clean,21218.39,20794.02,20794.02,0.0
ORD1498,clean,33551.19,32880.17,32880.17,0.0
ORD1499,clean,12411.09,12162.87,12162.87,0.0
ORD1500,rounding,14405.55,14117.44,14117.14,0.0
ORD1501,clean,4442.17,4353.33,4353.33,0.0
ORD1502,fee_variance,15477.11,15244.95,15244.95,0.0
ORD1503,clean,25014.93,24514.63,24514.63,0.0
ORD1504,clean,4155.22,4072.12,4072.12,0.0
ORD1505,clean,42737.7,41882.95,41882.95,0.0
ORD1506,tds_deduction,1062.34,1040.88,1040.88,0.0
ORD1507,rounding,43236.3,42371.57,42371.97,0.0
ORD1508,tds_deduction,1580.99,1549.05,1549.05,0.0
ORD1509,clean,19168.26,18784.89,18784.89,0.0
ORD1510,timing_lag,20454.12,20045.04,20045.04,0.0
ORD1511,timing_lag,44530.48,43639.87,43639.87,0.0
ORD1512,timing_lag,7017.94,6877.58,6877.58,0.0
ORD1513,clean,15884.58,15566.89,15566.89,0.0
ORD1514,missing_settlement,32019.38,,,0.0
ORD1515,clean,36654.52,35921.43,35921.43,0.0
ORD1516,refund_partial,17014.14,16673.86,11116.22,5557.64
ORD1517,missing_settlement,33592.39,,,0.0
ORD1518,clean,35115.58,34413.27,34413.27,0.0
ORD1519,clean,21285.64,20859.93,20859.93,0.0
ORD1520,duplicate_credit,28074.69,27513.2,27513.2,0.0
ORD1521,refund_partial,30924.02,30305.54,22598.94,7706.6
ORD1522,clean,30201.72,29597.69,29597.69,0.0
ORD1523,clean,20330.29,19923.68,19923.68,0.0
ORD1524,clean,43745.1,42870.2,42870.2,0.0
ORD1525,refund_partial,3493.21,3423.35,1528.57,1894.78
ORD1526,clean,18836.64,18459.91,18459.91,0.0
ORD1527,fee_variance,38314.65,37739.93,37739.93,0.0
ORD1528,clean,14065.35,13784.04,13784.04,0.0
ORD1529,timing_lag,3048.51,2987.54,2987.54,0.0
ORD1530,refund_partial,27503.29,26953.22,19174.37,7778.85
ORD1531,clean,1693.97,1660.09,1660.09,0.0
ORD1532,duplicate_credit,37725.16,36970.66,36970.66,0.0
ORD1533,timing_lag,4891.43,4793.6,4793.6,0.0
ORD1534,missing_settlement,28449.0,,,0.0
ORD1535,rounding,24632.3,24139.65,24140.25,0.0
ORD1536,clean,18495.33,18125.42,18125.42,0.0
ORD1537,missing_settlement,19734.98,,,0.0
ORD1538,timing_lag,33062.32,32401.07,32401.07,0.0
ORD1539,clean,39592.91,38801.05,38801.05,0.0
ORD1540,clean,21617.55,21185.2,21185.2,0.0
ORD1541,timing_lag,21349.69,20922.7,20922.7,0.0
ORD1542,clean,14157.79,13874.63,13874.63,0.0
ORD1543,clean,36054.25,35333.16,35333.16,0.0
ORD1544,clean,39782.64,38986.99,38986.99,0.0
ORD1545,clean,28724.31,28149.82,28149.82,0.0
ORD1546,clean,13383.49,13115.82,13115.82,0.0
ORD1547,duplicate_credit,32081.84,31440.2,31440.2,0.0
ORD1548,clean,41011.03,40190.81,40190.81,0.0
ORD1549,rounding,33107.37,32445.22,32444.92,0.0
ORD1550,duplicate_credit,35174.21,34470.73,34470.73,0.0
ORD1551,clean,23463.24,22993.98,22993.98,0.0
ORD1552,missing_settlement,36251.67,,,0.0
ORD1553,rounding,1328.38,1301.81,1301.31,0.0
ORD1554,missing_settlement,7761.12,,,0.0
ORD1555,clean,24877.87,24380.31,24380.31,0.0
ORD1556,clean,3664.28,3590.99,3590.99,0.0
ORD1557,clean,24609.5,24117.31,24117.31,0.0
ORD1558,refund_partial,36165.78,35442.46,21446.97,13995.49
ORD1559,fee_variance,37024.76,36099.14,36099.14,0.0
ORD1560,clean,40655.88,39842.76,39842.76,0.0
ORD1561,clean,40476.03,39666.51,39666.51,0.0
ORD1562,clean,23714.0,23239.72,23239.72,0.0
ORD1563,clean,14452.37,14163.32,14163.32,0.0
ORD1564,clean,30603.25,29991.18,29991.18,0.0
ORD1565,duplicate_credit,11698.32,11464.35,11464.35,0.0
ORD1566,clean,27852.06,27295.02,27295.02,0.0
ORD1567,missing_settlement,31413.26,,,0.0
ORD1568,clean,35139.03,34436.25,34436.25,0.0
ORD1569,clean,4868.42,4771.05,4771.05,0.0
ORD1570,timing_lag,36782.3,36046.65,36046.65,0.0
ORD1571,clean,16030.66,15710.05,15710.05,0.0
ORD1572,clean,3766.9,3691.56,3691.56,0.0
ORD1573,refund_partial,18354.82,17987.72,11125.61,6862.11
ORD1574,missing_settlement,39374.21,,,0.0
ORD1575,duplicate_entry,1883.05,1845.39,1845.39,0.0
ORD1576,tds_deduction,26653.47,26115.07,26115.07,0.0
ORD1577,missing_settlement,20695.37,,,0.0
ORD1578,refund_partial,3481.85,3412.21,2331.25,1080.96
ORD1579,fee_variance,10029.68,9778.94,9778.94,0.0
ORD1580,rounding,38948.85,38169.87,38170.47,0.0
ORD1581,clean,41511.79,40681.55,40681.55,0.0
ORD1582,rounding,25723.92,25209.44,25210.04,0.0
ORD1583,clean,18080.16,17718.56,17718.56,0.0
ORD1584,rounding,19743.7,19348.83,19349.43,0.0
ORD1585,tds_deduction,37854.99,37090.32,37090.32,0.0
ORD1586,clean,5996.34,5876.41,5876.41,0.0
ORD1587,clean,7442.5,7293.65,7293.65,0.0
ORD1588,missing_settlement,14939.81,,,0.0
ORD1589,clean,40813.52,39997.25,39997.25,0.0
ORD1590,timing_lag,41488.4,40658.63,40658.63,0.0
ORD1591,clean,44594.69,43702.8,43702.8,0.0
ORD1592,clean,24363.11,23875.85,23875.85,0.0
ORD1593,rounding,39392.55,38604.7,38605.3,0.0
ORD1594,refund_partial,32915.68,32257.37,17587.49,14669.88
ORD1595,clean,14302.5,14016.45,14016.45,0.0
ORD1596,tds_deduction,26154.33,25626.01,25626.01,0.0
ORD1597,clean,17817.04,17460.7,17460.7,0.0
ORD1598,fee_variance,23588.8,22999.08,22999.08,0.0
ORD1599,clean,19105.63,18723.52,18723.52,0.0
ORD1600,clean,26798.38,26262.41,26262.41,0.0
ORD1601,clean,11626.46,11393.93,11393.93,0.0
ORD1602,clean,20359.32,19952.13,19952.13,0.0
ORD1603,missing_settlement,2889.18,,,0.0
ORD1604,timing_lag,13762.2,13486.96,13486.96,0.0
ORD1605,clean,35223.01,34518.55,34518.55,0.0
ORD1606,missing_settlement,3916.17,,,0.0
ORD1607,refund_partial,9716.98,9522.64,7036.03,2486.61
ORD1608,clean,36988.01,36248.25,36248.25,0.0
ORD1609,clean,6802.31,6666.26,6666.26,0.0
ORD1610,clean,6032.37,5911.72,5911.72,0.0
ORD1611,clean,2021.1,1980.68,1980.68,0.0
ORD1612,clean,20332.89,19926.23,19926.23,0.0
ORD1613,clean,21314.14,20887.86,20887.86,0.0
ORD1614,clean,40592.25,39780.4,39780.4,0.0
ORD1615,clean,25500.02,24990.02,24990.02,0.0
ORD1616,fee_variance,30411.92,30046.98,30046.98,0.0
ORD1617,missing_settlement,15382.68,,,0.0
ORD1618,rounding,923.04,904.58,904.98,0.0
ORD1619,clean,10837.45,10620.7,10620.7,0.0
ORD1620,clean,32677.57,32024.02,32024.02,0.0
ORD1621,timing_lag,16346.48,16019.55,16019.55,0.0
ORD1622,clean,39539.6,38748.81,38748.81,0.0
ORD1623,clean,34759.18,34064.0,34064.0,0.0
ORD1624,clean,19870.09,19472.69,19472.69,0.0
ORD1625,clean,21395.44,20967.53,20967.53,0.0
ORD1626,refund_partial,35097.1,34395.16,18358.44,16036.72
ORD1627,clean,6593.55,6461.68,6461.68,0.0
ORD1628,timing_lag,24313.62,23827.35,23827.35,0.0
ORD1629,tds_deduction,15762.16,15443.77,15443.77,0.0
ORD1630,duplicate_credit,41236.16,40411.44,40411.44,0.0
ORD1631,clean,18920.0,18541.6,18541.6,0.0
ORD1632,clean,33929.26,33250.67,33250.67,0.0
ORD1633,clean,11701.92,11467.88,11467.88,0.0
ORD1634,clean,29086.85,28505.11,28505.11,0.0
ORD1635,clean,33870.52,33193.11,33193.11,0.0
ORD1636,refund_partial,42755.61,41900.5,27987.75,13912.75
ORD1637,duplicate_credit,35185.74,34482.03,34482.03,0.0
ORD1638,duplicate_credit,1562.84,1531.58,1531.58,0.0
ORD1639,clean,23323.1,22856.64,22856.64,0.0
ORD1640,clean,16755.98,16420.86,16420.86,0.0
ORD1641,rounding,23113.09,22650.83,22650.33,0.0
ORD1642,missing_settlement,41642.27,,,0.0
ORD1643,timing_lag,23904.13,23426.05,23426.05,0.0
ORD1644,fee_variance,35711.5,34640.15,34640.15,0.0
ORD1645,clean,41092.6,40270.75,40270.75,0.0
ORD1646,clean,31193.7,30569.83,30569.83,0.0
ORD1647,missing_settlement,1995.2,,,0.0
ORD1648,duplicate_credit,24334.47,23847.78,23847.78,0.0
ORD1649,duplicate_credit,22675.58,22222.07,22222.07,0.0
ORD1650,refund_partial,28378.25,27810.68,20160.83,7649.85
ORD1651,clean,15792.85,15476.99,15476.99,0.0
ORD1652,clean,5738.89,5624.11,5624.11,0.0
ORD1653,clean,28595.79,28023.87,28023.87,0.0
ORD1654,timing_lag,17232.76,16888.1,16888.1,0.0
ORD1655,tds_deduction,4015.62,3934.51,3934.51,0.0
ORD1656,refund_partial,18210.1,17845.9,7378.7,10467.2
ORD1657,rounding,9412.83,9224.57,9225.17,0.0
ORD1658,tds_deduction,43496.44,42617.81,42617.81,0.0
ORD1659,duplicate_entry,43148.26,42285.29,42285.29,0.0
ORD1660,clean,25362.61,24855.36,24855.36,0.0
ORD1661,fee_variance,3978.94,3879.47,3879.47,0.0
ORD1662,clean,17607.91,17255.75,17255.75,0.0
ORD1663,duplicate_entry,36649.73,35916.74,35916.74,0.0
ORD1664,clean,22272.08,21826.64,21826.64,0.0
ORD1665,missing_settlement,15819.96,,,0.0
ORD1666,tds_deduction,42630.48,41769.34,41769.34,0.0
ORD1667,clean,6125.4,6002.89,6002.89,0.0
ORD1668,clean,42381.62,41533.99,41533.99,0.0
ORD1669,clean,18766.94,18391.6,18391.6,0.0
ORD1670,tds_deduction,6582.38,6449.41,6449.41,0.0
ORD1671,rounding,7019.09,6878.71,6879.31,0.0
ORD1672,clean,16602.77,16270.71,16270.71,0.0
ORD1673,clean,31534.01,30903.33,30903.33,0.0
ORD1674,timing_lag,42940.46,42081.65,42081.65,0.0
ORD1675,fee_variance,34814.95,33770.5,33770.5,0.0
ORD1676,clean,39490.76,38700.94,38700.94,0.0
ORD1677,clean,12343.09,12096.23,12096.23,0.0
ORD1678,fee_variance,41770.19,41143.64,41143.64,0.0
ORD1679,clean,10076.37,9874.84,9874.84,0.0
ORD1680,clean,10794.16,10578.28,10578.28,0.0
ORD1681,clean,19108.03,18725.87,18725.87,0.0
ORD1682,refund_partial,22053.92,21612.84,14682.71,6930.13
ORD1683,tds_deduction,28668.75,28089.64,28089.64,0.0
ORD1684,missing_settlement,21425.53,,,0.0
ORD1685,timing_lag,37180.03,36436.43,36436.43,0.0
ORD1686,clean,5244.94,5140.04,5140.04,0.0
ORD1687,clean,29348.5,28761.53,28761.53,0.0
ORD1688,refund_partial,26200.63,25676.62,19216.57,6460.05
ORD1689,rounding,28458.33,27889.16,27888.86,0.0
ORD1690,clean,23610.73,23138.52,23138.52,0.0
ORD1691,clean,19494.57,19104.68,19104.68,0.0
ORD1692,timing_lag,4519.91,4429.51,4429.51,0.0
ORD1693,tds_deduction,22560.49,22104.77,22104.77,0.0
ORD1694,clean,2142.24,2099.4,2099.4,0.0
ORD1695,clean,2785.66,2729.95,2729.95,0.0
ORD1696,tds_deduction,14910.64,14609.45,14609.45,0.0
ORD1697,missing_settlement,30280.83,,,0.0
ORD1698,clean,31569.24,30937.86,30937.86,0.0
ORD1699,clean,5693.76,5579.88,5579.88,0.0
ORD1700,clean,16053.72,15732.65,15732.65,0.0
ORD1701,clean,19395.87,19007.95,19007.95,0.0
ORD1702,tds_deduction,36498.19,35760.93,35760.93,0.0
ORD1703,clean,31468.64,30839.27,30839.27,0.0
ORD1704,duplicate_entry,11606.28,11374.15,11374.15,0.0
ORD1705,rounding,15746.45,15431.52,15432.12,0.0
ORD1706,timing_lag,36695.26,35961.35,35961.35,0.0
ORD1707,clean,39306.64,38520.51,38520.51,0.0
ORD1708,refund_partial,18764.02,18388.74,8510.26,9878.48
ORD1709,clean,6027.86,5907.3,5907.3,0.0
ORD1710,duplicate_credit,14121.44,13839.01,13839.01,0.0
ORD1711,clean,41091.21,40269.39,40269.39,0.0
ORD1712,clean,32796.68,32140.75,32140.75,0.0
ORD1713,duplicate_entry,20019.36,19618.97,19618.97,0.0
ORD1714,clean,6360.44,6233.23,6233.23,0.0
ORD1715,refund_partial,18081.91,17720.27,8130.99,9589.28
ORD1716,timing_lag,7387.2,7239.46,7239.46,0.0
ORD1717,clean,41496.76,40666.82,40666.82,0.0
ORD1718,clean,15341.79,15034.95,15034.95,0.0
ORD1719,clean,37253.31,36508.24,36508.24,0.0
ORD1720,tds_deduction,36941.85,36195.62,36195.62,0.0
ORD1721,refund_partial,8380.15,8212.55,6562.23,1650.32
ORD1722,clean,33766.62,33091.29,33091.29,0.0
ORD1723,clean,4568.34,4476.97,4476.97,0.0
ORD1724,clean,22721.86,22267.42,22267.42,0.0
ORD1725,refund_partial,12965.24,12705.94,6616.69,6089.25
ORD1726,clean,29599.42,29007.43,29007.43,0.0
ORD1727,clean,7811.55,7655.32,7655.32,0.0
ORD1728,clean,28496.93,27926.99,27926.99,0.0
ORD1729,clean,22251.4,21806.37,21806.37,0.0
ORD1730,missing_settlement,2546.07,,,0.0
ORD1731,missing_settlement,34632.26,,,0.0
ORD1732,rounding,40056.94,39255.8,39255.5,0.0
ORD1733,refund_partial,38422.99,37654.53,25994.84,11659.69
ORD1734,missing_settlement,4360.06,,,0.0
ORD1735,clean,17493.05,17143.19,17143.19,0.0
ORD1736,clean,41918.83,41080.45,41080.45,0.0
ORD1737,missing_settlement,28510.36,,,0.0
ORD1738,rounding,26191.16,25667.34,25666.84,0.0
ORD1739,clean,16866.86,16529.52,16529.52,0.0
ORD1740,tds_deduction,25135.8,24628.05,24628.05,0.0
ORD1741,clean,2366.59,2319.26,2319.26,0.0
ORD1742,clean,14650.48,14357.47,14357.47,0.0
ORD1743,clean,3170.53,3107.12,3107.12,0.0
ORD1744,clean,13598.79,13326.81,13326.81,0.0
ORD1745,clean,40193.07,39389.21,39389.21,0.0
ORD1746,clean,8317.0,8150.66,8150.66,0.0
ORD1747,clean,18410.96,18042.74,18042.74,0.0
ORD1748,refund_partial,6530.64,6400.03,4086.42,2313.61
ORD1749,clean,35594.64,34882.75,34882.75,0.0
ORD1750,refund_partial,42033.87,41193.19,23605.19,17588.0
ORD1751,clean,4835.74,4739.03,4739.03,0.0
ORD1752,clean,18633.31,18260.64,18260.64,0.0
ORD1753,duplicate_credit,8514.67,8344.38,8344.38,0.0
ORD1754,duplicate_credit,2965.26,2905.95,2905.95,0.0
ORD1755,clean,15960.67,15641.46,15641.46,0.0
ORD1756,clean,29539.53,28948.74,28948.74,0.0
ORD1757,timing_lag,14792.96,14497.1,14497.1,0.0
ORD1758,clean,16219.29,15894.9,15894.9,0.0
ORD1759,missing_settlement,38835.43,,,0.0
ORD1760,clean,6639.76,6506.96,6506.96,0.0
ORD1761,clean,4269.38,4183.99,4183.99,0.0
ORD1762,missing_settlement,2290.75,,,0.0
ORD1763,clean,41305.03,40478.93,40478.93,0.0
ORD1764,clean,24461.71,23972.48,23972.48,0.0
ORD1765,duplicate_entry,30759.08,30143.9,30143.9,0.0
ORD1766,duplicate_entry,2800.82,2744.8,2744.8,0.0
ORD1767,clean,35161.16,34457.94,34457.94,0.0
ORD1768,clean,39665.24,38871.94,38871.94,0.0
ORD1769,clean,23972.9,23493.44,23493.44,0.0
ORD1770,missing_settlement,12864.74,,,0.0
ORD1771,clean,25373.82,24866.34,24866.34,0.0
ORD1772,rounding,19909.76,19511.56,19511.26,0.0
ORD1773,missing_settlement,27178.68,,,0.0
ORD1774,clean,820.97,804.55,804.55,0.0
ORD1775,clean,15525.43,15214.92,15214.92,0.0
ORD1776,refund_partial,44739.2,43844.42,19016.9,24827.52
ORD1777,tds_deduction,3897.23,3818.51,3818.51,0.0
ORD1778,clean,12119.25,11876.87,11876.87,0.0
ORD1779,rounding,40945.99,40127.07,40127.47,0.0
ORD1780,clean,43909.19,43031.01,43031.01,0.0
ORD1781,clean,18894.53,18516.64,18516.64,0.0
ORD1782,clean,6114.06,5991.78,5991.78,0.0
ORD1783,rounding,10362.58,10155.33,10154.83,0.0
ORD1784,missing_settlement,12678.22,,,0.0
ORD1785,tds_deduction,19124.18,18737.88,18737.88,0.0
ORD1786,refund_partial,33199.39,32535.4,20115.76,12419.64
ORD1787,clean,13225.17,12960.67,12960.67,0.0
ORD1788,clean,42654.4,41801.31,41801.31,0.0
ORD1789,timing_lag,38770.95,37995.53,37995.53,0.0
ORD1790,refund_partial,12565.1,12313.8,9820.23,2493.57
ORD1791,refund_partial,41217.6,40393.25,17032.3,23360.95
ORD1792,clean,15196.68,14892.75,14892.75,0.0
ORD1793,clean,8324.83,8158.33,8158.33,0.0
ORD1794,clean,24659.75,24166.56,24166.56,0.0
ORD1795,timing_lag,5122.93,5020.47,5020.47,0.0
ORD1796,missing_settlement,11979.79,,,0.0
ORD1797,clean,1636.88,1604.14,1604.14,0.0
ORD1798,duplicate_entry,25448.61,24939.64,24939.64,0.0
ORD1799,rounding,25232.32,24727.67,24727.17,0.0
ORD1800,duplicate_credit,19029.07,18648.49,18648.49,0.0
ORD1801,duplicate_entry,16840.99,16504.17,16504.17,0.0
ORD1802,fee_variance,32023.74,31223.15,31223.15,0.0
ORD1803,clean,24190.89,23707.07,23707.07,0.0
ORD1804,clean,6889.21,6751.43,6751.43,0.0
ORD1805,clean,35859.48,35142.29,35142.29,0.0
ORD1806,duplicate_entry,15635.76,15323.04,15323.04,0.0
ORD1807,clean,28058.53,27497.36,27497.36,0.0
ORD1808,clean,44085.46,43203.75,43203.75,0.0
ORD1809,rounding,36010.86,35290.64,35290.34,0.0
ORD1810,clean,18815.32,18439.01,18439.01,0.0
ORD1811,clean,629.82,617.22,617.22,0.0
ORD1812,clean,11868.04,11630.68,11630.68,0.0
ORD1813,fee_variance,1714.68,1694.1,1694.1,0.0
ORD1814,clean,19701.7,19307.67,19307.67,0.0
ORD1815,refund_partial,5211.18,5106.96,2181.66,2925.3
ORD1816,missing_settlement,31406.41,,,0.0
ORD1817,refund_partial,4896.73,4798.8,3004.3,1794.5
ORD1818,clean,42085.59,41243.88,41243.88,0.0
ORD1819,clean,7508.92,7358.74,7358.74,0.0
ORD1820,clean,24320.34,23833.93,23833.93,0.0
ORD1821,timing_lag,41357.16,40530.02,40530.02,0.0
ORD1822,rounding,35915.47,35197.16,35197.76,0.0
ORD1823,clean,43961.35,43082.12,43082.12,0.0
ORD1824,clean,38988.33,38208.56,38208.56,0.0
ORD1825,clean,13308.14,13041.98,13041.98,0.0
ORD1826,tds_deduction,17074.54,16729.64,16729.64,0.0
ORD1827,tds_deduction,31220.88,30590.22,30590.22,0.0
ORD1828,rounding,24480.48,23990.87,23990.57,0.0
ORD1829,duplicate_credit,37622.44,36869.99,36869.99,0.0
ORD1830,tds_deduction,14125.09,13839.76,13839.76,0.0
ORD1831,clean,21072.31,20650.86,20650.86,0.0
ORD1832,duplicate_credit,3674.01,3600.53,3600.53,0.0
ORD1833,clean,1702.92,1668.86,1668.86,0.0
ORD1834,fee_variance,34127.5,33274.31,33274.31,0.0
ORD1835,clean,16422.33,16093.88,16093.88,0.0
ORD1836,rounding,35202.68,34498.63,34499.03,0.0
ORD1837,clean,39755.42,38960.31,38960.31,0.0
ORD1838,clean,30138.19,29535.43,29535.43,0.0
ORD1839,clean,35178.26,34474.69,34474.69,0.0
ORD1840,clean,20008.81,19608.63,19608.63,0.0
ORD1841,missing_settlement,26660.33,,,0.0
ORD1842,fee_variance,25915.47,25604.48,25604.48,0.0
ORD1843,clean,15651.55,15338.52,15338.52,0.0
ORD1844,clean,34803.88,34107.8,34107.8,0.0
ORD1845,refund_partial,35460.67,34751.46,15890.72,18860.74
ORD1846,timing_lag,32798.32,32142.35,32142.35,0.0
ORD1847,clean,17830.91,17474.29,17474.29,0.0
ORD1848,duplicate_entry,38634.92,37862.22,37862.22,0.0
ORD1849,tds_deduction,584.66,572.85,572.85,0.0
ORD1850,refund_partial,34815.64,34119.33,26175.13,7944.2
ORD1851,clean,10860.95,10643.73,10643.73,0.0
ORD1852,timing_lag,17917.97,17559.61,17559.61,0.0
ORD1853,duplicate_credit,6200.1,6076.1,6076.1,0.0
ORD1854,duplicate_credit,14029.94,13749.34,13749.34,0.0
ORD1855,missing_settlement,44145.88,,,0.0
ORD1856,clean,42165.4,41322.09,41322.09,0.0
ORD1857,clean,38247.33,37482.38,37482.38,0.0
ORD1858,clean,41978.28,41138.71,41138.71,0.0
ORD1859,clean,4821.22,4724.8,4724.8,0.0
ORD1860,refund_partial,2668.58,2615.21,1876.76,738.45
ORD1861,fee_variance,6069.97,5887.87,5887.87,0.0
ORD1862,missing_settlement,11139.36,,,0.0
ORD1863,clean,38985.09,38205.39,38205.39,0.0
ORD1864,duplicate_credit,12256.04,12010.92,12010.92,0.0
ORD1865,clean,38598.22,37826.26,37826.26,0.0
ORD1866,clean,13920.04,13641.64,13641.64,0.0
ORD1867,duplicate_entry,44132.08,43249.44,43249.44,0.0
ORD1868,refund_partial,44669.44,43776.05,32201.79,11574.26
ORD1869,clean,772.23,756.79,756.79,0.0
ORD1870,fee_variance,36956.54,36032.63,36032.63,0.0
ORD1871,tds_deduction,11347.36,11118.14,11118.14,0.0
ORD1872,clean,12213.87,11969.59,11969.59,0.0
ORD1873,clean,1352.36,1325.31,1325.31,0.0
ORD1874,clean,626.11,613.59,613.59,0.0
ORD1875,clean,20846.66,20429.73,20429.73,0.0
ORD1876,clean,5937.37,5818.62,5818.62,0.0
ORD1877,fee_variance,44483.74,43816.48,43816.48,0.0
ORD1878,tds_deduction,24584.36,24087.75,24087.75,0.0
ORD1879,clean,3562.83,3491.57,3491.57,0.0
ORD1880,clean,26039.79,25518.99,25518.99,0.0
ORD1881,clean,5640.66,5527.85,5527.85,0.0
ORD1882,tds_deduction,9413.61,9223.46,9223.46,0.0
ORD1883,clean,12073.44,11831.97,11831.97,0.0
ORD1884,clean,11762.34,11527.09,11527.09,0.0
ORD1885,clean,35950.41,35231.4,35231.4,0.0
ORD1886,duplicate_entry,38943.03,38164.17,38164.17,0.0
ORD1887,fee_variance,35209.04,34680.9,34680.9,0.0
ORD1888,clean,11259.57,11034.38,11034.38,0.0
ORD1889,clean,21369.41,20942.02,20942.02,0.0
ORD1890,clean,3337.17,3270.43,3270.43,0.0
ORD1891,fee_variance,30494.59,29732.23,29732.23,0.0
ORD1892,tds_deduction,42115.76,41265.02,41265.02,0.0
ORD1893,clean,42612.02,41759.78,41759.78,0.0
ORD1894,clean,24540.5,24049.69,24049.69,0.0
ORD1895,rounding,34319.87,33633.47,33634.07,0.0
ORD1896,clean,40927.65,40109.1,40109.1,0.0
ORD1897,clean,33238.48,32573.71,32573.71,0.0
ORD1898,clean,19496.86,19106.92,19106.92,0.0
ORD1899,refund_partial,36097.43,35375.48,18450.75,16924.73
ORD1900,clean,20394.02,19986.14,19986.14,0.0
ORD1901,fee_variance,21421.37,20885.84,20885.84,0.0
ORD1902,clean,22279.64,21834.05,21834.05,0.0
ORD1903,clean,20050.69,19649.68,19649.68,0.0
ORD1904,duplicate_credit,12829.42,12572.83,12572.83,0.0
ORD1905,refund_partial,6442.87,6314.01,2601.02,3712.99
ORD1906,clean,7187.92,7044.16,7044.16,0.0
ORD1907,clean,18838.93,18462.15,18462.15,0.0
ORD1908,rounding,43491.51,42621.68,42622.28,0.0
ORD1909,clean,17648.79,17295.81,17295.81,0.0
ORD1910,clean,26876.62,26339.09,26339.09,0.0
ORD1911,missing_settlement,2100.96,,,0.0
ORD1912,clean,14221.41,13936.98,13936.98,0.0
ORD1913,duplicate_credit,17227.85,16883.29,16883.29,0.0
ORD1914,clean,12764.11,12508.83,12508.83,0.0
ORD1915,missing_settlement,12556.45,,,0.0
ORD1916,clean,21376.33,20948.8,20948.8,0.0
ORD1917,clean,35346.16,34639.24,34639.24,0.0
ORD1918,clean,34590.87,33899.05,33899.05,0.0
ORD1919,fee_variance,36731.49,35629.55,35629.55,0.0
ORD1920,tds_deduction,11972.42,11730.58,11730.58,0.0
ORD1921,missing_settlement,2716.48,,,0.0
ORD1922,clean,22631.94,22179.3,22179.3,0.0
ORD1923,tds_deduction,12343.55,12094.21,12094.21,0.0
ORD1924,clean,12223.29,11978.82,11978.82,0.0
ORD1925,timing_lag,5228.93,5124.35,5124.35,0.0
ORD1926,clean,28827.15,28250.61,28250.61,0.0
ORD1927,clean,23291.74,22825.91,22825.91,0.0
ORD1928,timing_lag,923.02,904.56,904.56,0.0
ORD1929,missing_settlement,37595.24,,,0.0
ORD1930,clean,3567.41,3496.06,3496.06,0.0
ORD1931,timing_lag,7448.37,7299.4,7299.4,0.0
ORD1932,duplicate_entry,43829.12,42952.54,42952.54,0.0
ORD1933,refund_partial,5158.91,5055.73,2997.87,2057.86
ORD1934,clean,8578.01,8406.45,8406.45,0.0
ORD1935,clean,1021.81,1001.37,1001.37,0.0
ORD1936,refund_partial,33898.97,33220.99,23608.86,9612.13
ORD1937,refund_partial,10626.63,10414.1,7971.97,2442.13
ORD1938,timing_lag,34872.08,34174.64,34174.64,0.0
ORD1939,clean,31536.13,30905.41,30905.41,0.0
ORD1940,missing_settlement,23130.23,,,0.0
ORD1941,clean,15070.62,14769.21,14769.21,0.0
ORD1942,missing_settlement,18316.55,,,0.0
ORD1943,tds_deduction,12222.34,11975.45,11975.45,0.0
ORD1944,duplicate_credit,16222.32,15897.87,15897.87,0.0
ORD1945,clean,22259.08,21813.9,21813.9,0.0
ORD1946,duplicate_entry,6270.42,6145.01,6145.01,0.0
ORD1947,clean,3939.65,3860.86,3860.86,0.0
ORD1948,clean,12257.31,12012.16,12012.16,0.0
ORD1949,duplicate_credit,15465.67,15156.36,15156.36,0.0
ORD1950,duplicate_credit,27494.66,26944.77,26944.77,0.0
ORD1951,clean,4989.85,4890.05,4890.05,0.0
ORD1952,clean,33451.08,32782.06,32782.06,0.0
ORD1953,clean,35937.83,35219.07,35219.07,0.0
ORD1954,timing_lag,21701.28,21267.25,21267.25,0.0
ORD1955,clean,20583.69,20172.02,20172.02,0.0
ORD1956,clean,19836.71,19439.98,19439.98,0.0
ORD1957,clean,2832.22,2775.58,2775.58,0.0
ORD1958,rounding,32226.86,31582.32,31582.72,0.0
ORD1959,missing_settlement,27157.19,,,0.0
ORD1960,clean,5592.13,5480.29,5480.29,0.0
ORD1961,fee_variance,39077.79,38491.62,38491.62,0.0
ORD1962,rounding,15161.58,14858.35,14858.75,0.0
ORD1963,clean,14266.33,13981.0,13981.0,0.0
ORD1964,duplicate_credit,39815.46,39019.15,39019.15,0.0
ORD1965,clean,20143.56,19740.69,19740.69,0.0
ORD1966,fee_variance,16742.21,16541.3,16541.3,0.0
ORD1967,fee_variance,10161.25,9907.22,9907.22,0.0
ORD1968,tds_deduction,29266.59,28675.41,28675.41,0.0
ORD1969,clean,31712.31,31078.06,31078.06,0.0
ORD1970,clean,23530.94,23060.32,23060.32,0.0
ORD1971,fee_variance,2882.85,2848.26,2848.26,0.0
ORD1972,clean,16238.88,15914.1,15914.1,0.0
ORD1973,tds_deduction,1365.95,1338.36,1338.36,0.0
ORD1974,clean,41756.96,40921.82,40921.82,0.0
ORD1975,clean,1863.63,1826.36,1826.36,0.0
ORD1976,clean,28111.99,27549.75,27549.75,0.0
ORD1977,tds_deduction,20600.53,20184.4,20184.4,0.0
ORD1978,timing_lag,15843.75,15526.87,15526.87,0.0
ORD1979,clean,37872.58,37115.13,37115.13,0.0
ORD1980,duplicate_entry,43235.66,42370.95,42370.95,0.0
ORD1981,duplicate_entry,6902.44,6764.39,6764.39,0.0
ORD1982,clean,3330.6,3263.99,3263.99,0.0
ORD1983,clean,26130.55,25607.94,25607.94,0.0
ORD1984,timing_lag,40510.76,39700.54,39700.54,0.0
ORD1985,clean,5189.58,5085.79,5085.79,0.0
ORD1986,clean,22394.82,21946.92,21946.92,0.0
ORD1987,clean,40831.35,40014.72,40014.72,0.0
ORD1988,clean,24550.28,24059.27,24059.27,0.0
ORD1989,clean,10380.32,10172.71,10172.71,0.0
ORD1990,timing_lag,32305.65,31659.54,31659.54,0.0
ORD1991,clean,22037.34,21596.59,21596.59,0.0
ORD1992,tds_deduction,12581.04,12326.9,12326.9,0.0
ORD1993,clean,28829.36,28252.77,28252.77,0.0
ORD1994,rounding,22137.39,21694.64,21695.24,0.0
ORD1995,duplicate_entry,36146.55,35423.62,35423.62,0.0
ORD1996,timing_lag,31449.71,30820.72,30820.72,0.0
ORD1997,clean,5608.67,5496.5,5496.5,0.0
ORD1998,timing_lag,6220.16,6095.76,6095.76,0.0
ORD1999,clean,11917.02,11678.68,11678.68,0.0
ORD2000,refund_partial,16947.42,16608.47,11406.86,5201.61
ORD2001,clean,5565.74,5454.43,5454.43,0.0
ORD2002,duplicate_credit,37623.75,36871.27,36871.27,0.0
ORD2003,refund_partial,1010.01,989.81,572.11,417.7
ORD2004,rounding,39463.95,38674.67,38675.27,0.0
ORD2005,duplicate_entry,23219.12,22754.74,22754.74,0.0
ORD2006,clean,16424.33,16095.84,16095.84,0.0
ORD2007,refund_partial,30349.68,29742.69,19737.52,10005.17
ORD2008,timing_lag,40634.76,39822.06,39822.06,0.0
ORD2009,refund_partial,4899.57,4801.58,2803.36,1998.22
ORD2010,missing_settlement,43085.37,,,0.0
ORD2011,clean,38538.33,37767.56,37767.56,0.0
ORD2012,duplicate_entry,30831.14,30214.52,30214.52,0.0
ORD2013,missing_settlement,14311.48,,,0.0
ORD2014,clean,15032.67,14732.02,14732.02,0.0
ORD2015,clean,3874.68,3797.19,3797.19,0.0
ORD2016,rounding,9179.09,8995.51,8995.91,0.0
ORD2017,clean,23366.15,22898.83,22898.83,0.0
ORD2018,missing_settlement,34309.67,,,0.0
ORD2019,clean,32393.12,31745.26,31745.26,0.0
ORD2020,duplicate_entry,39311.21,38524.99,38524.99,0.0
ORD2021,clean,14981.6,14681.97,14681.97,0.0
ORD2022,timing_lag,44728.08,43833.52,43833.52,0.0
ORD2023,missing_settlement,15083.88,,,0.0
ORD2024,clean,44662.31,43769.06,43769.06,0.0
ORD2025,clean,9872.78,9675.32,9675.32,0.0
ORD2026,timing_lag,43093.48,42231.61,42231.61,0.0
ORD2027,clean,7010.78,6870.56,6870.56,0.0
ORD2028,clean,18574.8,18203.3,18203.3,0.0
ORD2029,clean,42108.35,41266.18,41266.18,0.0
ORD2030,clean,24970.63,24471.22,24471.22,0.0
ORD2031,missing_settlement,34115.81,,,0.0
ORD2032,tds_deduction,18405.73,18033.94,18033.94,0.0
ORD2033,missing_settlement,42912.49,,,0.0
ORD2034,clean,24911.22,24413.0,24413.0,0.0
ORD2035,duplicate_entry,15953.39,15634.32,15634.32,0.0
ORD2036,clean,41762.53,40927.28,40927.28,0.0
ORD2037,timing_lag,14626.9,14334.36,14334.36,0.0
ORD2038,tds_deduction,22388.01,21935.77,21935.77,0.0
ORD2039,clean,20817.54,20401.19,20401.19,0.0
ORD2040,duplicate_credit,4321.99,4235.55,4235.55,0.0
ORD2041,fee_variance,16044.39,15803.72,15803.72,0.0
ORD2042,fee_variance,10911.05,10583.72,10583.72,0.0
ORD2043,missing_settlement,31678.68,,,0.0
ORD2044,clean,3758.42,3683.25,3683.25,0.0
ORD2045,refund_partial,27547.3,26996.35,13607.94,13388.41
ORD2046,tds_deduction,16721.52,16383.75,16383.75,0.0
ORD2047,clean,3802.23,3726.19,3726.19,0.0
ORD2048,duplicate_entry,40740.49,39925.68,39925.68,0.0
ORD2049,clean,44591.16,43699.34,43699.34,0.0
ORD2050,refund_partial,6221.83,6097.39,2545.75,3551.64
ORD2051,fee_variance,20784.4,20534.99,20534.99,0.0
ORD2052,clean,6267.88,6142.52,6142.52,0.0
ORD2053,duplicate_entry,12470.17,12220.77,12220.77,0.0
ORD2054,clean,19404.04,19015.96,19015.96,0.0
ORD2055,clean,9506.17,9316.05,9316.05,0.0
ORD2056,rounding,26404.1,25876.02,25875.52,0.0
ORD2057,clean,3807.26,3731.11,3731.11,0.0
ORD2058,duplicate_credit,4060.72,3979.51,3979.51,0.0
ORD2059,clean,8749.93,8574.93,8574.93,0.0
ORD2060,tds_deduction,2661.48,2607.72,2607.72,0.0
ORD2061,refund_partial,23235.65,22770.94,14950.54,7820.4
ORD2062,fee_variance,21547.27,20900.85,20900.85,0.0
ORD2063,tds_deduction,22989.73,22525.34,22525.34,0.0
ORD2064,clean,26292.42,25766.57,25766.57,0.0
ORD2065,clean,42325.85,41479.33,41479.33,0.0
ORD2066,clean,30192.2,29588.36,29588.36,0.0
ORD2067,clean,33223.69,32559.22,32559.22,0.0
ORD2068,fee_variance,1471.83,1454.17,1454.17,0.0
ORD2069,clean,29874.39,29276.9,29276.9,0.0
ORD2070,timing_lag,18729.19,18354.61,18354.61,0.0
ORD2071,missing_settlement,42615.7,,,0.0
ORD2072,clean,18570.78,18199.36,18199.36,0.0
ORD2073,clean,2394.81,2346.91,2346.91,0.0
ORD2074,tds_deduction,31197.8,30567.6,30567.6,0.0
ORD2075,clean,13643.52,13370.65,13370.65,0.0
ORD2076,clean,40283.34,39477.67,39477.67,0.0
ORD2077,clean,40900.94,40082.92,40082.92,0.0
ORD2078,clean,24126.01,23643.49,23643.49,0.0
ORD2079,clean,28178.98,27615.4,27615.4,0.0
ORD2080,clean,35903.68,35185.61,35185.61,0.0
ORD2081,fee_variance,43996.84,43468.88,43468.88,0.0
ORD2082,fee_variance,37977.98,37408.31,37408.31,0.0
ORD2083,clean,6463.55,6334.28,6334.28,0.0
ORD2084,tds_deduction,16523.77,16189.99,16189.99,0.0
ORD2085,timing_lag,19052.79,18671.73,18671.73,0.0
ORD2086,clean,32175.48,31531.97,31531.97,0.0
ORD2087,missing_settlement,22050.26,,,0.0
ORD2088,clean,4609.21,4517.03,4517.03,0.0
ORD2089,clean,33839.35,33162.56,33162.56,0.0
ORD2090,clean,38693.94,37920.06,37920.06,0.0
ORD2091,tds_deduction,27675.97,27116.91,27116.91,0.0
ORD2092,duplicate_credit,13946.07,13667.15,13667.15,0.0
ORD2093,duplicate_entry,19173.48,18790.01,18790.01,0.0
ORD2094,clean,31925.64,31287.13,31287.13,0.0
ORD2095,clean,1028.09,1007.53,1007.53,0.0
ORD2096,clean,24786.79,24291.05,24291.05,0.0
ORD2097,tds_deduction,4585.38,4492.75,4492.75,0.0
ORD2098,fee_variance,4521.84,4408.79,4408.79,0.0
ORD2099,clean,14918.01,14619.65,14619.65,0.0
ORD2100,tds_deduction,25362.56,24850.24,24850.24,0.0
ORD2101,clean,23638.3,23165.53,23165.53,0.0
ORD2102,missing_settlement,24975.92,,,0.0
ORD2103,rounding,8755.46,8580.35,8580.95,0.0
ORD2104,clean,13086.86,12825.12,12825.12,0.0
ORD2105,missing_settlement,24000.42,,,0.0
ORD2106,clean,21603.91,21171.83,21171.83,0.0
ORD2107,timing_lag,21753.7,21318.63,21318.63,0.0
ORD2108,clean,38290.48,37524.67,37524.67,0.0
ORD2109,clean,43009.78,42149.58,42149.58,0.0
ORD2110,clean,31503.82,30873.74,30873.74,0.0
ORD2111,duplicate_entry,33970.85,33291.43,33291.43,0.0
ORD2112,clean,16410.56,16082.35,16082.35,0.0
ORD2113,fee_variance,15900.74,15709.93,15709.93,0.0
ORD2114,refund_partial,22505.78,22055.66,12660.1,9395.56
ORD2115,clean,7491.19,7341.37,7341.37,0.0
ORD2116,clean,10294.84,10088.94,10088.94,0.0
ORD2117,fee_variance,1578.17,1538.72,1538.72,0.0
ORD2118,timing_lag,16524.46,16193.97,16193.97,0.0
ORD2119,tds_deduction,42364.96,41509.19,41509.19,0.0
ORD2120,duplicate_entry,13880.4,13602.79,13602.79,0.0
ORD2121,clean,36767.93,36032.57,36032.57,0.0
ORD2122,clean,787.54,771.79,771.79,0.0
ORD2123,clean,33839.16,33162.38,33162.38,0.0
ORD2124,clean,41019.14,40198.76,40198.76,0.0
ORD2125,missing_settlement,7686.67,,,0.0
ORD2126,duplicate_entry,39667.28,38873.93,38873.93,0.0
ORD2127,rounding,34017.75,33337.39,33337.99,0.0
ORD2128,clean,34386.06,33698.34,33698.34,0.0
ORD2129,duplicate_credit,8072.18,7910.74,7910.74,0.0
ORD2130,rounding,12252.05,12007.01,12006.51,0.0
ORD2131,timing_lag,36306.7,35580.57,35580.57,0.0
ORD2132,rounding,24530.29,24039.68,24040.28,0.0
ORD2133,clean,41330.28,40503.67,40503.67,0.0
ORD2134,clean,23917.44,23439.09,23439.09,0.0
ORD2135,clean,23098.14,22636.18,22636.18,0.0
ORD2136,clean,38083.79,37322.11,37322.11,0.0
ORD2137,clean,3941.85,3863.01,3863.01,0.0
ORD2138,clean,13674.09,13400.61,13400.61,0.0
ORD2139,rounding,21302.51,20876.46,20876.86,0.0
ORD2140,rounding,37172.11,36428.67,36429.27,0.0
ORD2141,duplicate_credit,6178.7,6055.13,6055.13,0.0
ORD2142,rounding,24082.98,23601.32,23600.82,0.0
ORD2143,clean,4389.47,4301.68,4301.68,0.0
ORD2144,fee_variance,3974.67,3875.3,3875.3,0.0
ORD2145,clean,23949.65,23470.66,23470.66,0.0
ORD2146,duplicate_entry,4304.63,4218.54,4218.54,0.0
ORD2147,timing_lag,6182.57,6058.92,6058.92,0.0
ORD2148,clean,4600.71,4508.7,4508.7,0.0
ORD2149,tds_deduction,25280.97,24770.29,24770.29,0.0
ORD2150,refund_partial,6457.1,6327.96,3165.78,3162.18
ORD2151,clean,38529.65,37759.06,37759.06,0.0
ORD2152,missing_settlement,24349.6,,,0.0
ORD2153,clean,43012.4,42152.15,42152.15,0.0
ORD2154,clean,14546.67,14255.74,14255.74,0.0
ORD2155,clean,44568.77,43677.39,43677.39,0.0
ORD2156,rounding,27114.72,26572.43,26571.93,0.0
ORD2157,refund_partial,39671.06,38877.64,24012.91,14864.73
ORD2158,rounding,36621.48,35889.05,35889.45,0.0
ORD2159,clean,40511.37,39701.14,39701.14,0.0
ORD2160,missing_settlement,6102.12,,,0.0
ORD2161,clean,38946.27,38167.34,38167.34,0.0
ORD2162,clean,22743.72,22288.85,22288.85,0.0
ORD2163,missing_settlement,44444.64,,,0.0
ORD2164,tds_deduction,30835.13,30212.26,30212.26,0.0
ORD2165,rounding,15196.91,14892.97,14892.47,0.0
ORD2166,tds_deduction,5090.32,4987.49,4987.49,0.0
ORD2167,refund_partial,11035.34,10814.63,5104.31,5710.32
ORD2168,timing_lag,21490.82,21061.0,21061.0,0.0
ORD2169,duplicate_credit,41229.67,40405.08,40405.08,0.0
ORD2170,rounding,29261.44,28676.21,28676.81,0.0
ORD2171,duplicate_credit,18291.93,17926.09,17926.09,0.0
ORD2172,clean,44577.83,43686.27,43686.27,0.0
ORD2173,rounding,39931.36,39132.73,39133.33,0.0
ORD2174,fee_variance,34116.8,33263.88,33263.88,0.0
ORD2175,clean,23474.24,23004.76,23004.76,0.0
ORD2176,clean,17917.3,17558.95,17558.95,0.0
ORD2177,tds_deduction,23118.9,22651.9,22651.9,0.0
ORD2178,clean,43063.78,42202.5,42202.5,0.0
ORD2179,missing_settlement,877.27,,,0.0
ORD2180,clean,33618.5,32946.13,32946.13,0.0
ORD2181,clean,16259.77,15934.57,15934.57,0.0
ORD2182,clean,44903.82,44005.74,44005.74,0.0
ORD2183,missing_settlement,31649.18,,,0.0
ORD2184,clean,28498.93,27928.95,27928.95,0.0
ORD2185,clean,38261.02,37495.8,37495.8,0.0
ORD2186,clean,27217.85,26673.49,26673.49,0.0
ORD2187,clean,21139.13,20716.35,20716.35,0.0
ORD2188,rounding,34603.42,33911.35,33911.05,0.0
ORD2189,tds_deduction,3006.6,2945.87,2945.87,0.0
ORD2190,rounding,30105.13,29503.03,29503.63,0.0
ORD2191,rounding,11489.63,11259.84,11260.24,0.0
ORD2192,clean,37508.07,36757.91,36757.91,0.0
ORD2193,fee_variance,11618.3,11478.88,11478.88,0.0
ORD2194,clean,1399.79,1371.79,1371.79,0.0
ORD2195,duplicate_entry,13106.05,12843.93,12843.93,0.0
ORD2196,duplicate_credit,26833.67,26297.0,26297.0,0.0
ORD2197,missing_settlement,35518.93,,,0.0
ORD2198,clean,11236.39,11011.66,11011.66,0.0
ORD2199,duplicate_credit,8881.55,8703.92,8703.92,0.0
ORD2200,missing_settlement,4397.28,,,0.0
ORD2201,refund_partial,30108.28,29506.11,16269.25,13236.86
ORD2202,clean,4888.69,4790.92,4790.92,0.0
ORD2203,clean,40046.22,39245.3,39245.3,0.0
ORD2204,clean,24979.16,24479.58,24479.58,0.0
ORD2205,clean,12928.2,12669.64,12669.64,0.0
ORD2206,duplicate_credit,6094.31,5972.42,5972.42,0.0
ORD2207,duplicate_entry,11943.63,11704.76,11704.76,0.0
ORD2208,tds_deduction,11792.69,11554.48,11554.48,0.0
ORD2209,duplicate_credit,20659.37,20246.18,20246.18,0.0
ORD2210,tds_deduction,6248.46,6122.24,6122.24,0.0
ORD2211,clean,44665.07,43771.77,43771.77,0.0
ORD2212,clean,22583.06,22131.4,22131.4,0.0
ORD2213,clean,18040.52,17679.71,17679.71,0.0
ORD2214,rounding,33744.74,33069.85,33069.55,0.0
ORD2215,clean,23451.7,22982.67,22982.67,0.0
ORD2216,clean,7973.7,7814.23,7814.23,0.0
ORD2217,clean,38052.98,37291.92,37291.92,0.0
ORD2218,clean,38142.05,37379.21,37379.21,0.0
ORD2219,clean,25081.62,24579.99,24579.99,0.0
ORD2220,clean,25949.01,25430.03,25430.03,0.0
ORD2221,rounding,12308.25,12062.09,12062.49,0.0
ORD2222,clean,18331.75,17965.12,17965.12,0.0
ORD2223,clean,2970.16,2910.76,2910.76,0.0
ORD2224,refund_partial,19142.51,18759.66,8266.69,10492.97
ORD2225,timing_lag,35890.52,35172.71,35172.71,0.0
ORD2226,duplicate_credit,6971.24,6831.82,6831.82,0.0
ORD2227,tds_deduction,31965.53,31319.83,31319.83,0.0
ORD2228,clean,33237.09,32572.35,32572.35,0.0
ORD2229,clean,3210.32,3146.11,3146.11,0.0
ORD2230,clean,8810.05,8633.85,8633.85,0.0
ORD2231,duplicate_entry,11166.46,10943.13,10943.13,0.0
ORD2232,clean,30610.88,29998.66,29998.66,0.0
ORD2233,rounding,26272.68,25747.23,25746.93,0.0
ORD2234,timing_lag,3824.19,3747.71,3747.71,0.0
ORD2235,clean,24511.32,24021.09,24021.09,0.0
ORD2236,duplicate_credit,1597.62,1565.67,1565.67,0.0
ORD2237,clean,19930.99,19532.37,19532.37,0.0
ORD2238,duplicate_credit,25606.67,25094.54,25094.54,0.0
ORD2239,clean,44415.47,43527.16,43527.16,0.0
ORD2240,clean,18178.23,17814.67,17814.67,0.0
ORD2241,clean,32173.17,31529.71,31529.71,0.0
ORD2242,duplicate_entry,10777.78,10562.22,10562.22,0.0
ORD2243,refund_partial,16168.59,15845.22,7111.97,8733.25
ORD2244,clean,4932.05,4833.41,4833.41,0.0
ORD2245,timing_lag,20430.35,20021.74,20021.74,0.0
ORD2246,timing_lag,29456.82,28867.68,28867.68,0.0
ORD2247,duplicate_entry,4207.61,4123.46,4123.46,0.0
ORD2248,clean,23830.89,23354.27,23354.27,0.0
ORD2249,timing_lag,16023.15,15702.69,15702.69,0.0
ORD2250,clean,15350.75,15043.74,15043.74,0.0
ORD2251,duplicate_credit,28234.12,27669.44,27669.44,0.0
ORD2252,clean,12947.62,12688.67,12688.67,0.0
ORD2253,refund_partial,24961.92,24462.68,14749.93,9712.75
ORD2254,clean,25606.28,25094.15,25094.15,0.0
ORD2255,clean,38602.49,37830.44,37830.44,0.0
ORD2256,rounding,19194.88,18810.98,18811.38,0.0
ORD2257,timing_lag,43102.71,42240.66,42240.66,0.0
ORD2258,clean,35321.25,34614.82,34614.82,0.0
ORD2259,tds_deduction,15614.22,15298.82,15298.82,0.0
ORD2260,clean,26667.12,26133.78,26133.78,0.0
ORD2261,duplicate_entry,41750.92,40915.9,40915.9,0.0
ORD2262,rounding,19860.4,19463.19,19462.89,0.0
ORD2263,duplicate_entry,10177.7,9974.15,9974.15,0.0
ORD2264,tds_deduction,32318.7,31665.87,31665.87,0.0
ORD2265,clean,19250.69,18865.68,18865.68,0.0
ORD2266,clean,23788.26,23312.49,23312.49,0.0
ORD2267,clean,31285.29,30659.58,30659.58,0.0
ORD2268,missing_settlement,14758.14,,,0.0
ORD2269,clean,40309.13,39502.95,39502.95,0.0
ORD2270,missing_settlement,1076.05,,,0.0
ORD2271,clean,28826.19,28249.67,28249.67,0.0
ORD2272,clean,5172.59,5069.14,5069.14,0.0
ORD2273,clean,39520.74,38730.33,38730.33,0.0
ORD2274,missing_settlement,12653.61,,,0.0
ORD2275,timing_lag,35705.91,34991.79,34991.79,0.0
ORD2276,clean,44317.58,43431.23,43431.23,0.0
ORD2277,missing_settlement,38242.29,,,0.0
ORD2278,clean,25951.03,25432.01,25432.01,0.0
ORD2279,clean,21997.94,21557.98,21557.98,0.0
ORD2280,timing_lag,20238.3,19833.53,19833.53,0.0
ORD2281,rounding,6464.82,6335.52,6335.22,0.0
ORD2282,rounding,9697.04,9503.1,9503.5,0.0
ORD2283,tds_deduction,21251.46,20822.18,20822.18,0.0
ORD2284,clean,2744.28,2689.39,2689.39,0.0
ORD2285,clean,5222.33,5117.88,5117.88,0.0
ORD2286,clean,37829.19,37072.61,37072.61,0.0
ORD2287,duplicate_credit,42111.99,41269.75,41269.75,0.0
ORD2288,tds_deduction,5104.65,5001.54,5001.54,0.0
ORD2289,rounding,41587.61,40755.86,40755.36,0.0
ORD2290,clean,16410.39,16082.18,16082.18,0.0
ORD2291,clean,33565.76,32894.44,32894.44,0.0
ORD2292,duplicate_entry,913.6,895.33,895.33,0.0
ORD2293,fee_variance,12173.57,11869.23,11869.23,0.0
ORD2294,clean,32117.11,31474.77,31474.77,0.0
ORD2295,clean,35147.09,34444.15,34444.15,0.0
ORD2296,missing_settlement,32153.77,,,0.0
ORD2297,clean,8246.61,8081.68,8081.68,0.0
ORD2298,clean,20987.23,20567.49,20567.49,0.0
ORD2299,clean,34328.13,33641.57,33641.57,0.0
ORD2300,rounding,19829.68,19433.09,19432.79,0.0
ORD2301,duplicate_credit,23638.33,23165.56,23165.56,0.0
ORD2302,clean,28574.22,28002.74,28002.74,0.0
ORD2303,clean,20440.47,20031.66,20031.66,0.0
ORD2304,clean,11619.61,11387.22,11387.22,0.0
ORD2305,clean,43597.99,42726.03,42726.03,0.0
ORD2306,timing_lag,2109.54,2067.35,2067.35,0.0
ORD2307,clean,10780.35,10564.74,10564.74,0.0
ORD2308,clean,7350.32,7203.31,7203.31,0.0
ORD2309,clean,41475.64,40646.13,40646.13,0.0
ORD2310,refund_partial,10369.42,10162.03,5937.79,4224.24
ORD2311,rounding,1968.77,1929.39,1929.99,0.0
ORD2312,clean,30833.23,30216.57,30216.57,0.0
ORD2313,refund_partial,23913.94,23435.66,10887.2,12548.46
ORD2314,clean,33974.09,33294.61,33294.61,0.0
ORD2315,clean,29527.65,28937.1,28937.1,0.0
ORD2316,refund_partial,22884.45,22426.76,9506.83,12919.93
ORD2317,duplicate_entry,17658.07,17304.91,17304.91,0.0
ORD2318,rounding,26624.7,26092.21,26091.71,0.0
ORD2319,clean,11470.32,11240.91,11240.91,0.0
ORD2320,clean,10636.86,10424.12,10424.12,0.0
ORD2321,tds_deduction,14847.93,14548.0,14548.0,0.0
ORD2322,clean,12811.3,12555.07,12555.07,0.0
ORD2323,clean,31952.49,31313.44,31313.44,0.0
ORD2324,clean,16146.08,15823.16,15823.16,0.0
ORD2325,clean,29429.58,28840.99,28840.99,0.0
ORD2326,clean,7821.58,7665.15,7665.15,0.0
ORD2327,duplicate_entry,5425.37,5316.86,5316.86,0.0
ORD2328,rounding,15240.08,14935.28,14935.88,0.0
ORD2329,timing_lag,13087.84,12826.08,12826.08,0.0
ORD2330,tds_deduction,26721.5,26181.73,26181.73,0.0
ORD2331,clean,16765.93,16430.61,16430.61,0.0
ORD2332,clean,20291.11,19885.29,19885.29,0.0
ORD2333,fee_variance,1664.79,1623.17,1623.17,0.0
ORD2334,clean,6455.72,6326.61,6326.61,0.0
ORD2335,rounding,21107.1,20684.96,20684.66,0.0
ORD2336,missing_settlement,27666.87,,,0.0
ORD2337,clean,41282.77,40457.11,40457.11,0.0
ORD2338,fee_variance,38913.3,38446.34,38446.34,0.0
ORD2339,rounding,13858.17,13581.01,13580.51,0.0
ORD2340,clean,33115.48,32453.17,32453.17,0.0
ORD2341,clean,15139.34,14836.55,14836.55,0.0
ORD2342,rounding,10333.94,10127.26,10127.86,0.0
ORD2343,missing_settlement,36419.5,,,0.0
ORD2344,duplicate_entry,38548.94,37777.96,37777.96,0.0
ORD2345,rounding,32531.26,31880.63,31880.33,0.0
ORD2346,duplicate_credit,24156.18,23673.06,23673.06,0.0
ORD2347,tds_deduction,15737.78,15419.87,15419.87,0.0
ORD2348,tds_deduction,515.52,505.11,505.11,0.0
ORD2349,clean,41973.26,41133.79,41133.79,0.0
ORD2350,clean,35375.78,34668.26,34668.26,0.0
ORD2351,tds_deduction,4563.82,4471.63,4471.63,0.0
ORD2352,clean,19382.95,18995.29,18995.29,0.0
ORD2353,clean,22062.18,21620.94,21620.94,0.0
ORD2354,duplicate_entry,35048.5,34347.53,34347.53,0.0
ORD2355,rounding,40514.54,39704.25,39704.65,0.0
ORD2356,tds_deduction,19785.86,19386.18,19386.18,0.0
ORD2357,clean,3355.68,3288.57,3288.57,0.0
ORD2358,clean,18494.06,18124.18,18124.18,0.0
ORD2359,clean,28031.59,27470.96,27470.96,0.0
ORD2360,tds_deduction,39004.8,38216.9,38216.9,0.0
ORD2361,clean,43876.19,42998.67,42998.67,0.0
ORD2362,tds_deduction,44134.69,43243.17,43243.17,0.0
ORD2363,missing_settlement,34821.66,,,0.0
ORD2364,clean,27145.78,26602.86,26602.86,0.0
ORD2365,tds_deduction,35316.92,34603.52,34603.52,0.0
ORD2366,duplicate_entry,10730.28,10515.67,10515.67,0.0
ORD2367,clean,3880.71,3803.1,3803.1,0.0
ORD2368,timing_lag,44433.75,43545.07,43545.07,0.0
ORD2369,refund_partial,36397.06,35669.12,15384.9,20284.22
ORD2370,clean,18832.92,18456.26,18456.26,0.0
ORD2371,timing_lag,35681.56,34967.93,34967.93,0.0
ORD2372,clean,36502.97,35772.91,35772.91,0.0
ORD2373,duplicate_entry,11655.98,11422.86,11422.86,0.0
ORD2374,refund_partial,28991.56,28411.73,14122.21,14289.52
ORD2375,timing_lag,26097.33,25575.38,25575.38,0.0
ORD2376,clean,32573.77,31922.29,31922.29,0.0
ORD2377,fee_variance,29142.82,28793.11,28793.11,0.0
ORD2378,timing_lag,31523.52,30893.05,30893.05,0.0
ORD2379,rounding,43600.21,42728.21,42727.91,0.0
ORD2380,timing_lag,27039.77,26498.97,26498.97,0.0
ORD2381,tds_deduction,35584.43,34865.62,34865.62,0.0
ORD2382,duplicate_credit,10021.52,9821.09,9821.09,0.0
ORD2383,timing_lag,2161.14,2117.92,2117.92,0.0
ORD2384,clean,24039.71,23558.92,23558.92,0.0
ORD2385,refund_partial,3333.91,3267.23,2151.41,1115.82
ORD2386,clean,24306.07,23819.95,23819.95,0.0
ORD2387,tds_deduction,26297.41,25766.2,25766.2,0.0
ORD2388,clean,2638.51,2585.74,2585.74,0.0
ORD2389,duplicate_entry,41692.46,40858.61,40858.61,0.0
ORD2390,clean,18723.47,18349.0,18349.0,0.0
ORD2391,refund_partial,16158.68,15835.51,8968.01,6867.5
ORD2392,clean,22968.2,22508.84,22508.84,0.0
ORD2393,clean,35771.77,35056.33,35056.33,0.0
ORD2394,clean,15460.35,15151.14,15151.14,0.0
ORD2395,clean,16287.89,15962.13,15962.13,0.0
ORD2396,clean,13139.53,12876.74,12876.74,0.0
ORD2397,clean,22145.51,21702.6,21702.6,0.0
ORD2398,clean,28708.11,28133.95,28133.95,0.0
ORD2399,rounding,25430.45,24921.84,24922.44,0.0
ORD2400,clean,32602.92,31950.86,31950.86,0.0
ORD2401,clean,35239.79,34534.99,34534.99,0.0
ORD2402,clean,38102.29,37340.24,37340.24,0.0
ORD2403,rounding,2815.68,2759.37,2759.97,0.0
ORD2404,refund_partial,40246.22,39441.3,27068.49,12372.81
ORD2405,timing_lag,2691.55,2637.72,2637.72,0.0
ORD2406,clean,42695.02,41841.12,41841.12,0.0
ORD2407,duplicate_entry,4908.42,4810.25,4810.25,0.0
ORD2408,clean,44245.45,43360.54,43360.54,0.0
ORD2409,clean,24375.38,23887.87,23887.87,0.0
ORD2410,clean,36894.77,36156.87,36156.87,0.0
ORD2411,duplicate_entry,22965.87,22506.55,22506.55,0.0
ORD2412,duplicate_entry,36644.5,35911.61,35911.61,0.0
ORD2413,tds_deduction,38544.18,37765.59,37765.59,0.0
ORD2414,timing_lag,32366.05,31718.73,31718.73,0.0
ORD2415,fee_variance,31041.58,30669.08,30669.08,0.0
ORD2416,clean,6564.7,6433.41,6433.41,0.0
ORD2417,refund_partial,15645.29,15332.38,6991.79,8340.59
ORD2418,clean,11780.91,11545.29,11545.29,0.0
ORD2419,tds_deduction,7216.35,7070.58,7070.58,0.0
ORD2420,duplicate_credit,36407.03,35678.89,35678.89,0.0
ORD2421,duplicate_entry,3694.85,3620.95,3620.95,0.0
ORD2422,timing_lag,37732.49,36977.84,36977.84,0.0
ORD2423,clean,38283.96,37518.28,37518.28,0.0
ORD2424,fee_variance,22275.44,22008.13,22008.13,0.0
ORD2425,clean,4927.39,4828.84,4828.84,0.0
ORD2426,duplicate_credit,6755.18,6620.08,6620.08,0.0
ORD2427,clean,16182.94,15859.28,15859.28,0.0
ORD2428,duplicate_credit,23552.46,23081.41,23081.41,0.0
ORD2429,clean,34226.7,33542.17,33542.17,0.0
ORD2430,clean,12519.7,12269.31,12269.31,0.0
ORD2431,clean,31093.35,30471.48,30471.48,0.0
ORD2432,clean,16693.1,16359.24,16359.24,0.0
ORD2433,clean,25332.96,24826.3,24826.3,0.0
ORD2434,clean,31266.9,30641.56,30641.56,0.0
ORD2435,rounding,31119.49,30497.1,30496.6,0.0
ORD2436,clean,3501.01,3430.99,3430.99,0.0
ORD2437,clean,38229.46,37464.87,37464.87,0.0
ORD2438,clean,33162.98,32499.72,32499.72,0.0
ORD2439,timing_lag,41170.03,40346.63,40346.63,0.0
ORD2440,clean,43702.82,42828.76,42828.76,0.0
ORD2441,tds_deduction,29486.34,28890.71,28890.71,0.0
ORD2442,tds_deduction,24023.7,23538.43,23538.43,0.0
ORD2443,clean,38870.97,38093.55,38093.55,0.0
ORD2444,missing_settlement,12913.19,,,0.0
ORD2445,duplicate_credit,14022.42,13741.97,13741.97,0.0
ORD2446,clean,33850.24,33173.24,33173.24,0.0
ORD2447,duplicate_credit,1928.6,1890.03,1890.03,0.0
ORD2448,missing_settlement,29122.33,,,0.0
ORD2449,duplicate_entry,1069.94,1048.54,1048.54,0.0
ORD2450,clean,22997.65,22537.7,22537.7,0.0
ORD2451,duplicate_credit,40624.25,39811.76,39811.76,0.0
ORD2452,tds_deduction,29823.2,29220.78,29220.78,0.0
ORD2453,clean,5461.77,5352.53,5352.53,0.0
ORD2454,clean,30954.55,30335.46,30335.46,0.0
ORD2455,refund_partial,29518.73,28928.36,18409.48,10518.88
ORD2456,tds_deduction,16782.25,16443.25,16443.25,0.0
ORD2457,clean,24945.09,24446.19,24446.19,0.0
ORD2458,clean,32836.22,32179.5,32179.5,0.0
ORD2459,clean,5269.03,5163.65,5163.65,0.0
ORD2460,clean,34430.35,33741.74,33741.74,0.0
ORD2461,duplicate_entry,34347.69,33660.74,33660.74,0.0
ORD2462,clean,39144.12,38361.24,38361.24,0.0
ORD2463,clean,39623.71,38831.24,38831.24,0.0
ORD2464,missing_settlement,23341.73,,,0.0
ORD2465,duplicate_entry,28068.33,27506.96,27506.96,0.0
ORD2466,clean,20593.58,20181.71,20181.71,0.0
ORD2467,missing_settlement,40163.9,,,0.0
ORD2468,fee_variance,35646.03,34754.88,34754.88,0.0
ORD2469,duplicate_entry,15966.17,15646.85,15646.85,0.0
ORD2470,tds_deduction,14810.64,14511.47,14511.47,0.0
ORD2471,missing_settlement,30429.76,,,0.0
ORD2472,duplicate_entry,2914.59,2856.3,2856.3,0.0
ORD2473,duplicate_credit,8837.62,8660.87,8660.87,0.0
ORD2474,clean,1098.64,1076.67,1076.67,0.0
ORD2475,rounding,33332.53,32665.88,32665.58,0.0
ORD2476,timing_lag,35878.61,35161.04,35161.04,0.0
ORD2477,rounding,43699.52,42825.53,42826.13,0.0
ORD2478,clean,24037.06,23556.32,23556.32,0.0
ORD2479,missing_settlement,19235.52,,,0.0
ORD2480,fee_variance,7265.85,7156.86,7156.86,0.0
ORD2481,clean,31187.06,30563.32,30563.32,0.0
ORD2482,clean,43043.59,42182.72,42182.72,0.0
ORD2483,clean,20891.17,20473.35,20473.35,0.0
ORD2484,timing_lag,40501.4,39691.37,39691.37,0.0
ORD2485,clean,8348.45,8181.48,8181.48,0.0
ORD2486,timing_lag,25855.99,25338.87,25338.87,0.0
ORD2487,clean,15171.55,14868.12,14868.12,0.0
ORD2488,timing_lag,38317.52,37551.17,37551.17,0.0
ORD2489,timing_lag,15840.24,15523.44,15523.44,0.0
ORD2490,timing_lag,16184.98,15861.28,15861.28,0.0
ORD2491,duplicate_credit,15109.52,14807.33,14807.33,0.0
ORD2492,clean,11745.12,11510.22,11510.22,0.0
ORD2493,duplicate_credit,30488.76,29878.98,29878.98,0.0
ORD2494,timing_lag,4897.12,4799.18,4799.18,0.0
ORD2495,fee_variance,9104.69,8995.43,8995.43,0.0
ORD2496,tds_deduction,36890.51,36145.32,36145.32,0.0
ORD2497,duplicate_credit,27192.38,26648.53,26648.53,0.0
ORD2498,clean,26078.52,25556.95,25556.95,0.0
ORD2499,clean,18451.5,18082.47,18082.47,0.0
ORD2500,refund_partial,29368.2,28780.84,14270.91,14509.93
ORD2501,clean,33775.16,33099.66,33099.66,0.0
ORD2502,tds_deduction,8399.71,8230.04,8230.04,0.0
ORD2503,tds_deduction,17750.96,17392.39,17392.39,0.0
ORD2504,clean,8636.0,8463.28,8463.28,0.0
ORD2505,fee_variance,40829.3,39604.42,39604.42,0.0
ORD2506,tds_deduction,28352.97,27780.24,27780.24,0.0
ORD2507,missing_settlement,9393.64,,,0.0
ORD2508,clean,14910.89,14612.67,14612.67,0.0
ORD2509,refund_partial,18265.36,17900.05,13535.91,4364.14
ORD2510,timing_lag,33207.98,32543.82,32543.82,0.0
ORD2511,timing_lag,8815.53,8639.22,8639.22,0.0
ORD2512,missing_settlement,18914.54,,,0.0
ORD2513,clean,8331.92,8165.28,8165.28,0.0
ORD2514,rounding,20264.77,19859.47,19858.97,0.0
ORD2515,tds_deduction,18510.48,18136.57,18136.57,0.0
ORD2516,clean,18340.03,17973.23,17973.23,0.0
ORD2517,duplicate_credit,2269.58,2224.19,2224.19,0.0
ORD2518,clean,26324.3,25797.81,25797.81,0.0
ORD2519,timing_lag,21211.49,20787.26,20787.26,0.0
ORD2520,timing_lag,30189.15,29585.37,29585.37,0.0
ORD2521,duplicate_entry,42329.2,41482.62,41482.62,0.0
ORD2522,clean,16718.37,16384.0,16384.0,0.0
ORD2523,clean,5072.82,4971.36,4971.36,0.0
ORD2524,clean,16308.98,15982.8,15982.8,0.0
ORD2525,fee_variance,35069.41,34648.58,34648.58,0.0
ORD2526,duplicate_credit,16422.66,16094.21,16094.21,0.0
ORD2527,clean,17888.33,17530.56,17530.56,0.0
ORD2528,duplicate_credit,29338.46,28751.69,28751.69,0.0
ORD2529,clean,30241.24,29636.42,29636.42,0.0
ORD2530,timing_lag,24089.03,23607.25,23607.25,0.0
ORD2531,clean,15815.7,15499.39,15499.39,0.0
ORD2532,timing_lag,21261.76,20836.52,20836.52,0.0
ORD2533,refund_partial,24633.25,24140.58,14398.42,9742.16
ORD2534,tds_deduction,25718.86,25199.34,25199.34,0.0
ORD2535,duplicate_entry,4410.38,4322.17,4322.17,0.0
ORD2536,clean,18093.42,17731.55,17731.55,0.0
ORD2537,clean,37513.99,36763.71,36763.71,0.0
ORD2538,clean,34454.0,33764.92,33764.92,0.0
ORD2539,fee_variance,44636.36,43297.27,43297.27,0.0
ORD2540,tds_deduction,43013.62,42144.75,42144.75,0.0
ORD2541,duplicate_entry,22778.27,22322.7,22322.7,0.0
ORD2542,clean,37470.95,36721.53,36721.53,0.0
ORD2543,rounding,6434.89,6306.19,6306.59,0.0
ORD2544,missing_settlement,27555.07,,,0.0
ORD2545,timing_lag,30518.67,29908.3,29908.3,0.0
ORD2546,clean,6181.24,6057.62,6057.62,0.0
ORD2547,clean,28485.44,27915.73,27915.73,0.0
ORD2548,clean,32389.98,31742.18,31742.18,0.0
ORD2549,clean,14818.4,14522.03,14522.03,0.0
ORD2550,missing_settlement,23462.08,,,0.0
ORD2551,fee_variance,4665.59,4525.62,4525.62,0.0
ORD2552,tds_deduction,10856.21,10636.92,10636.92,0.0
ORD2553,duplicate_entry,44882.03,43984.39,43984.39,0.0
ORD2554,missing_settlement,34135.03,,,0.0
ORD2555,fee_variance,42213.94,41707.37,41707.37,0.0
ORD2556,tds_deduction,4178.93,4094.51,4094.51,0.0
ORD2557,tds_deduction,22565.71,22109.89,22109.89,0.0
ORD2558,rounding,4215.21,4130.91,4130.41,0.0
ORD2559,fee_variance,18523.66,17967.95,17967.95,0.0
ORD2560,tds_deduction,36895.94,36150.64,36150.64,0.0
ORD2561,clean,1255.88,1230.76,1230.76,0.0
ORD2562,tds_deduction,2389.61,2341.34,2341.34,0.0
ORD2563,clean,43833.89,42957.21,42957.21,0.0
ORD2564,duplicate_entry,32551.33,31900.3,31900.3,0.0
ORD2565,clean,4688.97,4595.19,4595.19,0.0
ORD2566,clean,42665.19,41811.89,41811.89,0.0
ORD2567,clean,5275.92,5170.4,5170.4,0.0
ORD2568,duplicate_entry,32437.03,31788.29,31788.29,0.0
ORD2569,missing_settlement,6011.39,,,0.0
ORD2570,tds_deduction,20076.63,19671.08,19671.08,0.0
ORD2571,clean,10328.81,10122.23,10122.23,0.0
ORD2572,duplicate_credit,32368.14,31720.78,31720.78,0.0
ORD2573,duplicate_entry,36907.79,36169.63,36169.63,0.0
ORD2574,fee_variance,25644.06,24874.74,24874.74,0.0
ORD2575,clean,41403.29,40575.22,40575.22,0.0
ORD2576,clean,35398.87,34690.89,34690.89,0.0
ORD2577,clean,7417.02,7268.68,7268.68,0.0
ORD2578,clean,35893.22,35175.36,35175.36,0.0
ORD2579,clean,43678.58,42805.01,42805.01,0.0
ORD2580,tds_deduction,19193.08,18805.38,18805.38,0.0
ORD2581,missing_settlement,41836.42,,,0.0
ORD2582,clean,21398.95,20970.97,20970.97,0.0
ORD2583,fee_variance,31161.08,30693.66,30693.66,0.0
ORD2584,clean,1645.75,1612.84,1612.84,0.0
ORD2585,clean,40607.64,39795.49,39795.49,0.0
ORD2586,duplicate_entry,3401.22,3333.2,3333.2,0.0
ORD2587,fee_variance,15948.27,15756.89,15756.89,0.0
ORD2588,missing_settlement,19709.23,,,0.0
ORD2589,clean,22965.71,22506.4,22506.4,0.0
ORD2590,clean,39553.2,38762.14,38762.14,0.0
ORD2591,clean,14140.51,13857.7,13857.7,0.0
ORD2592,fee_variance,33807.53,32793.3,32793.3,0.0
ORD2593,missing_settlement,37483.69,,,0.0
ORD2594,refund_partial,7078.12,6936.56,4646.18,2290.38
ORD2595,timing_lag,20919.05,20500.67,20500.67,0.0
ORD2596,clean,1417.56,1389.21,1389.21,0.0
ORD2597,clean,39168.82,38385.44,38385.44,0.0
ORD2598,tds_deduction,38730.24,37947.89,37947.89,0.0
ORD2599,clean,24073.2,23591.74,23591.74,0.0
ORD2600,clean,28409.14,27840.96,27840.96,0.0
ORD2601,clean,16653.31,16320.24,16320.24,0.0
ORD2602,clean,10790.6,10574.79,10574.79,0.0
ORD2603,tds_deduction,25663.92,25145.51,25145.51,0.0
ORD2604,clean,29713.49,29119.22,29119.22,0.0
ORD2605,refund_partial,24055.14,23574.04,10936.49,12637.55
ORD2606,clean,27160.15,26616.95,26616.95,0.0
ORD2607,duplicate_credit,25175.0,24671.5,24671.5,0.0
ORD2608,clean,3622.8,3550.34,3550.34,0.0
ORD2609,clean,4428.31,4339.74,4339.74,0.0
ORD2610,rounding,26735.75,26201.03,26200.73,0.0
ORD2611,clean,13876.24,13598.72,13598.72,0.0
ORD2612,rounding,43748.62,42873.65,42874.25,0.0
ORD2613,clean,10764.43,10549.14,10549.14,0.0
ORD2614,clean,31332.62,30705.97,30705.97,0.0
ORD2615,duplicate_entry,5258.68,5153.51,5153.51,0.0
ORD2616,rounding,9007.1,8826.96,8827.56,0.0
ORD2617,duplicate_credit,6928.01,6789.45,6789.45,0.0
ORD2618,rounding,31646.96,31014.02,31014.62,0.0
ORD2619,clean,18468.32,18098.95,18098.95,0.0
ORD2620,tds_deduction,9976.02,9774.5,9774.5,0.0
ORD2621,rounding,14898.8,14600.82,14601.22,0.0
ORD2622,clean,24577.7,24086.15,24086.15,0.0
ORD2623,missing_settlement,36235.56,,,0.0
ORD2624,clean,9076.7,8895.17,8895.17,0.0
ORD2625,refund_partial,29449.45,28860.46,20472.23,8388.23
ORD2626,rounding,10287.23,10081.49,10080.99,0.0
ORD2627,clean,28884.28,28306.59,28306.59,0.0
ORD2628,clean,36110.46,35388.25,35388.25,0.0
ORD2629,tds_deduction,3098.13,3035.55,3035.55,0.0
ORD2630,duplicate_entry,20847.89,20430.93,20430.93,0.0
ORD2631,clean,38399.01,37631.03,37631.03,0.0
ORD2632,clean,34425.38,33736.87,33736.87,0.0
ORD2633,rounding,39359.28,38572.09,38571.79,0.0
ORD2634,clean,7493.46,7343.59,7343.59,0.0
ORD2635,duplicate_credit,8777.86,8602.3,8602.3,0.0
ORD2636,timing_lag,33507.37,32837.22,32837.22,0.0
ORD2637,clean,28909.73,28331.54,28331.54,0.0
ORD2638,clean,40587.56,39775.81,39775.81,0.0
ORD2639,fee_variance,37595.69,37031.75,37031.75,0.0
ORD2640,clean,1414.52,1386.23,1386.23,0.0
ORD2641,tds_deduction,19039.64,18655.04,18655.04,0.0
ORD2642,clean,35477.96,34768.4,34768.4,0.0
ORD2643,duplicate_entry,6295.6,6169.69,6169.69,0.0
ORD2644,clean,32064.81,31423.51,31423.51,0.0
ORD2645,tds_deduction,11501.04,11268.72,11268.72,0.0
ORD2646,tds_deduction,27638.34,27080.04,27080.04,0.0
ORD2647,clean,2278.35,2232.78,2232.78,0.0
ORD2648,clean,17399.8,17051.8,17051.8,0.0
ORD2649,duplicate_entry,40977.69,40158.14,40158.14,0.0
ORD2650,refund_partial,35944.77,35225.87,26528.29,8697.58
ORD2651,duplicate_entry,41871.45,41034.02,41034.02,0.0
ORD2652,fee_variance,14060.37,13891.65,13891.65,0.0
ORD2653,clean,41750.32,40915.31,40915.31,0.0
ORD2654,clean,31252.58,30627.53,30627.53,0.0
ORD2655,refund_partial,36522.67,35792.22,22454.32,13337.9
ORD2656,rounding,9009.38,8829.19,8828.89,0.0
ORD2657,duplicate_credit,23681.63,23208.0,23208.0,0.0
ORD2658,clean,19125.13,18742.63,18742.63,0.0
ORD2659,fee_variance,8487.33,8275.15,8275.15,0.0
ORD2660,refund_partial,35513.67,34803.4,14739.08,20064.32
ORD2661,duplicate_credit,13194.74,12930.85,12930.85,0.0
ORD2662,fee_variance,11871.9,11693.82,11693.82,0.0
ORD2663,clean,31689.43,31055.64,31055.64,0.0
ORD2664,clean,5735.14,5620.44,5620.44,0.0
ORD2665,missing_settlement,25000.35,,,0.0
ORD2666,clean,15449.64,15140.65,15140.65,0.0
ORD2667,tds_deduction,10425.68,10215.08,10215.08,0.0
ORD2668,fee_variance,3562.97,3520.21,3520.21,0.0
ORD2669,missing_settlement,41038.89,,,0.0
ORD2670,duplicate_entry,11618.78,11386.4,11386.4,0.0
ORD2671,clean,34836.31,34139.58,34139.58,0.0
ORD2672,clean,34786.73,34091.0,34091.0,0.0
ORD2673,clean,20437.25,20028.5,20028.5,0.0
ORD2674,clean,26893.85,26355.97,26355.97,0.0
ORD2675,fee_variance,40384.35,39374.74,39374.74,0.0
ORD2676,duplicate_entry,565.23,553.93,553.93,0.0
ORD2677,missing_settlement,43328.25,,,0.0
ORD2678,clean,16868.06,16530.7,16530.7,0.0
ORD2679,duplicate_credit,31998.65,31358.68,31358.68,0.0
ORD2680,duplicate_entry,12216.58,11972.25,11972.25,0.0
ORD2681,duplicate_credit,41949.01,41110.03,41110.03,0.0
ORD2682,fee_variance,918.82,891.26,891.26,0.0
ORD2683,clean,9058.19,8877.03,8877.03,0.0
ORD2684,duplicate_credit,21526.82,21096.28,21096.28,0.0
ORD2685,duplicate_entry,36712.22,35977.98,35977.98,0.0
ORD2686,tds_deduction,24685.01,24186.37,24186.37,0.0
ORD2687,missing_settlement,30886.8,,,0.0
ORD2688,clean,8994.45,8814.56,8814.56,0.0
ORD2689,clean,43676.52,42802.99,42802.99,0.0
ORD2690,fee_variance,41983.62,40724.11,40724.11,0.0
ORD2691,duplicate_entry,43769.74,42894.35,42894.35,0.0
ORD2692,clean,29434.09,28845.41,28845.41,0.0
ORD2693,rounding,8992.87,8813.01,8813.41,0.0
ORD2694,missing_settlement,10849.68,,,0.0
ORD2695,clean,2277.32,2231.77,2231.77,0.0
ORD2696,fee_variance,13740.92,13328.69,13328.69,0.0
ORD2697,tds_deduction,44134.17,43242.66,43242.66,0.0
ORD2698,timing_lag,21916.98,21478.64,21478.64,0.0
ORD2699,clean,31456.89,30827.75,30827.75,0.0
ORD2700,clean,13159.51,12896.32,12896.32,0.0
ORD2701,rounding,25998.24,25478.28,25478.88,0.0
ORD2702,duplicate_entry,28255.6,27690.49,27690.49,0.0
ORD2703,clean,28161.89,27598.65,27598.65,0.0
ORD2704,clean,33727.47,33052.92,33052.92,0.0
ORD2705,duplicate_entry,2002.08,1962.04,1962.04,0.0
ORD2706,duplicate_entry,11687.55,11453.8,11453.8,0.0
ORD2707,clean,18771.25,18395.82,18395.82,0.0
ORD2708,fee_variance,31456.72,30670.3,30670.3,0.0
ORD2709,missing_settlement,4259.79,,,0.0
ORD2710,missing_settlement,24008.14,,,0.0
ORD2711,timing_lag,11577.59,11346.04,11346.04,0.0
ORD2712,timing_lag,3705.57,3631.46,3631.46,0.0
ORD2713,fee_variance,22869.77,22298.03,22298.03,0.0
ORD2714,clean,18897.61,18519.66,18519.66,0.0
ORD2715,clean,10210.13,10005.93,10005.93,0.0
ORD2716,clean,28833.14,28256.48,28256.48,0.0
ORD2717,rounding,21830.75,21394.13,21394.73,0.0
ORD2718,clean,30030.51,29429.9,29429.9,0.0
ORD2719,fee_variance,22500.74,21938.22,21938.22,0.0
ORD2720,clean,29213.17,28628.91,28628.91,0.0
ORD2721,timing_lag,6144.23,6021.35,6021.35,0.0
ORD2722,clean,35568.79,34857.41,34857.41,0.0
ORD2723,clean,2201.4,2157.37,2157.37,0.0
ORD2724,refund_partial,22859.13,22401.95,12499.87,9902.08
ORD2725,clean,6625.48,6492.97,6492.97,0.0
ORD2726,clean,25900.89,25382.87,25382.87,0.0
ORD2727,tds_deduction,23909.13,23426.17,23426.17,0.0
ORD2728,duplicate_entry,15273.66,14968.19,14968.19,0.0
ORD2729,clean,723.66,709.19,709.19,0.0
ORD2730,fee_variance,7923.2,7685.5,7685.5,0.0
ORD2731,clean,31899.67,31261.68,31261.68,0.0
ORD2732,timing_lag,36806.06,36069.94,36069.94,0.0
ORD2733,clean,41521.43,40691.0,40691.0,0.0
ORD2734,clean,8687.32,8513.57,8513.57,0.0
ORD2735,refund_partial,14341.64,14054.81,9253.31,4801.5
ORD2736,duplicate_credit,39016.68,38236.35,38236.35,0.0
ORD2737,timing_lag,31291.24,30665.42,30665.42,0.0
ORD2738,fee_variance,32560.04,31583.24,31583.24,0.0
ORD2739,clean,23085.46,22623.75,22623.75,0.0
ORD2740,duplicate_entry,42668.68,41815.31,41815.31,0.0
ORD2741,clean,29890.06,29292.26,29292.26,0.0
ORD2742,refund_partial,35978.05,35258.49,15074.24,20184.25
ORD2743,duplicate_entry,10128.1,9925.54,9925.54,0.0
ORD2744,duplicate_credit,29395.94,28808.02,28808.02,0.0
ORD2745,refund_partial,8127.24,7964.7,4713.84,3250.86
ORD2746,clean,16676.11,16342.59,16342.59,0.0
ORD2747,clean,39566.01,38774.69,38774.69,0.0
ORD2748,clean,11076.66,10855.13,10855.13,0.0
ORD2749,clean,23599.48,23127.49,23127.49,0.0
ORD2750,clean,37610.22,36858.02,36858.02,0.0
ORD2751,clean,33018.2,32357.84,32357.84,0.0
ORD2752,fee_variance,33499.85,32662.35,32662.35,0.0
ORD2753,duplicate_credit,8725.71,8551.2,8551.2,0.0
ORD2754,clean,2181.75,2138.12,2138.12,0.0
ORD2755,refund_partial,23501.78,23031.74,12053.99,10977.75
ORD2756,missing_settlement,10658.42,,,0.0
ORD2757,clean,20626.01,20213.49,20213.49,0.0
ORD2758,fee_variance,33062.52,32070.64,32070.64,0.0
ORD2759,clean,12645.12,12392.22,12392.22,0.0
ORD2760,clean,33479.08,32809.5,32809.5,0.0
ORD2761,refund_partial,13819.56,13543.17,7068.92,6474.25
ORD2762,clean,20144.04,19741.16,19741.16,0.0
ORD2763,fee_variance,33672.73,32830.91,32830.91,0.0
ORD2764,tds_deduction,24096.46,23609.71,23609.71,0.0
ORD2765,refund_partial,31881.36,31243.73,15651.66,15592.07
ORD2766,tds_deduction,28550.37,27973.65,27973.65,0.0
ORD2767,clean,1544.66,1513.77,1513.77,0.0
ORD2768,clean,22538.64,22087.87,22087.87,0.0
ORD2769,clean,33580.35,32908.74,32908.74,0.0
ORD2770,refund_partial,6353.99,6226.91,4098.51,2128.4
ORD2771,refund_partial,28290.87,27725.05,14973.93,12751.12
ORD2772,clean,5039.97,4939.17,4939.17,0.0
ORD2773,clean,21447.47,21018.52,21018.52,0.0
ORD2774,clean,38941.02,38162.2,38162.2,0.0
ORD2775,clean,9866.58,9669.25,9669.25,0.0
ORD2776,missing_settlement,5150.11,,,0.0
ORD2777,missing_settlement,44470.74,,,0.0
ORD2778,duplicate_credit,43753.44,42878.37,42878.37,0.0
ORD2779,clean,10400.88,10192.86,10192.86,0.0
ORD2780,duplicate_entry,10268.73,10063.36,10063.36,0.0
ORD2781,rounding,5414.75,5306.45,5306.85,0.0
ORD2782,tds_deduction,4368.61,4280.37,4280.37,0.0
ORD2783,refund_partial,27800.84,27244.82,11692.53,15552.29
ORD2784,clean,36406.3,35678.17,35678.17,0.0
ORD2785,clean,16773.63,16438.16,16438.16,0.0
ORD2786,rounding,16801.97,16465.93,16466.53,0.0
ORD2787,missing_settlement,25544.08,,,0.0
ORD2788,tds_deduction,18121.91,17755.85,17755.85,0.0
ORD2789,clean,30256.1,29650.98,29650.98,0.0
ORD2790,fee_variance,30305.41,29850.83,29850.83,0.0
ORD2791,duplicate_entry,32526.36,31875.83,31875.83,0.0
ORD2792,clean,18259.73,17894.54,17894.54,0.0
ORD2793,clean,3413.94,3345.66,3345.66,0.0
ORD2794,clean,18296.09,17930.17,17930.17,0.0
ORD2795,clean,6353.58,6226.51,6226.51,0.0
ORD2796,timing_lag,40987.21,40167.47,40167.47,0.0
ORD2797,clean,36548.59,35817.62,35817.62,0.0
ORD2798,clean,31878.87,31241.29,31241.29,0.0
ORD2799,clean,39121.11,38338.69,38338.69,0.0
ORD2800,tds_deduction,33614.02,32935.02,32935.02,0.0
ORD2801,clean,5884.38,5766.69,5766.69,0.0
ORD2802,rounding,14427.9,14139.34,14139.74,0.0
ORD2803,clean,12637.87,12385.11,12385.11,0.0
ORD2804,clean,13623.49,13351.02,13351.02,0.0
ORD2805,missing_settlement,41964.27,,,0.0
ORD2806,clean,37449.31,36700.32,36700.32,0.0
ORD2807,missing_settlement,28928.94,,,0.0
ORD2808,duplicate_credit,3362.94,3295.68,3295.68,0.0
ORD2809,missing_settlement,40899.95,,,0.0
ORD2810,clean,6029.98,5909.38,5909.38,0.0
ORD2811,clean,19970.47,19571.06,19571.06,0.0
ORD2812,clean,11412.51,11184.26,11184.26,0.0
ORD2813,missing_settlement,32533.86,,,0.0
ORD2814,duplicate_credit,13369.89,13102.49,13102.49,0.0
ORD2815,tds_deduction,14011.43,13728.4,13728.4,0.0
ORD2816,clean,3386.93,3319.19,3319.19,0.0
ORD2817,clean,44189.16,43305.38,43305.38,0.0
ORD2818,duplicate_credit,2933.98,2875.3,2875.3,0.0
ORD2819,timing_lag,38874.62,38097.13,38097.13,0.0
ORD2820,tds_deduction,23431.74,22958.42,22958.42,0.0
ORD2821,clean,19362.59,18975.34,18975.34,0.0
ORD2822,clean,25169.9,24666.5,24666.5,0.0
ORD2823,clean,12271.03,12025.61,12025.61,0.0
ORD2824,rounding,25914.81,25396.51,25397.11,0.0
ORD2825,fee_variance,23308.36,23028.66,23028.66,0.0
ORD2826,clean,33756.88,33081.74,33081.74,0.0
ORD2827,duplicate_credit,20400.51,19992.5,19992.5,0.0
ORD2828,clean,11232.68,11008.03,11008.03,0.0
ORD2829,clean,40895.8,40077.88,40077.88,0.0
ORD2830,clean,2911.12,2852.9,2852.9,0.0
ORD2831,clean,19798.97,19402.99,19402.99,0.0
ORD2832,duplicate_credit,40614.58,39802.29,39802.29,0.0
ORD2833,clean,18709.45,18335.26,18335.26,0.0
ORD2834,clean,34581.77,33890.13,33890.13,0.0
ORD2835,timing_lag,16014.29,15694.0,15694.0,0.0
ORD2836,clean,42606.86,41754.72,41754.72,0.0
ORD2837,missing_settlement,27043.18,,,0.0
ORD2838,clean,12477.41,12227.86,12227.86,0.0
ORD2839,refund_partial,33162.45,32499.2,16615.44,15883.76
ORD2840,clean,11808.32,11572.15,11572.15,0.0
ORD2841,missing_settlement,41181.84,,,0.0
ORD2842,tds_deduction,7612.4,7458.63,7458.63,0.0
ORD2843,clean,36142.09,35419.25,35419.25,0.0
ORD2844,timing_lag,31108.16,30486.0,30486.0,0.0
ORD2845,clean,38377.25,37609.7,37609.7,0.0
ORD2846,clean,8224.62,8060.13,8060.13,0.0
ORD2847,clean,11960.77,11721.55,11721.55,0.0
ORD2848,clean,26983.95,26444.27,26444.27,0.0
ORD2849,refund_partial,44320.56,43434.15,23595.37,19838.78
ORD2850,refund_partial,39131.86,38349.22,21852.85,16496.37
ORD2851,missing_settlement,43476.5,,,0.0
ORD2852,clean,29084.98,28503.28,28503.28,0.0
ORD2853,clean,44046.1,43165.18,43165.18,0.0
ORD2854,missing_settlement,22228.83,,,0.0
ORD2855,clean,6444.75,6315.85,6315.85,0.0
ORD2856,rounding,33555.81,32884.69,32885.09,0.0
ORD2857,clean,38167.92,37404.56,37404.56,0.0
ORD2858,refund_partial,1195.09,1171.19,825.6,345.59
ORD2859,clean,10286.58,10080.85,10080.85,0.0
ORD2860,duplicate_entry,19855.62,19458.51,19458.51,0.0
ORD2861,clean,44803.59,43907.52,43907.52,0.0
ORD2862,clean,7137.99,6995.23,6995.23,0.0
ORD2863,clean,31463.05,30833.79,30833.79,0.0
ORD2864,duplicate_credit,39088.19,38306.43,38306.43,0.0
ORD2865,timing_lag,22979.65,22520.06,22520.06,0.0
ORD2866,clean,22793.69,22337.82,22337.82,0.0
ORD2867,clean,26163.92,25640.64,25640.64,0.0
ORD2868,missing_settlement,22815.7,,,0.0
ORD2869,clean,28594.27,28022.38,28022.38,0.0
ORD2870,fee_variance,41430.12,40808.67,40808.67,0.0
ORD2871,clean,12903.16,12645.1,12645.1,0.0
ORD2872,clean,10178.65,9975.08,9975.08,0.0
ORD2873,duplicate_entry,26424.9,25896.4,25896.4,0.0
ORD2874,rounding,15934.82,15616.12,15615.82,0.0
ORD2875,clean,14799.36,14503.37,14503.37,0.0
ORD2876,clean,2933.3,2874.63,2874.63,0.0
ORD2877,clean,42848.08,41991.12,41991.12,0.0
ORD2878,fee_variance,37272.18,36154.01,36154.01,0.0
ORD2879,timing_lag,33054.19,32393.11,32393.11,0.0
ORD2880,clean,524.8,514.3,514.3,0.0
ORD2881,clean,22524.54,22074.05,22074.05,0.0
ORD2882,fee_variance,29605.32,29250.06,29250.06,0.0
ORD2883,rounding,40281.52,39475.89,39475.39,0.0
ORD2884,duplicate_entry,35986.24,35266.52,35266.52,0.0
ORD2885,fee_variance,4522.12,4454.29,4454.29,0.0
ORD2886,clean,10810.2,10594.0,10594.0,0.0
ORD2887,clean,4171.47,4088.04,4088.04,0.0
ORD2888,rounding,20554.33,20143.24,20143.64,0.0
ORD2889,clean,26625.97,26093.45,26093.45,0.0
ORD2890,rounding,39625.74,38833.23,38832.73,0.0
ORD2891,clean,20543.85,20132.97,20132.97,0.0
ORD2892,duplicate_entry,1046.06,1025.14,1025.14,0.0
ORD2893,clean,33662.15,32988.91,32988.91,0.0
ORD2894,duplicate_credit,40481.91,39672.27,39672.27,0.0
ORD2895,duplicate_credit,34367.55,33680.2,33680.2,0.0
ORD2896,timing_lag,26166.58,25643.25,25643.25,0.0
ORD2897,clean,24751.62,24256.59,24256.59,0.0
ORD2898,missing_settlement,30028.95,,,0.0
ORD2899,timing_lag,3149.4,3086.41,3086.41,0.0
ORD2900,duplicate_credit,2371.96,2324.52,2324.52,0.0
ORD2901,clean,32231.95,31587.31,31587.31,0.0
ORD2902,clean,18280.78,17915.16,17915.16,0.0
ORD2903,duplicate_credit,33811.29,33135.06,33135.06,0.0
ORD2904,clean,19629.44,19236.85,19236.85,0.0
ORD2905,clean,25053.74,24552.67,24552.67,0.0
ORD2906,clean,28695.15,28121.25,28121.25,0.0
ORD2907,fee_variance,31439.2,30653.22,30653.22,0.0
ORD2908,clean,3699.78,3625.78,3625.78,0.0
ORD2909,timing_lag,11144.11,10921.23,10921.23,0.0
ORD2910,clean,25370.31,24862.9,24862.9,0.0
ORD2911,timing_lag,16184.11,15860.43,15860.43,0.0
ORD2912,clean,38589.87,37818.07,37818.07,0.0
ORD2913,rounding,4328.53,4241.96,4242.36,0.0
ORD2914,duplicate_entry,12979.51,12719.92,12719.92,0.0
ORD2915,duplicate_credit,35636.93,34924.19,34924.19,0.0
ORD2916,clean,1826.68,1790.15,1790.15,0.0
ORD2917,rounding,22395.45,21947.54,21947.04,0.0
ORD2918,clean,24944.7,24445.81,24445.81,0.0
ORD2919,rounding,32298.13,31652.17,31651.67,0.0
ORD2920,clean,29645.36,29052.45,29052.45,0.0
ORD2921,duplicate_credit,35405.29,34697.18,34697.18,0.0
ORD2922,refund_partial,44547.8,43656.84,17680.75,25976.09
ORD2923,timing_lag,35830.23,35113.63,35113.63,0.0
ORD2924,timing_lag,28390.12,27822.32,27822.32,0.0
ORD2925,timing_lag,35337.55,34630.8,34630.8,0.0
ORD2926,timing_lag,26140.56,25617.75,25617.75,0.0
ORD2927,clean,719.26,704.87,704.87,0.0
ORD2928,refund_partial,35874.57,35157.08,21909.42,13247.66
ORD2929,clean,682.04,668.4,668.4,0.0
ORD2930,clean,5195.32,5091.41,5091.41,0.0
ORD2931,clean,34177.39,33493.84,33493.84,0.0
ORD2932,clean,26882.77,26345.11,26345.11,0.0
ORD2933,duplicate_entry,11010.49,10790.28,10790.28,0.0
ORD2934,clean,17932.14,17573.5,17573.5,0.0
ORD2935,clean,14165.65,13882.34,13882.34,0.0
ORD2936,rounding,936.07,917.35,917.75,0.0
ORD2937,clean,36724.52,35990.03,35990.03,0.0
ORD2938,clean,26373.83,25846.35,25846.35,0.0
ORD2939,fee_variance,1546.8,1508.13,1508.13,0.0
ORD2940,fee_variance,31680.8,30888.78,30888.78,0.0
ORD2941,timing_lag,7179.45,7035.86,7035.86,0.0
ORD2942,rounding,10436.91,10228.17,10228.57,0.0
ORD2943,clean,22269.41,21824.02,21824.02,0.0
ORD2944,duplicate_credit,29778.66,29183.09,29183.09,0.0
ORD2945,rounding,44167.49,43284.14,43283.64,0.0
ORD2946,clean,35272.22,34566.78,34566.78,0.0
ORD2947,clean,23432.1,22963.46,22963.46,0.0
ORD2948,timing_lag,27196.6,26652.67,26652.67,0.0
ORD2949,timing_lag,6339.88,6213.08,6213.08,0.0
ORD2950,clean,43957.11,43077.97,43077.97,0.0
ORD2951,clean,42871.74,42014.31,42014.31,0.0
ORD2952,clean,40142.43,39339.58,39339.58,0.0
ORD2953,clean,33534.46,32863.77,32863.77,0.0
ORD2954,fee_variance,19367.5,19076.99,19076.99,0.0
ORD2955,duplicate_credit,21768.03,21332.67,21332.67,0.0
ORD2956,clean,34880.92,34183.3,34183.3,0.0
ORD2957,fee_variance,33171.38,32673.81,32673.81,0.0
ORD2958,rounding,4626.29,4533.76,4533.46,0.0
ORD2959,clean,1132.91,1110.25,1110.25,0.0
ORD2960,duplicate_credit,2957.47,2898.32,2898.32,0.0
ORD2961,missing_settlement,7754.07,,,0.0
ORD2962,clean,12584.44,12332.75,12332.75,0.0
ORD2963,clean,15182.08,14878.44,14878.44,0.0
ORD2964,duplicate_credit,26082.56,25560.91,25560.91,0.0
ORD2965,timing_lag,16651.9,16318.86,16318.86,0.0
ORD2966,clean,42010.12,41169.92,41169.92,0.0
ORD2967,refund_partial,14994.67,14694.78,8196.21,6498.57
ORD2968,duplicate_entry,32319.7,31673.31,31673.31,0.0
ORD2969,clean,8573.61,8402.14,8402.14,0.0
ORD2970,clean,39801.43,39005.4,39005.4,0.0
ORD2971,clean,1828.75,1792.17,1792.17,0.0
ORD2972,clean,6037.67,5916.92,5916.92,0.0
ORD2973,refund_partial,12125.39,11882.88,7400.72,4482.16
ORD2974,duplicate_entry,6033.03,5912.37,5912.37,0.0
ORD2975,missing_settlement,10917.68,,,0.0
ORD2976,duplicate_entry,34281.43,33595.8,33595.8,0.0
ORD2977,duplicate_credit,38821.82,38045.38,38045.38,0.0
ORD2978,clean,28579.86,28008.26,28008.26,0.0
ORD2979,timing_lag,11948.06,11709.1,11709.1,0.0
ORD2980,refund_partial,33461.07,32791.85,14927.9,17863.95
ORD2981,missing_settlement,39808.1,,,0.0
ORD2982,clean,18905.97,18527.85,18527.85,0.0
ORD2983,clean,11611.19,11378.97,11378.97,0.0
ORD2984,tds_deduction,19085.43,18699.9,18699.9,0.0
ORD2985,clean,37090.74,36348.93,36348.93,0.0
ORD2986,timing_lag,20145.2,19742.3,19742.3,0.0
ORD2987,clean,1440.31,1411.5,1411.5,0.0
ORD2988,clean,35559.32,34848.13,34848.13,0.0
ORD2989,timing_lag,34275.39,33589.88,33589.88,0.0
ORD2990,clean,6182.89,6059.23,6059.23,0.0
ORD2991,clean,3873.92,3796.44,3796.44,0.0
ORD2992,refund_partial,15806.07,15489.95,9579.82,5910.13
ORD2993,duplicate_entry,21596.73,21164.8,21164.8,0.0
ORD2994,missing_settlement,24031.16,,,0.0
ORD2995,tds_deduction,39050.62,38261.8,38261.8,0.0
ORD2996,duplicate_entry,24636.01,24143.29,24143.29,0.0
ORD2997,missing_settlement,2732.55,,,0.0
ORD2998,missing_settlement,7765.47,,,0.0
ORD2999,clean,44864.22,43966.94,43966.94,0.0
ORD3000,tds_deduction,43407.77,42530.93,42530.93,0.0
ORD3001,clean,24734.14,24239.46,24239.46,0.0
ORD3002,tds_deduction,40665.88,39844.43,39844.43,0.0
ORD3003,clean,30001.39,29401.36,29401.36,0.0
ORD3004,timing_lag,19669.0,19275.62,19275.62,0.0
ORD3005,missing_settlement,14827.44,,,0.0
ORD3006,tds_deduction,30494.78,29878.78,29878.78,0.0
ORD3007,clean,9372.3,9184.85,9184.85,0.0
ORD3008,timing_lag,19515.07,19124.77,19124.77,0.0
ORD3009,clean,8579.69,8408.1,8408.1,0.0
ORD3010,refund_partial,15224.72,14920.23,10744.51,4175.72
ORD3011,clean,21906.25,21468.13,21468.13,0.0
ORD3012,clean,14789.32,14493.53,14493.53,0.0
ORD3013,tds_deduction,31331.91,30699.0,30699.0,0.0
ORD3014,clean,4221.84,4137.4,4137.4,0.0
ORD3015,fee_variance,10896.93,10733.48,10733.48,0.0
ORD3016,refund_partial,10558.36,10347.19,5801.14,4546.05
ORD3017,timing_lag,12609.59,12357.4,12357.4,0.0
ORD3018,clean,31218.85,30594.47,30594.47,0.0
ORD3019,timing_lag,41578.18,40746.62,40746.62,0.0
ORD3020,timing_lag,43672.69,42799.24,42799.24,0.0
ORD3021,clean,44800.63,43904.62,43904.62,0.0
ORD3022,clean,37155.3,36412.19,36412.19,0.0
ORD3023,clean,10837.25,10620.5,10620.5,0.0
ORD3024,clean,20936.04,20517.32,20517.32,0.0
ORD3025,clean,25898.46,25380.49,25380.49,0.0
ORD3026,clean,32478.56,31828.99,31828.99,0.0
ORD3027,clean,22959.39,22500.2,22500.2,0.0
ORD3028,clean,32045.29,31404.38,31404.38,0.0
ORD3029,fee_variance,17258.56,17051.46,17051.46,0.0
ORD3030,duplicate_credit,5326.66,5220.13,5220.13,0.0
ORD3031,fee_variance,41077.64,39845.31,39845.31,0.0
ORD3032,fee_variance,18444.17,17890.84,17890.84,0.0
ORD3033,tds_deduction,40075.81,39266.27,39266.27,0.0
ORD3034,clean,36669.95,35936.55,35936.55,0.0
ORD3035,rounding,25402.5,24894.45,24894.85,0.0
ORD3036,clean,850.4,833.39,833.39,0.0
ORD3037,fee_variance,12034.62,11854.1,11854.1,0.0
ORD3038,fee_variance,17699.96,17168.96,17168.96,0.0
ORD3039,timing_lag,6891.05,6753.23,6753.23,0.0
ORD3040,clean,12787.0,12531.26,12531.26,0.0
ORD3041,clean,5056.52,4955.39,4955.39,0.0
ORD3042,clean,29595.83,29003.91,29003.91,0.0
ORD3043,timing_lag,2003.83,1963.75,1963.75,0.0
ORD3044,clean,29490.81,28900.99,28900.99,0.0
ORD3045,fee_variance,18374.58,18098.96,18098.96,0.0
ORD3046,clean,28303.48,27737.41,27737.41,0.0
ORD3047,clean,5732.91,5618.25,5618.25,0.0
ORD3048,duplicate_credit,42587.69,41735.94,41735.94,0.0
ORD3049,clean,33602.27,32930.22,32930.22,0.0
ORD3050,fee_variance,27550.7,27220.09,27220.09,0.0
ORD3051,timing_lag,3311.63,3245.4,3245.4,0.0
ORD3052,clean,41258.58,40433.41,40433.41,0.0
ORD3053,refund_partial,15602.77,15290.71,9451.73,5838.98
ORD3054,clean,43738.84,42864.06,42864.06,0.0
ORD3055,duplicate_entry,37610.73,36858.52,36858.52,0.0
ORD3056,clean,36747.96,36013.0,36013.0,0.0
ORD3057,clean,24895.81,24397.89,24397.89,0.0
ORD3058,duplicate_credit,43991.12,43111.3,43111.3,0.0
ORD3059,clean,4020.0,3939.6,3939.6,0.0
ORD3060,clean,25037.17,24536.43,24536.43,0.0
ORD3061,clean,19904.37,19506.28,19506.28,0.0
ORD3062,clean,7916.76,7758.42,7758.42,0.0
ORD3063,rounding,26370.7,25843.29,25842.79,0.0
ORD3064,clean,25091.46,24589.63,24589.63,0.0
ORD3065,clean,43632.89,42760.23,42760.23,0.0
ORD3066,refund_partial,33312.94,32646.68,16896.42,15750.26
ORD3067,rounding,29654.97,29061.87,29061.37,0.0
ORD3068,clean,38000.79,37240.77,37240.77,0.0
ORD3069,clean,1642.54,1609.69,1609.69,0.0
ORD3070,clean,14342.63,14055.78,14055.78,0.0
ORD3071,tds_deduction,25352.48,24840.36,24840.36,0.0
ORD3072,tds_deduction,22794.73,22334.28,22334.28,0.0
ORD3073,duplicate_credit,36453.33,35724.26,35724.26,0.0
ORD3074,duplicate_credit,16607.35,16275.2,16275.2,0.0
ORD3075,timing_lag,9149.58,8966.59,8966.59,0.0
ORD3076,rounding,38686.87,37913.13,37912.63,0.0
ORD3077,rounding,11881.26,11643.63,11644.23,0.0
ORD3078,duplicate_entry,18787.91,18412.15,18412.15,0.0
ORD3079,timing_lag,44900.92,44002.9,44002.9,0.0
ORD3080,duplicate_entry,18631.03,18258.41,18258.41,0.0
ORD3081,rounding,26186.9,25663.16,25663.76,0.0
ORD3082,missing_settlement,10382.55,,,0.0
ORD3083,clean,25553.99,25042.91,25042.91,0.0
ORD3084,duplicate_credit,20967.87,20548.51,20548.51,0.0
ORD3085,clean,7656.76,7503.62,7503.62,0.0
ORD3086,duplicate_entry,2907.09,2848.95,2848.95,0.0
ORD3087,fee_variance,39601.56,39007.54,39007.54,0.0
ORD3088,timing_lag,24162.43,23679.18,23679.18,0.0
ORD3089,refund_partial,28851.06,28274.04,15125.05,13148.99
ORD3090,fee_variance,28052.09,27210.53,27210.53,0.0
ORD3091,clean,41678.58,40845.01,40845.01,0.0
ORD3092,duplicate_entry,30655.75,30042.63,30042.63,0.0
ORD3093,duplicate_credit,1175.75,1152.23,1152.23,0.0
ORD3094,fee_variance,10269.07,10012.34,10012.34,0.0
ORD3095,clean,22729.53,22274.94,22274.94,0.0
ORD3096,clean,26740.32,26205.51,26205.51,0.0
ORD3097,clean,42881.22,42023.6,42023.6,0.0
ORD3098,rounding,30199.01,29595.03,29595.43,0.0
ORD3099,clean,20822.22,20405.78,20405.78,0.0
ORD3100,clean,26423.88,25895.4,25895.4,0.0
ORD3101,fee_variance,40200.92,38994.89,38994.89,0.0
ORD3102,clean,35543.53,34832.66,34832.66,0.0
ORD3103,clean,43308.99,42442.81,42442.81,0.0
ORD3104,duplicate_entry,42364.72,41517.43,41517.43,0.0
ORD3105,duplicate_credit,16472.47,16143.02,16143.02,0.0
ORD3106,timing_lag,28780.92,28205.3,28205.3,0.0
ORD3107,clean,18616.45,18244.12,18244.12,0.0
ORD3108,clean,7344.34,7197.45,7197.45,0.0
ORD3109,clean,4476.25,4386.72,4386.72,0.0
ORD3110,clean,17877.73,17520.18,17520.18,0.0
ORD3111,fee_variance,9678.83,9436.86,9436.86,0.0
ORD3112,fee_variance,15206.18,14749.99,14749.99,0.0
ORD3113,clean,35962.25,35243.0,35243.0,0.0
ORD3114,missing_settlement,33661.99,,,0.0
ORD3115,clean,34111.83,33429.59,33429.59,0.0
ORD3116,duplicate_credit,2060.87,2019.65,2019.65,0.0
ORD3117,duplicate_credit,32189.91,31546.11,31546.11,0.0
ORD3118,refund_partial,10305.14,10099.04,6750.31,3348.73
ORD3119,clean,35907.48,35189.33,35189.33,0.0
ORD3120,clean,3329.34,3262.75,3262.75,0.0
ORD3121,missing_settlement,20828.28,,,0.0
ORD3122,clean,9937.28,9738.53,9738.53,0.0
ORD3123,clean,8130.84,7968.22,7968.22,0.0
ORD3124,fee_variance,32937.15,31949.04,31949.04,0.0
ORD3125,timing_lag,24658.46,24165.29,24165.29,0.0
ORD3126,missing_settlement,23945.98,,,0.0
ORD3127,duplicate_entry,15907.23,15589.09,15589.09,0.0
ORD3128,timing_lag,5651.91,5538.87,5538.87,0.0
ORD3129,refund_partial,2693.64,2639.77,1472.75,1167.02
ORD3130,timing_lag,19599.17,19207.19,19207.19,0.0
ORD3131,timing_lag,29246.37,28661.44,28661.44,0.0
ORD3132,tds_deduction,28487.71,27912.26,27912.26,0.0
ORD3133,clean,41542.48,40711.63,40711.63,0.0
ORD3134,clean,31750.22,31115.22,31115.22,0.0
ORD3135,fee_variance,31810.95,31015.68,31015.68,0.0
ORD3136,clean,5703.02,5588.96,5588.96,0.0
ORD3137,refund_partial,17991.97,17632.13,10526.38,7105.75
ORD3138,tds_deduction,6266.92,6140.33,6140.33,0.0
ORD3139,timing_lag,42040.19,41199.39,41199.39,0.0
ORD3140,clean,20513.08,20102.82,20102.82,0.0
ORD3141,clean,35037.71,34336.96,34336.96,0.0
ORD3142,clean,29457.28,28868.13,28868.13,0.0
ORD3143,fee_variance,19431.79,18848.84,18848.84,0.0
ORD3144,fee_variance,13813.48,13468.14,13468.14,0.0
ORD3145,missing_settlement,27982.81,,,0.0
ORD3146,refund_partial,5200.27,5096.26,3810.83,1285.43
ORD3147,timing_lag,14556.8,14265.66,14265.66,0.0
ORD3148,clean,37433.19,36684.53,36684.53,0.0
ORD3149,tds_deduction,1761.72,1726.14,1726.14,0.0
ORD3150,refund_partial,39421.95,38633.51,16998.49,21635.02
ORD3151,clean,17265.68,16920.37,16920.37,0.0
ORD3152,timing_lag,34618.84,33926.46,33926.46,0.0
ORD3153,duplicate_entry,27344.27,26797.38,26797.38,0.0
ORD3154,clean,20247.88,19842.92,19842.92,0.0
ORD3155,clean,13936.58,13657.85,13657.85,0.0
ORD3156,refund_partial,23771.5,23296.07,10417.57,12878.5
ORD3157,duplicate_credit,6223.23,6098.77,6098.77,0.0
ORD3158,timing_lag,30830.66,30214.05,30214.05,0.0
ORD3159,clean,6659.11,6525.93,6525.93,0.0
ORD3160,missing_settlement,35612.77,,,0.0
ORD3161,rounding,7745.78,7590.86,7590.36,0.0
ORD3162,duplicate_credit,41413.93,40585.65,40585.65,0.0
ORD3163,refund_partial,21689.32,21255.53,10633.4,10622.13
ORD3164,missing_settlement,1021.28,,,0.0
ORD3165,clean,23954.28,23475.19,23475.19,0.0
ORD3166,clean,38541.22,37770.4,37770.4,0.0
ORD3167,clean,23251.47,22786.44,22786.44,0.0
ORD3168,timing_lag,38532.77,37762.11,37762.11,0.0
ORD3169,timing_lag,12006.08,11765.96,11765.96,0.0
ORD3170,clean,35928.18,35209.62,35209.62,0.0
ORD3171,clean,39949.4,39150.41,39150.41,0.0
ORD3172,tds_deduction,11378.2,11148.36,11148.36,0.0
ORD3173,fee_variance,5660.23,5592.31,5592.31,0.0
ORD3174,clean,26658.74,26125.57,26125.57,0.0
ORD3175,refund_partial,13735.36,13460.65,8478.54,4982.11
ORD3176,tds_deduction,13407.64,13136.81,13136.81,0.0
ORD3177,clean,25732.03,25217.39,25217.39,0.0
ORD3178,clean,38757.81,37982.65,37982.65,0.0
ORD3179,duplicate_entry,31951.71,31312.68,31312.68,0.0
ORD3180,clean,33953.4,33274.33,33274.33,0.0
ORD3181,rounding,29659.78,29066.58,29067.18,0.0
ORD3182,clean,13434.74,13166.05,13166.05,0.0
ORD3183,clean,29409.83,28821.63,28821.63,0.0
ORD3184,duplicate_credit,32148.12,31505.16,31505.16,0.0
ORD3185,fee_variance,966.25,951.76,951.76,0.0
ORD3186,tds_deduction,10288.09,10080.27,10080.27,0.0
ORD3187,clean,23530.99,23060.37,23060.37,0.0
ORD3188,timing_lag,908.34,890.17,890.17,0.0
ORD3189,fee_variance,3334.74,3284.72,3284.72,0.0
ORD3190,clean,40492.08,39682.24,39682.24,0.0
ORD3191,tds_deduction,22311.8,21861.1,21861.1,0.0
ORD3192,timing_lag,33384.56,32716.87,32716.87,0.0
ORD3193,refund_partial,5343.86,5236.98,3990.65,1246.33
ORD3194,fee_variance,32281.86,31313.4,31313.4,0.0
ORD3195,clean,19879.74,19482.15,19482.15,0.0
ORD3196,clean,39708.74,38914.57,38914.57,0.0
ORD3197,clean,6417.04,6288.7,6288.7,0.0
ORD3198,duplicate_entry,12198.84,11954.86,11954.86,0.0
ORD3199,clean,13808.79,13532.61,13532.61,0.0
ORD3200,clean,22841.22,22384.4,22384.4,0.0
ORD3201,clean,31356.96,30729.82,30729.82,0.0
ORD3202,timing_lag,3010.68,2950.47,2950.47,0.0
ORD3203,duplicate_credit,7191.7,7047.87,7047.87,0.0
ORD3204,fee_variance,14471.78,14298.12,14298.12,0.0
ORD3205,duplicate_entry,21419.94,20991.54,20991.54,0.0
ORD3206,clean,8272.39,8106.94,8106.94,0.0
ORD3207,clean,18246.03,17881.11,17881.11,0.0
ORD3208,duplicate_entry,9570.01,9378.61,9378.61,0.0
ORD3209,clean,39028.47,38247.9,38247.9,0.0
ORD3210,rounding,17693.26,17339.39,17339.09,0.0
ORD3211,clean,14755.15,14460.05,14460.05,0.0
ORD3212,clean,20773.07,20357.61,20357.61,0.0
ORD3213,clean,6856.17,6719.05,6719.05,0.0
ORD3214,clean,30651.29,30038.26,30038.26,0.0
ORD3215,missing_settlement,23329.2,,,0.0
ORD3216,fee_variance,42744.21,42231.28,42231.28,0.0
ORD3217,clean,24299.1,23813.12,23813.12,0.0
ORD3218,clean,40724.86,39910.36,39910.36,0.0
ORD3219,clean,21370.18,20942.78,20942.78,0.0
ORD3220,clean,11850.89,11613.87,11613.87,0.0
ORD3221,missing_settlement,16805.17,,,0.0
ORD3222,fee_variance,25384.3,25079.69,25079.69,0.0
ORD3223,refund_partial,21958.23,21519.07,9419.92,12099.15
ORD3224,clean,25519.3,25008.91,25008.91,0.0
ORD3225,tds_deduction,14402.85,14111.91,14111.91,0.0
ORD3226,clean,7122.73,6980.28,6980.28,0.0
ORD3227,clean,33681.88,33008.24,33008.24,0.0
ORD3228,missing_settlement,44416.37,,,0.0
ORD3229,duplicate_credit,2165.44,2122.13,2122.13,0.0
ORD3230,clean,3090.9,3029.08,3029.08,0.0
ORD3231,missing_settlement,22714.72,,,0.0
ORD3232,duplicate_entry,26380.12,25852.52,25852.52,0.0
ORD3233,clean,29722.81,29128.35,29128.35,0.0
ORD3234,fee_variance,32757.3,32265.94,32265.94,0.0
ORD3235,refund_partial,2843.54,2786.67,1840.78,945.89
ORD3236,timing_lag,31988.04,31348.28,31348.28,0.0
ORD3237,refund_partial,36225.51,35501.0,25576.74,9924.26
ORD3238,clean,31691.61,31057.78,31057.78,0.0
ORD3239,clean,18817.79,18441.43,18441.43,0.0
ORD3240,rounding,24038.75,23557.97,23557.47,0.0
ORD3241,clean,42326.84,41480.3,41480.3,0.0
ORD3242,clean,42231.71,41387.08,41387.08,0.0
ORD3243,duplicate_credit,2247.02,2202.08,2202.08,0.0
ORD3244,timing_lag,19265.79,18880.47,18880.47,0.0
ORD3245,duplicate_entry,21800.28,21364.27,21364.27,0.0
ORD3246,clean,41370.2,40542.8,40542.8,0.0
ORD3247,clean,2836.85,2780.11,2780.11,0.0
ORD3248,clean,44705.47,43811.36,43811.36,0.0
ORD3249,clean,2923.79,2865.31,2865.31,0.0
ORD3250,refund_partial,10172.82,9969.36,4029.86,5939.5
ORD3251,clean,33819.55,33143.16,33143.16,0.0
ORD3252,fee_variance,9913.08,9794.12,9794.12,0.0
ORD3253,clean,16427.62,16099.07,16099.07,0.0
ORD3254,timing_lag,17228.98,16884.4,16884.4,0.0
ORD3255,clean,8398.96,8230.98,8230.98,0.0
ORD3256,clean,23287.07,22821.33,22821.33,0.0
ORD3257,clean,18937.31,18558.56,18558.56,0.0
ORD3258,clean,43129.22,42266.64,42266.64,0.0
ORD3259,duplicate_credit,10904.87,10686.77,10686.77,0.0
ORD3260,clean,32516.47,31866.14,31866.14,0.0
ORD3261,clean,13916.63,13638.3,13638.3,0.0
ORD3262,clean,7010.21,6870.01,6870.01,0.0
ORD3263,clean,39738.48,38943.71,38943.71,0.0
ORD3264,clean,24325.26,23838.75,23838.75,0.0
ORD3265,clean,25214.97,24710.67,24710.67,0.0
ORD3266,tds_deduction,34164.39,33474.27,33474.27,0.0
ORD3267,clean,12518.17,12267.81,12267.81,0.0
ORD3268,clean,10703.76,10489.68,10489.68,0.0
ORD3269,rounding,29226.95,28642.41,28641.91,0.0
ORD3270,clean,2954.91,2895.81,2895.81,0.0
ORD3271,clean,14460.75,14171.53,14171.53,0.0
ORD3272,duplicate_credit,12357.52,12110.37,12110.37,0.0
ORD3273,clean,36503.62,35773.55,35773.55,0.0
ORD3274,clean,24279.79,23794.19,23794.19,0.0
ORD3275,duplicate_credit,32325.53,31679.02,31679.02,0.0
ORD3276,duplicate_entry,7531.06,7380.44,7380.44,0.0
ORD3277,clean,16009.01,15688.83,15688.83,0.0
ORD3278,clean,18182.52,17818.87,17818.87,0.0
ORD3279,rounding,6750.51,6615.5,6616.1,0.0
ORD3280,clean,33893.63,33215.76,33215.76,0.0
ORD3281,refund_partial,42828.84,41972.26,21053.78,20918.48
ORD3282,clean,21491.06,21061.24,21061.24,0.0
ORD3283,refund_partial,6077.77,5956.21,2499.75,3456.46
ORD3284,timing_lag,3909.21,3831.03,3831.03,0.0
ORD3285,clean,13687.41,13413.66,13413.66,0.0
ORD3286,clean,26634.66,26101.97,26101.97,0.0
ORD3287,clean,5452.46,5343.41,5343.41,0.0
ORD3288,rounding,27828.67,27272.1,27271.8,0.0
ORD3289,clean,44402.9,43514.84,43514.84,0.0
ORD3290,missing_settlement,28337.68,,,0.0
ORD3291,fee_variance,32841.52,32020.48,32020.48,0.0
ORD3292,clean,34506.05,33815.93,33815.93,0.0
ORD3293,clean,3036.27,2975.54,2975.54,0.0
ORD3294,fee_variance,22866.01,22294.36,22294.36,0.0
ORD3295,clean,23026.44,22565.91,22565.91,0.0
ORD3296,duplicate_credit,13300.38,13034.37,13034.37,0.0
ORD3297,clean,27632.04,27079.4,27079.4,0.0
ORD3298,timing_lag,29791.44,29195.61,29195.61,0.0
ORD3299,timing_lag,30678.16,30064.6,30064.6,0.0
ORD3300,clean,3107.67,3045.52,3045.52,0.0
ORD3301,duplicate_entry,33022.86,32362.4,32362.4,0.0
ORD3302,clean,7187.28,7043.53,7043.53,0.0
ORD3303,tds_deduction,14834.14,14534.49,14534.49,0.0
ORD3304,fee_variance,27532.66,27119.67,27119.67,0.0
ORD3305,clean,29598.34,29006.37,29006.37,0.0
ORD3306,clean,44511.43,43621.2,43621.2,0.0
ORD3307,clean,29904.48,29306.39,29306.39,0.0
ORD3308,clean,30256.67,29651.54,29651.54,0.0
ORD3309,duplicate_credit,36989.58,36249.79,36249.79,0.0
ORD3310,clean,38272.35,37506.9,37506.9,0.0
ORD3311,tds_deduction,17544.57,17190.17,17190.17,0.0
ORD3312,clean,3293.13,3227.27,3227.27,0.0
ORD3313,fee_variance,6735.26,6654.44,6654.44,0.0
ORD3314,clean,8187.79,8024.03,8024.03,0.0
ORD3315,timing_lag,38123.44,37360.97,37360.97,0.0
ORD3316,clean,34746.16,34051.24,34051.24,0.0
ORD3317,clean,18805.54,18429.43,18429.43,0.0
ORD3318,clean,11172.14,10948.7,10948.7,0.0
ORD3319,clean,5124.59,5022.1,5022.1,0.0
ORD3320,clean,42189.45,41345.66,41345.66,0.0
ORD3321,rounding,31733.05,31098.39,31098.79,0.0
ORD3322,clean,37021.0,36280.58,36280.58,0.0
ORD3323,clean,9453.84,9264.76,9264.76,0.0
ORD3324,missing_settlement,17592.99,,,0.0
ORD3325,duplicate_entry,27903.69,27345.62,27345.62,0.0
ORD3326,missing_settlement,35393.64,,,0.0
ORD3327,duplicate_credit,27966.55,27407.22,27407.22,0.0
ORD3328,clean,30030.1,29429.5,29429.5,0.0
ORD3329,clean,29154.89,28571.79,28571.79,0.0
ORD3330,clean,28401.16,27833.14,27833.14,0.0
ORD3331,tds_deduction,40807.41,39983.1,39983.1,0.0
ORD3332,tds_deduction,33153.75,32484.04,32484.04,0.0
ORD3333,clean,19749.48,19354.49,19354.49,0.0
ORD3334,clean,21795.13,21359.23,21359.23,0.0
ORD3335,tds_deduction,36573.66,35834.88,35834.88,0.0
ORD3336,rounding,16227.84,15903.28,15903.88,0.0
ORD3337,clean,39093.41,38311.54,38311.54,0.0
ORD3338,duplicate_credit,10984.52,10764.83,10764.83,0.0
ORD3339,clean,12001.57,11761.54,11761.54,0.0
ORD3340,tds_deduction,3535.74,3464.32,3464.32,0.0
ORD3341,clean,2779.86,2724.26,2724.26,0.0
ORD3342,clean,29361.35,28774.12,28774.12,0.0
ORD3343,missing_settlement,19509.12,,,0.0
ORD3344,rounding,10522.58,10312.13,10311.63,0.0
ORD3345,rounding,30088.19,29486.43,29486.83,0.0
ORD3346,clean,22289.9,21844.1,21844.1,0.0
ORD3347,clean,17117.28,16774.93,16774.93,0.0
ORD3348,clean,37786.28,37030.55,37030.55,0.0
ORD3349,clean,42599.58,41747.59,41747.59,0.0
ORD3350,clean,14149.33,13866.34,13866.34,0.0
ORD3351,clean,26083.91,25562.23,25562.23,0.0
ORD3352,clean,18023.13,17662.67,17662.67,0.0
ORD3353,clean,24680.73,24187.12,24187.12,0.0
ORD3354,tds_deduction,40483.98,39666.2,39666.2,0.0
ORD3355,clean,20708.03,20293.87,20293.87,0.0
ORD3356,duplicate_credit,5067.54,4966.19,4966.19,0.0
ORD3357,fee_variance,38023.06,37452.71,37452.71,0.0
ORD3358,rounding,16218.96,15894.58,15894.08,0.0
ORD3359,clean,19135.98,18753.26,18753.26,0.0
ORD3360,clean,7542.55,7391.7,7391.7,0.0
ORD3361,tds_deduction,23273.89,22803.76,22803.76,0.0
ORD3362,clean,9102.51,8920.46,8920.46,0.0
ORD3363,clean,1692.65,1658.8,1658.8,0.0
ORD3364,duplicate_credit,38644.53,37871.64,37871.64,0.0
ORD3365,duplicate_entry,35862.11,35144.87,35144.87,0.0
ORD3366,clean,40502.48,39692.43,39692.43,0.0
ORD3367,clean,28748.56,28173.59,28173.59,0.0
ORD3368,duplicate_credit,35299.89,34593.89,34593.89,0.0
ORD3369,fee_variance,32628.56,32139.13,32139.13,0.0
ORD3370,clean,44050.22,43169.22,43169.22,0.0
ORD3371,clean,34210.89,33526.67,33526.67,0.0
ORD3372,clean,11958.37,11719.2,11719.2,0.0
ORD3373,duplicate_entry,40577.97,39766.41,39766.41,0.0
ORD3374,clean,26382.69,25855.04,25855.04,0.0
ORD3375,missing_settlement,17172.85,,,0.0
ORD3376,rounding,18917.92,18539.56,18539.26,0.0
ORD3377,clean,872.32,854.87,854.87,0.0
ORD3378,rounding,2934.7,2876.01,2876.61,0.0
ORD3379,clean,19282.5,18896.85,18896.85,0.0
ORD3380,rounding,22019.2,21578.82,21578.32,0.0
ORD3381,duplicate_credit,7703.79,7549.71,7549.71,0.0
ORD3382,clean,32521.88,31871.44,31871.44,0.0
ORD3383,clean,33904.65,33226.56,33226.56,0.0
ORD3384,refund_partial,27486.0,26936.28,12578.49,14357.79
ORD3385,clean,10935.36,10716.65,10716.65,0.0
ORD3386,missing_settlement,10969.64,,,0.0
ORD3387,rounding,34613.73,33921.46,33921.16,0.0
ORD3388,rounding,21667.88,21234.52,21235.12,0.0
ORD3389,duplicate_credit,3892.08,3814.24,3814.24,0.0
ORD3390,tds_deduction,10953.93,10732.66,10732.66,0.0
ORD3391,clean,20666.7,20253.37,20253.37,0.0
ORD3392,clean,34748.26,34053.29,34053.29,0.0
ORD3393,rounding,23142.82,22679.96,22679.46,0.0
ORD3394,clean,40133.55,39330.88,39330.88,0.0
ORD3395,timing_lag,43278.28,42412.71,42412.71,0.0
ORD3396,missing_settlement,14640.43,,,0.0
ORD3397,clean,26068.19,25546.83,25546.83,0.0
ORD3398,duplicate_entry,10908.05,10689.89,10689.89,0.0
ORD3399,clean,31605.38,30973.27,30973.27,0.0
ORD3400,rounding,21672.81,21239.35,21239.75,0.0
ORD3401,duplicate_entry,3149.74,3086.75,3086.75,0.0
ORD3402,clean,1884.91,1847.21,1847.21,0.0
ORD3403,fee_variance,26540.84,25877.32,25877.32,0.0
ORD3404,refund_partial,36515.57,35785.26,14850.31,20934.95
ORD3405,tds_deduction,39178.71,38387.3,38387.3,0.0
ORD3406,timing_lag,14922.79,14624.33,14624.33,0.0
ORD3407,clean,37087.96,36346.2,36346.2,0.0
ORD3408,clean,36825.94,36089.42,36089.42,0.0
ORD3409,clean,12654.97,12401.87,12401.87,0.0
ORD3410,clean,27862.74,27305.49,27305.49,0.0
ORD3411,clean,44629.79,43737.19,43737.19,0.0
ORD3412,clean,23771.81,23296.37,23296.37,0.0
ORD3413,clean,18894.41,18516.52,18516.52,0.0
ORD3414,rounding,9300.37,9114.36,9114.06,0.0
ORD3415,tds_deduction,20920.58,20497.99,20497.99,0.0
ORD3416,clean,32527.39,31876.84,31876.84,0.0
ORD3417,clean,722.85,708.39,708.39,0.0
ORD3418,timing_lag,8634.51,8461.82,8461.82,0.0
ORD3419,clean,5050.51,4949.5,4949.5,0.0
ORD3420,missing_settlement,15687.21,,,0.0
ORD3421,clean,12485.08,12235.38,12235.38,0.0
ORD3422,clean,9720.71,9526.3,9526.3,0.0
ORD3423,missing_settlement,14994.44,,,0.0
ORD3424,clean,44326.3,43439.77,43439.77,0.0
ORD3425,fee_variance,5274.02,5115.8,5115.8,0.0
ORD3426,clean,13539.13,13268.35,13268.35,0.0
ORD3427,duplicate_entry,20128.52,19725.95,19725.95,0.0
ORD3428,fee_variance,17382.5,16861.02,16861.02,0.0
ORD3429,duplicate_entry,9941.73,9742.9,9742.9,0.0
ORD3430,clean,22012.82,21572.56,21572.56,0.0
ORD3431,tds_deduction,11299.54,11071.29,11071.29,0.0
ORD3432,fee_variance,27817.25,27121.82,27121.82,0.0
ORD3433,clean,26355.06,25827.96,25827.96,0.0
ORD3434,duplicate_entry,12215.18,11970.88,11970.88,0.0
ORD3435,duplicate_credit,18623.35,18250.88,18250.88,0.0
ORD3436,clean,26151.57,25628.54,25628.54,0.0
ORD3437,clean,10436.38,10227.65,10227.65,0.0
ORD3438,clean,8842.12,8665.28,8665.28,0.0
ORD3439,clean,3670.54,3597.13,3597.13,0.0
ORD3440,clean,17450.88,17101.86,17101.86,0.0
ORD3441,clean,33941.01,33262.19,33262.19,0.0
ORD3442,clean,35411.64,34703.41,34703.41,0.0
ORD3443,rounding,7420.12,7271.72,7272.12,0.0
ORD3444,clean,8644.16,8471.28,8471.28,0.0
ORD3445,clean,38686.64,37912.91,37912.91,0.0
ORD3446,clean,4934.47,4835.78,4835.78,0.0
ORD3447,timing_lag,16407.01,16078.87,16078.87,0.0
ORD3448,clean,7008.57,6868.4,6868.4,0.0
ORD3449,clean,23146.47,22683.54,22683.54,0.0
ORD3450,clean,16964.69,16625.4,16625.4,0.0
ORD3451,clean,14176.15,13892.63,13892.63,0.0
ORD3452,refund_partial,14294.38,14008.49,10331.43,3677.06
ORD3453,rounding,4579.54,4487.95,4488.35,0.0
ORD3454,clean,4364.35,4277.06,4277.06,0.0
ORD3455,rounding,21118.47,20696.1,20696.7,0.0
ORD3456,refund_partial,20118.1,19715.74,12922.02,6793.72
ORD3457,fee_variance,42307.52,41799.83,41799.83,0.0
ORD3458,clean,35927.74,35209.19,35209.19,0.0
ORD3459,timing_lag,36306.15,35580.03,35580.03,0.0
ORD3460,clean,37278.49,36532.92,36532.92,0.0
ORD3461,clean,2104.31,2062.22,2062.22,0.0
ORD3462,timing_lag,23600.66,23128.65,23128.65,0.0
ORD3463,clean,24579.15,24087.57,24087.57,0.0
ORD3464,missing_settlement,27665.89,,,0.0
ORD3465,tds_deduction,10328.28,10119.64,10119.64,0.0
ORD3466,tds_deduction,25999.99,25474.79,25474.79,0.0
ORD3467,missing_settlement,41222.72,,,0.0
ORD3468,tds_deduction,43149.57,42277.95,42277.95,0.0
ORD3469,clean,29755.87,29160.75,29160.75,0.0
ORD3470,clean,21521.35,21090.92,21090.92,0.0
ORD3471,clean,26428.35,25899.78,25899.78,0.0
ORD3472,clean,6489.56,6359.77,6359.77,0.0
ORD3473,duplicate_entry,3209.76,3145.56,3145.56,0.0
ORD3474,duplicate_credit,6197.21,6073.27,6073.27,0.0
ORD3475,clean,30353.45,29746.38,29746.38,0.0
ORD3476,clean,6978.55,6838.98,6838.98,0.0
ORD3477,tds_deduction,31333.24,30700.31,30700.31,0.0
ORD3478,duplicate_credit,36568.43,35837.06,35837.06,0.0
ORD3479,missing_settlement,32788.04,,,0.0
ORD3480,clean,15699.77,15385.77,15385.77,0.0
ORD3481,duplicate_entry,20880.29,20462.68,20462.68,0.0
ORD3482,duplicate_credit,35592.21,34880.37,34880.37,0.0
ORD3483,rounding,15619.44,15307.05,15307.65,0.0
ORD3484,clean,8713.52,8539.25,8539.25,0.0
ORD3485,clean,17944.17,17585.29,17585.29,0.0
ORD3486,duplicate_credit,8417.33,8248.98,8248.98,0.0
ORD3487,clean,14703.19,14409.13,14409.13,0.0
ORD3488,clean,42997.3,42137.35,42137.35,0.0
ORD3489,fee_variance,6229.39,6073.66,6073.66,0.0
ORD3490,clean,18458.28,18089.11,18089.11,0.0
ORD3491,duplicate_credit,38162.36,37399.11,37399.11,0.0
ORD3492,clean,7002.6,6862.55,6862.55,0.0
ORD3493,clean,31665.16,31031.86,31031.86,0.0
ORD3494,fee_variance,15988.92,15749.09,15749.09,0.0
ORD3495,tds_deduction,22583.19,22127.01,22127.01,0.0
ORD3496,duplicate_credit,39656.19,38863.07,38863.07,0.0
ORD3497,rounding,28437.07,27868.33,27868.03,0.0
ORD3498,missing_settlement,6774.74,,,0.0
ORD3499,refund_partial,2799.98,2743.98,1316.83,1427.15
ORD3500,timing_lag,3295.48,3229.57,3229.57,0.0
ORD3501,timing_lag,27428.12,26879.56,26879.56,0.0
ORD3502,clean,25112.4,24610.15,24610.15,0.0
ORD3503,clean,3705.34,3631.23,3631.23,0.0
ORD3504,fee_variance,37102.39,36545.85,36545.85,0.0
ORD3505,clean,15114.2,14811.92,14811.92,0.0
ORD3506,rounding,13310.08,13043.88,13044.28,0.0
ORD3507,clean,33125.98,32463.46,32463.46,0.0
ORD3508,clean,42713.65,41859.38,41859.38,0.0
ORD3509,refund_partial,32456.92,31807.78,18405.96,13401.82
ORD3510,clean,15254.7,14949.61,14949.61,0.0
ORD3511,clean,23664.45,23191.16,23191.16,0.0
ORD3512,clean,11408.53,11180.36,11180.36,0.0
ORD3513,clean,42169.62,41326.23,41326.23,0.0
ORD3514,rounding,24732.18,24237.54,24237.94,0.0
ORD3515,clean,21648.01,21215.05,21215.05,0.0
ORD3516,duplicate_credit,14350.14,14063.14,14063.14,0.0
ORD3517,duplicate_credit,23112.04,22649.8,22649.8,0.0
ORD3518,duplicate_entry,19441.58,19052.75,19052.75,0.0
ORD3519,clean,3436.44,3367.71,3367.71,0.0
ORD3520,clean,5689.79,5575.99,5575.99,0.0
ORD3521,tds_deduction,4477.99,4387.53,4387.53,0.0
ORD3522,timing_lag,43503.4,42633.33,42633.33,0.0
ORD3523,clean,21262.58,20837.33,20837.33,0.0
ORD3524,clean,37994.07,37234.19,37234.19,0.0
ORD3525,clean,43661.71,42788.48,42788.48,0.0
ORD3526,tds_deduction,1010.76,990.34,990.34,0.0
ORD3527,duplicate_credit,41329.3,40502.71,40502.71,0.0
ORD3528,missing_settlement,41317.18,,,0.0
ORD3529,clean,4047.39,3966.44,3966.44,0.0
ORD3530,clean,10387.78,10180.02,10180.02,0.0
ORD3531,clean,31102.99,30480.93,30480.93,0.0
ORD3532,fee_variance,5278.91,5146.94,5146.94,0.0
ORD3533,clean,44176.33,43292.8,43292.8,0.0
ORD3534,clean,32674.33,32020.84,32020.84,0.0
ORD3535,clean,36570.92,35839.5,35839.5,0.0
ORD3536,clean,23325.75,22859.24,22859.24,0.0
ORD3537,clean,12911.3,12653.07,12653.07,0.0
ORD3538,refund_partial,9753.35,9558.28,4399.26,5159.02
ORD3539,missing_settlement,40290.93,,,0.0
ORD3540,duplicate_credit,41988.24,41148.48,41148.48,0.0
ORD3541,refund_partial,6101.89,5979.85,2568.45,3411.4
ORD3542,refund_partial,23769.53,23294.14,17561.86,5732.28
ORD3543,tds_deduction,23706.26,23227.39,23227.39,0.0
ORD3544,duplicate_entry,30352.09,29745.05,29745.05,0.0
ORD3545,clean,25966.18,25446.86,25446.86,0.0
ORD3546,tds_deduction,15205.21,14898.07,14898.07,0.0
ORD3547,fee_variance,21024.75,20709.38,20709.38,0.0
ORD3548,clean,29052.04,28471.0,28471.0,0.0
ORD3549,fee_variance,39620.1,39144.66,39144.66,0.0
ORD3550,refund_partial,18285.38,17919.67,13674.01,4245.66
ORD3551,timing_lag,6438.44,6309.67,6309.67,0.0
ORD3552,tds_deduction,21494.36,21060.17,21060.17,0.0
ORD3553,clean,8146.41,7983.48,7983.48,0.0
ORD3554,clean,9656.02,9462.9,9462.9,0.0
ORD3555,missing_settlement,32721.1,,,0.0
ORD3556,clean,39977.06,39177.52,39177.52,0.0
ORD3557,clean,6983.48,6843.81,6843.81,0.0
ORD3558,tds_deduction,26348.82,25816.57,25816.57,0.0
ORD3559,clean,38627.08,37854.54,37854.54,0.0
ORD3560,clean,18355.75,17988.63,17988.63,0.0
ORD3561,tds_deduction,36381.28,35646.37,35646.37,0.0
ORD3562,clean,18719.78,18345.38,18345.38,0.0
ORD3563,fee_variance,16686.03,16268.88,16268.88,0.0
ORD3564,clean,44432.64,43543.99,43543.99,0.0
ORD3565,timing_lag,1632.67,1600.02,1600.02,0.0
ORD3566,fee_variance,17443.64,17181.99,17181.99,0.0
ORD3567,clean,42678.91,41825.33,41825.33,0.0
ORD3568,clean,3786.72,3710.99,3710.99,0.0
ORD3569,clean,10649.64,10436.65,10436.65,0.0
ORD3570,missing_settlement,20585.12,,,0.0
ORD3571,fee_variance,33913.71,33065.87,33065.87,0.0
ORD3572,clean,18010.88,17650.66,17650.66,0.0
ORD3573,duplicate_credit,6159.39,6036.2,6036.2,0.0
ORD3574,clean,40286.38,39480.65,39480.65,0.0
ORD3575,clean,32498.67,31848.7,31848.7,0.0
ORD3576,timing_lag,17280.13,16934.53,16934.53,0.0
ORD3577,clean,29879.65,29282.06,29282.06,0.0
ORD3578,timing_lag,8348.5,8181.53,8181.53,0.0
ORD3579,fee_variance,36975.19,36531.49,36531.49,0.0
ORD3580,clean,16080.51,15758.9,15758.9,0.0
ORD3581,fee_variance,10361.05,10236.72,10236.72,0.0
ORD3582,clean,41858.92,41021.74,41021.74,0.0
ORD3583,timing_lag,9802.46,9606.41,9606.41,0.0
ORD3584,fee_variance,23687.52,23332.21,23332.21,0.0
ORD3585,clean,3302.0,3235.96,3235.96,0.0
ORD3586,clean,42970.58,42111.17,42111.17,0.0
ORD3587,clean,26405.54,25877.43,25877.43,0.0
ORD3588,clean,44729.69,43835.1,43835.1,0.0
ORD3589,duplicate_credit,31545.64,30914.73,30914.73,0.0
ORD3590,fee_variance,28661.63,28317.69,28317.69,0.0
ORD3591,rounding,10858.01,10640.85,10641.25,0.0
ORD3592,rounding,33871.84,33194.4,33193.9,0.0
ORD3593,clean,5849.19,5732.21,5732.21,0.0
ORD3594,refund_partial,12063.02,11821.76,5227.64,6594.12
ORD3595,rounding,20002.15,19602.11,19601.61,0.0
ORD3596,clean,43951.47,43072.44,43072.44,0.0
ORD3597,duplicate_credit,44516.2,43625.88,43625.88,0.0
ORD3598,clean,19123.64,18741.17,18741.17,0.0
ORD3599,clean,16147.37,15824.42,15824.42,0.0
ORD3600,refund_partial,38305.92,37539.8,23238.02,14301.78
ORD3601,fee_variance,39902.05,39303.52,39303.52,0.0
ORD3602,duplicate_entry,4551.06,4460.04,4460.04,0.0
ORD3603,clean,4222.83,4138.37,4138.37,0.0
ORD3604,duplicate_entry,7482.64,7332.99,7332.99,0.0
ORD3605,clean,10268.16,10062.8,10062.8,0.0
ORD3606,clean,8854.98,8677.88,8677.88,0.0
ORD3607,clean,2563.18,2511.92,2511.92,0.0
ORD3608,clean,34578.21,33886.65,33886.65,0.0
ORD3609,fee_variance,4367.67,4302.15,4302.15,0.0
ORD3610,clean,15873.35,15555.88,15555.88,0.0
ORD3611,clean,13072.4,12810.95,12810.95,0.0
ORD3612,rounding,39664.96,38871.66,38871.16,0.0
ORD3613,clean,27915.84,27357.52,27357.52,0.0
ORD3614,missing_settlement,611.69,,,0.0
ORD3615,tds_deduction,42596.61,41736.16,41736.16,0.0
ORD3616,duplicate_credit,21925.48,21486.97,21486.97,0.0
ORD3617,fee_variance,20421.05,19910.52,19910.52,0.0
ORD3618,missing_settlement,6556.22,,,0.0
ORD3619,duplicate_credit,38250.18,37485.18,37485.18,0.0
ORD3620,clean,19248.91,18863.93,18863.93,0.0
ORD3621,rounding,4976.33,4876.8,4877.2,0.0
ORD3622,clean,9956.68,9757.55,9757.55,0.0
ORD3623,duplicate_entry,9730.94,9536.32,9536.32,0.0
ORD3624,tds_deduction,26641.03,26102.88,26102.88,0.0
ORD3625,duplicate_credit,13380.83,13113.21,13113.21,0.0
ORD3626,clean,9414.04,9225.76,9225.76,0.0
ORD3627,clean,14336.03,14049.31,14049.31,0.0
ORD3628,rounding,37331.05,36584.43,36585.03,0.0
ORD3629,refund_partial,32134.99,31492.29,22935.87,8556.42
ORD3630,rounding,30547.63,29936.68,29937.28,0.0
ORD3631,clean,814.37,798.08,798.08,0.0
ORD3632,fee_variance,35060.42,34534.51,34534.51,0.0
ORD3633,clean,37761.13,37005.91,37005.91,0.0
ORD3634,fee_variance,6249.82,6174.82,6174.82,0.0
ORD3635,duplicate_entry,16327.27,16000.72,16000.72,0.0
ORD3636,clean,22644.76,22191.86,22191.86,0.0
ORD3637,missing_settlement,14644.8,,,0.0
ORD3638,tds_deduction,6046.45,5924.31,5924.31,0.0
ORD3639,clean,22598.0,22146.04,22146.04,0.0
ORD3640,clean,26904.49,26366.4,26366.4,0.0
ORD3641,clean,819.54,803.15,803.15,0.0
ORD3642,duplicate_credit,11525.42,11294.91,11294.91,0.0
ORD3643,fee_variance,24529.97,23916.72,23916.72,0.0
ORD3644,clean,41458.24,40629.08,40629.08,0.0
ORD3645,clean,16833.78,16497.1,16497.1,0.0
ORD3646,clean,29918.23,29319.87,29319.87,0.0
ORD3647,duplicate_entry,12400.24,12152.24,12152.24,0.0
ORD3648,clean,41568.37,40737.0,40737.0,0.0
ORD3649,fee_variance,7577.52,7350.19,7350.19,0.0
ORD3650,clean,26957.78,26418.62,26418.62,0.0
ORD3651,rounding,34255.17,33570.07,33570.47,0.0
ORD3652,clean,1038.5,1017.73,1017.73,0.0
ORD3653,clean,13771.06,13495.64,13495.64,0.0
ORD3654,duplicate_credit,15244.41,14939.52,14939.52,0.0
ORD3655,timing_lag,43045.48,42184.57,42184.57,0.0
ORD3656,rounding,1561.51,1530.28,1530.88,0.0
ORD3657,duplicate_entry,29333.42,28746.75,28746.75,0.0
ORD3658,refund_partial,13842.53,13565.68,5878.26,7687.42
ORD3659,clean,31202.1,30578.06,30578.06,0.0
ORD3660,clean,20730.97,20316.35,20316.35,0.0
ORD3661,clean,18771.15,18395.73,18395.73,0.0
ORD3662,timing_lag,1090.62,1068.81,1068.81,0.0
ORD3663,duplicate_credit,13846.42,13569.49,13569.49,0.0
ORD3664,duplicate_entry,24487.12,23997.38,23997.38,0.0
ORD3665,clean,17503.95,17153.87,17153.87,0.0
ORD3666,clean,18525.37,18154.86,18154.86,0.0
ORD3667,duplicate_credit,27727.75,27173.19,27173.19,0.0
ORD3668,tds_deduction,37540.27,36781.95,36781.95,0.0
ORD3669,clean,34270.0,33584.6,33584.6,0.0
ORD3670,timing_lag,19886.45,19488.72,19488.72,0.0
ORD3671,clean,37606.92,36854.78,36854.78,0.0
ORD3672,duplicate_credit,10034.49,9833.8,9833.8,0.0
ORD3673,clean,31509.43,30879.24,30879.24,0.0
ORD3674,duplicate_credit,37028.0,36287.44,36287.44,0.0
ORD3675,fee_variance,41843.99,40588.67,40588.67,0.0
ORD3676,clean,13461.29,13192.06,13192.06,0.0
ORD3677,clean,7856.99,7699.85,7699.85,0.0
ORD3678,clean,23192.3,22728.45,22728.45,0.0
ORD3679,missing_settlement,24206.84,,,0.0
ORD3680,fee_variance,22516.35,21953.44,21953.44,0.0
ORD3681,clean,34145.89,33462.97,33462.97,0.0
ORD3682,clean,23606.79,23134.65,23134.65,0.0
ORD3683,clean,13968.77,13689.39,13689.39,0.0
ORD3684,timing_lag,24799.63,24303.64,24303.64,0.0
ORD3685,fee_variance,1463.19,1419.29,1419.29,0.0
ORD3686,clean,13128.22,12865.66,12865.66,0.0
ORD3687,clean,23585.72,23114.01,23114.01,0.0
ORD3688,clean,44533.68,43643.01,43643.01,0.0
ORD3689,fee_variance,8186.54,8063.74,8063.74,0.0
ORD3690,clean,33703.14,33029.08,33029.08,0.0
ORD3691,clean,32502.84,31852.78,31852.78,0.0
ORD3692,clean,28491.16,27921.34,27921.34,0.0
ORD3693,refund_partial,11850.18,11613.18,6250.17,5363.01
ORD3694,clean,3082.45,3020.8,3020.8,0.0
ORD3695,clean,12172.45,11929.0,11929.0,0.0
ORD3696,tds_deduction,34917.33,34212.0,34212.0,0.0
ORD3697,clean,12390.02,12142.22,12142.22,0.0
ORD3698,clean,12651.84,12398.8,12398.8,0.0
ORD3699,timing_lag,10840.46,10623.65,10623.65,0.0
ORD3700,clean,25897.94,25379.98,25379.98,0.0
ORD3701,fee_variance,38986.51,38401.71,38401.71,0.0
ORD3702,timing_lag,39059.9,38278.7,38278.7,0.0
ORD3703,refund_partial,17917.91,17559.55,14001.38,3558.17
ORD3704,refund_partial,37744.46,36989.57,20698.8,16290.77
ORD3705,clean,21063.58,20642.31,20642.31,0.0
ORD3706,fee_variance,4423.4,4357.05,4357.05,0.0
ORD3707,duplicate_entry,12348.34,12101.37,12101.37,0.0
ORD3708,duplicate_credit,20241.97,19837.13,19837.13,0.0
ORD3709,duplicate_entry,38226.66,37462.13,37462.13,0.0
ORD3710,tds_deduction,28745.58,28164.92,28164.92,0.0
ORD3711,tds_deduction,32899.08,32234.52,32234.52,0.0
ORD3712,clean,43853.64,42976.57,42976.57,0.0
ORD3713,clean,24185.72,23702.01,23702.01,0.0
ORD3714,duplicate_entry,26682.59,26148.94,26148.94,0.0
ORD3715,duplicate_credit,6282.97,6157.31,6157.31,0.0
ORD3716,missing_settlement,3110.75,,,0.0
ORD3717,tds_deduction,23857.44,23375.52,23375.52,0.0
ORD3718,clean,42073.91,41232.43,41232.43,0.0
ORD3719,duplicate_entry,17607.35,17255.2,17255.2,0.0
ORD3720,rounding,14809.48,14513.29,14512.99,0.0
ORD3721,timing_lag,17582.32,17230.67,17230.67,0.0
ORD3722,tds_deduction,25974.58,25449.9,25449.9,0.0
ORD3723,clean,16263.64,15938.37,15938.37,0.0
ORD3724,fee_variance,31186.39,30718.59,30718.59,0.0
ORD3725,clean,29060.57,28479.36,28479.36,0.0
ORD3726,clean,10122.96,9920.5,9920.5,0.0
ORD3727,clean,39829.53,39032.94,39032.94,0.0
ORD3728,clean,25112.23,24609.99,24609.99,0.0
ORD3729,refund_partial,3660.68,3587.47,2348.34,1239.13
ORD3730,timing_lag,35237.44,34532.69,34532.69,0.0
ORD3731,clean,7647.44,7494.49,7494.49,0.0
ORD3732,clean,10470.96,10261.54,10261.54,0.0
ORD3733,clean,44853.71,43956.64,43956.64,0.0
ORD3734,clean,1708.39,1674.22,1674.22,0.0
ORD3735,clean,18702.91,18328.85,18328.85,0.0
ORD3736,clean,14228.52,13943.95,13943.95,0.0
ORD3737,duplicate_credit,44448.03,43559.07,43559.07,0.0
ORD3738,clean,5546.02,5435.1,5435.1,0.0
ORD3739,clean,37514.82,36764.52,36764.52,0.0
ORD3740,fee_variance,19396.25,18911.34,18911.34,0.0
ORD3741,clean,2833.0,2776.34,2776.34,0.0
ORD3742,clean,14851.3,14554.27,14554.27,0.0
ORD3743,clean,26278.56,25752.99,25752.99,0.0
ORD3744,clean,11414.72,11186.43,11186.43,0.0
ORD3745,clean,14826.3,14529.77,14529.77,0.0
ORD3746,rounding,10605.98,10393.86,10393.36,0.0
ORD3747,fee_variance,38119.71,37547.91,37547.91,0.0
ORD3748,missing_settlement,22789.25,,,0.0
ORD3749,clean,32027.46,31386.91,31386.91,0.0
ORD3750,missing_settlement,35981.03,,,0.0
ORD3751,fee_variance,8923.94,8656.22,8656.22,0.0
ORD3752,clean,1168.86,1145.48,1145.48,0.0
ORD3753,clean,35843.9,35127.02,35127.02,0.0
ORD3754,fee_variance,10514.66,10356.94,10356.94,0.0
ORD3755,refund_partial,21615.39,21183.08,9750.67,11432.41
ORD3756,clean,43429.1,42560.52,42560.52,0.0
ORD3757,duplicate_entry,2142.39,2099.54,2099.54,0.0
ORD3758,clean,32922.32,32263.87,32263.87,0.0
ORD3759,duplicate_credit,40760.53,39945.32,39945.32,0.0
ORD3760,clean,20472.65,20063.2,20063.2,0.0
ORD3761,timing_lag,14891.64,14593.81,14593.81,0.0
ORD3762,missing_settlement,41289.99,,,0.0
ORD3763,clean,17722.48,17368.03,17368.03,0.0
ORD3764,clean,27354.02,26806.94,26806.94,0.0
ORD3765,clean,34566.64,33875.31,33875.31,0.0
ORD3766,clean,26888.99,26351.21,26351.21,0.0
ORD3767,clean,31601.76,30969.72,30969.72,0.0
ORD3768,rounding,38078.64,37317.07,37316.77,0.0
ORD3769,clean,26728.04,26193.48,26193.48,0.0
ORD3770,clean,3872.4,3794.95,3794.95,0.0
ORD3771,clean,5154.11,5051.03,5051.03,0.0
ORD3772,fee_variance,39113.01,38526.31,38526.31,0.0
ORD3773,duplicate_credit,26017.2,25496.86,25496.86,0.0
ORD3774,tds_deduction,3794.6,3717.95,3717.95,0.0
ORD3775,clean,14751.28,14456.25,14456.25,0.0
ORD3776,rounding,32888.3,32230.53,32230.23,0.0
ORD3777,refund_partial,42051.95,41210.91,31904.86,9306.05
ORD3778,fee_variance,982.67,967.93,967.93,0.0
ORD3779,clean,5652.08,5539.04,5539.04,0.0
ORD3780,duplicate_entry,43134.33,42271.64,42271.64,0.0
ORD3781,duplicate_credit,21001.65,20581.62,20581.62,0.0
ORD3782,clean,18977.71,18598.16,18598.16,0.0
ORD3783,clean,8828.31,8651.74,8651.74,0.0
ORD3784,clean,33101.69,32439.66,32439.66,0.0
ORD3785,timing_lag,8273.91,8108.43,8108.43,0.0
ORD3786,duplicate_credit,17037.39,16696.64,16696.64,0.0
ORD3787,tds_deduction,18492.94,18119.38,18119.38,0.0
ORD3788,missing_settlement,20089.47,,,0.0
ORD3789,clean,32256.08,31610.96,31610.96,0.0
ORD3790,clean,3723.23,3648.77,3648.77,0.0
ORD3791,rounding,678.21,664.65,665.05,0.0
ORD3792,tds_deduction,34778.06,34075.54,34075.54,0.0
ORD3793,clean,32468.95,31819.57,31819.57,0.0
ORD3794,tds_deduction,1554.35,1522.95,1522.95,0.0
ORD3795,clean,23033.45,22572.78,22572.78,0.0
ORD3796,clean,10890.86,10673.04,10673.04,0.0
ORD3797,clean,23091.08,22629.26,22629.26,0.0
ORD3798,clean,24800.55,24304.54,24304.54,0.0
ORD3799,tds_deduction,10068.69,9865.31,9865.31,0.0
ORD3800,clean,22698.34,22244.37,22244.37,0.0
ORD3801,timing_lag,33279.65,32614.06,32614.06,0.0
ORD3802,fee_variance,22267.4,22000.19,22000.19,0.0
ORD3803,clean,14320.96,14034.54,14034.54,0.0
ORD3804,clean,19225.95,18841.43,18841.43,0.0
ORD3805,clean,33742.35,33067.5,33067.5,0.0
ORD3806,missing_settlement,42457.14,,,0.0
ORD3807,fee_variance,2630.4,2590.94,2590.94,0.0
ORD3808,refund_partial,8824.64,8648.15,4466.7,4181.45
ORD3809,clean,7101.62,6959.59,6959.59,0.0
ORD3810,fee_variance,29781.59,29037.05,29037.05,0.0
ORD3811,rounding,27198.58,26654.61,26655.01,0.0
ORD3812,clean,29813.67,29217.4,29217.4,0.0
ORD3813,clean,10604.27,10392.18,10392.18,0.0
ORD3814,clean,24824.89,24328.39,24328.39,0.0
ORD3815,clean,12893.62,12635.75,12635.75,0.0
ORD3816,duplicate_entry,2405.27,2357.16,2357.16,0.0
ORD3817,clean,4730.5,4635.89,4635.89,0.0
ORD3818,duplicate_entry,36310.18,35583.98,35583.98,0.0
ORD3819,clean,3012.41,2952.16,2952.16,0.0
ORD3820,timing_lag,21849.18,21412.2,21412.2,0.0
ORD3821,fee_variance,37856.14,36909.74,36909.74,0.0
ORD3822,fee_variance,11942.19,11763.06,11763.06,0.0
ORD3823,tds_deduction,26529.98,25994.07,25994.07,0.0
ORD3824,fee_variance,14935.98,14711.94,14711.94,0.0
ORD3825,clean,39937.63,39138.88,39138.88,0.0
ORD3826,rounding,15669.73,15356.34,15356.04,0.0
ORD3827,clean,8670.74,8497.33,8497.33,0.0
ORD3828,rounding,11520.97,11290.55,11291.15,0.0
ORD3829,duplicate_entry,16435.79,16107.07,16107.07,0.0
ORD3830,duplicate_entry,28886.39,28308.66,28308.66,0.0
ORD3831,clean,16422.2,16093.76,16093.76,0.0
ORD3832,duplicate_entry,14397.68,14109.73,14109.73,0.0
ORD3833,refund_partial,23367.74,22900.39,14242.86,8657.53
ORD3834,clean,42801.56,41945.53,41945.53,0.0
ORD3835,clean,43293.59,42427.72,42427.72,0.0
ORD3836,timing_lag,20705.01,20290.91,20290.91,0.0
ORD3837,refund_partial,1523.19,1492.73,969.46,523.27
ORD3838,clean,37047.5,36306.55,36306.55,0.0
ORD3839,clean,43860.0,42982.8,42982.8,0.0
ORD3840,timing_lag,5196.12,5092.2,5092.2,0.0
ORD3841,tds_deduction,3564.74,3492.74,3492.74,0.0
ORD3842,duplicate_entry,4238.86,4154.08,4154.08,0.0
ORD3843,clean,44813.63,43917.36,43917.36,0.0
ORD3844,refund_partial,42568.51,41717.14,29739.38,11977.76
ORD3845,clean,3746.86,3671.92,3671.92,0.0
ORD3846,rounding,10796.91,10580.97,10581.57,0.0
ORD3847,clean,39179.96,38396.36,38396.36,0.0
ORD3848,clean,28483.97,27914.29,27914.29,0.0
ORD3849,clean,6073.3,5951.83,5951.83,0.0
ORD3850,clean,23198.98,22735.0,22735.0,0.0
ORD3851,timing_lag,41539.39,40708.6,40708.6,0.0
ORD3852,fee_variance,36858.1,35936.65,35936.65,0.0
ORD3853,clean,15433.89,15125.21,15125.21,0.0
ORD3854,refund_partial,541.68,530.85,250.55,280.3
ORD3855,clean,39647.37,38854.42,38854.42,0.0
ORD3856,clean,8696.85,8522.91,8522.91,0.0
ORD3857,clean,26725.75,26191.24,26191.24,0.0
ORD3858,rounding,36469.54,35740.15,35739.65,0.0
ORD3859,missing_settlement,42183.56,,,0.0
ORD3860,clean,18105.94,17743.82,17743.82,0.0
ORD3861,clean,15653.19,15340.13,15340.13,0.0
ORD3862,duplicate_entry,2789.59,2733.8,2733.8,0.0
ORD3863,clean,12539.48,12288.69,12288.69,0.0
ORD3864,refund_partial,15926.87,15608.33,8369.84,7238.49
ORD3865,timing_lag,21630.16,21197.56,21197.56,0.0
ORD3866,tds_deduction,9738.87,9542.14,9542.14,0.0
ORD3867,clean,28350.44,27783.43,27783.43,0.0
ORD3868,duplicate_entry,23979.5,23499.91,23499.91,0.0
ORD3869,clean,15664.61,15351.32,15351.32,0.0
ORD3870,clean,37654.56,36901.47,36901.47,0.0
ORD3871,missing_settlement,27583.9,,,0.0
ORD3872,clean,20945.08,20526.18,20526.18,0.0
ORD3873,rounding,36383.21,35655.55,35655.95,0.0
ORD3874,clean,14167.51,13884.16,13884.16,0.0
ORD3875,tds_deduction,26234.3,25704.36,25704.36,0.0
ORD3876,clean,29251.99,28666.95,28666.95,0.0
ORD3877,duplicate_credit,35286.06,34580.34,34580.34,0.0
ORD3878,clean,27606.53,27054.4,27054.4,0.0
ORD3879,fee_variance,23635.78,23044.89,23044.89,0.0
ORD3880,clean,29233.53,28648.86,28648.86,0.0
ORD3881,missing_settlement,11985.05,,,0.0
ORD3882,refund_partial,39949.11,39150.13,27499.8,11650.33
ORD3883,tds_deduction,5901.03,5781.83,5781.83,0.0
ORD3884,clean,14490.45,14200.64,14200.64,0.0
ORD3885,clean,12431.85,12183.21,12183.21,0.0
ORD3886,clean,28503.04,27932.98,27932.98,0.0
ORD3887,clean,36773.27,36037.8,36037.8,0.0
ORD3888,clean,32732.08,32077.44,32077.44,0.0
ORD3889,clean,30457.08,29847.94,29847.94,0.0
ORD3890,duplicate_entry,6477.58,6348.03,6348.03,0.0
ORD3891,tds_deduction,36951.28,36204.86,36204.86,0.0
ORD3892,clean,39028.53,38247.96,38247.96,0.0
ORD3893,refund_partial,37021.44,36281.01,21224.58,15056.43
ORD3894,clean,12585.04,12333.34,12333.34,0.0
ORD3895,fee_variance,32644.15,31664.83,31664.83,0.0
ORD3896,clean,27213.23,26668.97,26668.97,0.0
ORD3897,duplicate_credit,10024.44,9823.95,9823.95,0.0
ORD3898,duplicate_credit,30865.75,30248.43,30248.43,0.0
ORD3899,clean,27840.04,27283.24,27283.24,0.0
ORD3900,rounding,39692.37,38898.52,38898.22,0.0
ORD3901,duplicate_credit,20222.94,19818.48,19818.48,0.0
ORD3902,clean,5676.99,5563.45,5563.45,0.0
ORD3903,clean,31572.77,30941.31,30941.31,0.0
ORD3904,timing_lag,16673.92,16340.44,16340.44,0.0
ORD3905,missing_settlement,42986.42,,,0.0
ORD3906,clean,3729.44,3654.85,3654.85,0.0
ORD3907,tds_deduction,35729.24,35007.51,35007.51,0.0
ORD3908,fee_variance,41562.74,41063.99,41063.99,0.0
ORD3909,clean,37288.0,36542.24,36542.24,0.0
ORD3910,fee_variance,18995.25,18520.37,18520.37,0.0
ORD3911,missing_settlement,22463.1,,,0.0
ORD3912,clean,6825.7,6689.19,6689.19,0.0
ORD3913,missing_settlement,36955.73,,,0.0
ORD3914,clean,27141.42,26598.59,26598.59,0.0
ORD3915,duplicate_entry,22874.82,22417.32,22417.32,0.0
ORD3916,duplicate_credit,533.9,523.22,523.22,0.0
ORD3917,clean,22801.0,22344.98,22344.98,0.0
ORD3918,duplicate_credit,4460.14,4370.94,4370.94,0.0
ORD3919,refund_partial,41016.88,40196.54,31402.47,8794.07
ORD3920,clean,42711.46,41857.23,41857.23,0.0
ORD3921,clean,20258.85,19853.67,19853.67,0.0
ORD3922,clean,15798.74,15482.77,15482.77,0.0
ORD3923,refund_partial,36345.07,35618.17,24601.52,11016.65
ORD3924,clean,1189.16,1165.38,1165.38,0.0
ORD3925,missing_settlement,21278.82,,,0.0
ORD3926,clean,12996.01,12736.09,12736.09,0.0
ORD3927,rounding,28959.93,28380.73,28380.43,0.0
ORD3928,clean,7386.76,7239.02,7239.02,0.0
ORD3929,clean,8302.73,8136.68,8136.68,0.0
ORD3930,tds_deduction,1908.03,1869.49,1869.49,0.0
ORD3931,clean,12612.26,12360.01,12360.01,0.0
ORD3932,clean,28694.24,28120.36,28120.36,0.0
ORD3933,missing_settlement,24761.47,,,0.0
ORD3934,rounding,17353.9,17006.82,17007.42,0.0
ORD3935,missing_settlement,38155.47,,,0.0
ORD3936,refund_partial,10507.83,10297.67,4538.22,5759.45
ORD3937,clean,23259.82,22794.62,22794.62,0.0
ORD3938,clean,32097.7,31455.75,31455.75,0.0
ORD3939,duplicate_entry,4553.78,4462.7,4462.7,0.0
ORD3940,rounding,34069.33,33387.94,33387.44,0.0
ORD3941,clean,41991.25,41151.42,41151.42,0.0
ORD3942,timing_lag,19790.68,19394.87,19394.87,0.0
ORD3943,clean,2952.4,2893.35,2893.35,0.0
ORD3944,clean,31840.56,31203.75,31203.75,0.0
ORD3945,clean,36719.52,35985.13,35985.13,0.0
ORD3946,clean,8564.92,8393.62,8393.62,0.0
ORD3947,refund_partial,24982.03,24482.39,18370.68,6111.71
ORD3948,clean,16384.63,16056.94,16056.94,0.0
ORD3949,duplicate_credit,1680.0,1646.4,1646.4,0.0
ORD3950,clean,2031.53,1990.9,1990.9,0.0
ORD3951,timing_lag,17165.11,16821.81,16821.81,0.0
ORD3952,clean,41164.23,40340.95,40340.95,0.0
ORD3953,clean,35898.34,35180.37,35180.37,0.0
ORD3954,clean,14405.12,14117.02,14117.02,0.0
ORD3955,tds_deduction,4211.46,4126.39,4126.39,0.0
ORD3956,clean,30134.6,29531.91,29531.91,0.0
ORD3957,rounding,19457.97,19068.81,19069.41,0.0
ORD3958,timing_lag,20741.28,20326.45,20326.45,0.0
ORD3959,clean,42925.07,42066.57,42066.57,0.0
ORD3960,clean,30778.39,30162.82,30162.82,0.0
ORD3961,timing_lag,14824.41,14527.92,14527.92,0.0
ORD3962,missing_settlement,16807.31,,,0.0
ORD3963,clean,43058.87,42197.69,42197.69,0.0
ORD3964,clean,3025.49,2964.98,2964.98,0.0
ORD3965,refund_partial,15097.63,14795.68,6584.52,8211.16
ORD3966,missing_settlement,25864.01,,,0.0
ORD3967,rounding,7469.28,7319.89,7320.29,0.0
ORD3968,clean,5705.01,5590.91,5590.91,0.0
ORD3969,clean,41739.9,40905.1,40905.1,0.0
ORD3970,clean,24609.02,24116.84,24116.84,0.0
ORD3971,clean,16825.19,16488.69,16488.69,0.0
ORD3972,clean,26698.32,26164.35,26164.35,0.0
ORD3973,timing_lag,3289.19,3223.41,3223.41,0.0
ORD3974,clean,13041.6,12780.77,12780.77,0.0
ORD3975,fee_variance,17632.06,17367.58,17367.58,0.0
ORD3976,clean,27019.73,26479.34,26479.34,0.0
ORD3977,clean,35043.89,34343.01,34343.01,0.0
ORD3978,rounding,6298.9,6172.92,6172.42,0.0
ORD3979,tds_deduction,4909.63,4810.46,4810.46,0.0
ORD3980,timing_lag,25435.07,24926.37,24926.37,0.0
ORD3981,fee_variance,12341.25,12032.72,12032.72,0.0
ORD3982,rounding,42536.15,41685.43,41684.93,0.0
ORD3983,refund_partial,24388.29,23900.52,10298.48,13602.04
ORD3984,duplicate_credit,15991.65,15671.82,15671.82,0.0
ORD3985,rounding,16913.38,16575.11,16575.71,0.0
ORD3986,clean,35826.38,35109.85,35109.85,0.0
ORD3987,clean,17984.97,17625.27,17625.27,0.0
ORD3988,clean,10414.73,10206.44,10206.44,0.0
ORD3989,refund_partial,3743.85,3668.97,2904.34,764.63
ORD3990,clean,9544.49,9353.6,9353.6,0.0
ORD3991,clean,38180.27,37416.66,37416.66,0.0
ORD3992,clean,861.15,843.93,843.93,0.0
ORD3993,clean,44756.63,43861.5,43861.5,0.0
ORD3994,refund_partial,19728.99,19334.41,8928.36,10406.05
ORD3995,clean,31885.27,31247.56,31247.56,0.0
ORD3996,fee_variance,33482.46,32645.4,32645.4,0.0
ORD3997,missing_settlement,29230.39,,,0.0
ORD3998,clean,26911.13,26372.91,26372.91,0.0
ORD3999,fee_variance,743.04,731.89,731.89,0.0
ORD4000,clean,28893.13,28315.27,28315.27,0.0
ORD4001,clean,24283.27,23797.6,23797.6,0.0
ORD4002,clean,6321.18,6194.76,6194.76,0.0
ORD4003,clean,44703.04,43808.98,43808.98,0.0
ORD4004,duplicate_credit,7602.47,7450.42,7450.42,0.0
ORD4005,duplicate_entry,5160.93,5057.71,5057.71,0.0
ORD4006,missing_settlement,8560.26,,,0.0
ORD4007,clean,39441.68,38652.85,38652.85,0.0
ORD4008,rounding,26615.31,26083.0,26082.7,0.0
ORD4009,clean,14219.29,13934.9,13934.9,0.0
ORD4010,tds_deduction,16807.51,16468.0,16468.0,0.0
ORD4011,fee_variance,42610.73,41971.57,41971.57,0.0
ORD4012,clean,5403.42,5295.35,5295.35,0.0
ORD4013,refund_partial,37709.22,36955.04,23148.57,13806.47
ORD4014,clean,26646.52,26113.59,26113.59,0.0
ORD4015,rounding,34900.56,34202.55,34202.95,0.0
ORD4016,duplicate_credit,1582.01,1550.37,1550.37,0.0
ORD4017,timing_lag,13906.14,13628.02,13628.02,0.0
ORD4018,fee_variance,4479.13,4367.15,4367.15,0.0
ORD4019,refund_partial,31150.1,30527.1,24293.6,6233.5
ORD4020,clean,37544.23,36793.35,36793.35,0.0
ORD4021,tds_deduction,17399.56,17048.09,17048.09,0.0
ORD4022,rounding,8256.98,8091.84,8091.54,0.0
ORD4023,clean,21921.32,21482.89,21482.89,0.0
ORD4024,rounding,1598.8,1566.82,1566.32,0.0
ORD4025,clean,19983.52,19583.85,19583.85,0.0
ORD4026,timing_lag,32732.88,32078.22,32078.22,0.0
ORD4027,fee_variance,6076.08,5984.94,5984.94,0.0
ORD4028,tds_deduction,23827.66,23346.34,23346.34,0.0
ORD4029,clean,4113.79,4031.51,4031.51,0.0
ORD4030,tds_deduction,18222.77,17854.67,17854.67,0.0
ORD4031,timing_lag,24838.02,24341.26,24341.26,0.0
ORD4032,clean,17770.4,17414.99,17414.99,0.0
ORD4033,fee_variance,44306.71,43199.04,43199.04,0.0
ORD4034,clean,9325.79,9139.27,9139.27,0.0
ORD4035,missing_settlement,41166.48,,,0.0
ORD4036,timing_lag,9118.48,8936.11,8936.11,0.0
ORD4037,rounding,15715.73,15401.42,15401.82,0.0
ORD4038,timing_lag,31615.72,30983.41,30983.41,0.0
ORD4039,timing_lag,34432.21,33743.57,33743.57,0.0
ORD4040,clean,32614.49,31962.2,31962.2,0.0
ORD4041,clean,35449.61,34740.62,34740.62,0.0
ORD4042,missing_settlement,30551.72,,,0.0
ORD4043,timing_lag,8124.28,7961.79,7961.79,0.0
ORD4044,timing_lag,2697.21,2643.27,2643.27,0.0
ORD4045,timing_lag,22226.18,21781.66,21781.66,0.0
ORD4046,duplicate_entry,11365.84,11138.52,11138.52,0.0
ORD4047,clean,30833.24,30216.58,30216.58,0.0
ORD4048,clean,42430.42,41581.81,41581.81,0.0
ORD4049,duplicate_credit,25275.16,24769.66,24769.66,0.0
ORD4050,clean,33664.8,32991.5,32991.5,0.0
ORD4051,tds_deduction,41333.08,40498.15,40498.15,0.0
ORD4052,duplicate_credit,20889.89,20472.09,20472.09,0.0
ORD4053,missing_settlement,9148.16,,,0.0
ORD4054,duplicate_credit,26835.51,26298.8,26298.8,0.0
ORD4055,clean,19160.42,18777.21,18777.21,0.0
ORD4056,clean,14551.97,14260.93,14260.93,0.0
ORD4057,duplicate_credit,12854.42,12597.33,12597.33,0.0
ORD4058,duplicate_entry,44629.56,43736.97,43736.97,0.0
ORD4059,clean,34343.76,33656.88,33656.88,0.0
ORD4060,clean,42302.53,41456.48,41456.48,0.0
ORD4061,clean,24801.88,24305.84,24305.84,0.0
ORD4062,clean,41908.93,41070.75,41070.75,0.0
ORD4063,clean,27261.51,26716.28,26716.28,0.0
ORD4064,duplicate_entry,2048.02,2007.06,2007.06,0.0
ORD4065,timing_lag,9917.41,9719.06,9719.06,0.0
ORD4066,clean,31445.84,30816.92,30816.92,0.0
ORD4067,clean,26907.15,26369.01,26369.01,0.0
ORD4068,clean,42898.73,42040.76,42040.76,0.0
ORD4069,refund_partial,40153.34,39350.27,18618.71,20731.56
ORD4070,rounding,38339.4,37572.61,37572.11,0.0
ORD4071,clean,21420.45,20992.04,20992.04,0.0
ORD4072,timing_lag,17095.29,16753.38,16753.38,0.0
ORD4073,duplicate_entry,17707.63,17353.48,17353.48,0.0
ORD4074,duplicate_entry,27700.68,27146.67,27146.67,0.0
ORD4075,clean,15320.98,15014.56,15014.56,0.0
ORD4076,tds_deduction,14053.46,13769.58,13769.58,0.0
ORD4077,clean,5744.94,5630.04,5630.04,0.0
ORD4078,timing_lag,8645.77,8472.85,8472.85,0.0
ORD4079,clean,28812.81,28236.55,28236.55,0.0
ORD4080,clean,43662.16,42788.92,42788.92,0.0
ORD4081,clean,1984.77,1945.07,1945.07,0.0
ORD4082,clean,14162.83,13879.57,13879.57,0.0
ORD4083,clean,44479.94,43590.34,43590.34,0.0
ORD4084,clean,10411.86,10203.62,10203.62,0.0
ORD4085,fee_variance,2844.74,2802.07,2802.07,0.0
ORD4086,clean,28596.76,28024.82,28024.82,0.0
ORD4087,clean,6590.5,6458.69,6458.69,0.0
ORD4088,rounding,13629.19,13356.61,13356.11,0.0
ORD4089,clean,24198.61,23714.64,23714.64,0.0
ORD4090,clean,26190.33,25666.52,25666.52,0.0
ORD4091,clean,32231.47,31586.84,31586.84,0.0
ORD4092,duplicate_credit,956.41,937.28,937.28,0.0
ORD4093,clean,41822.61,40986.16,40986.16,0.0
ORD4094,tds_deduction,22071.19,21625.36,21625.36,0.0
ORD4095,duplicate_credit,15846.49,15529.56,15529.56,0.0
ORD4096,clean,11680.67,11447.06,11447.06,0.0
ORD4097,clean,39476.21,38686.69,38686.69,0.0
ORD4098,duplicate_entry,6690.79,6556.97,6556.97,0.0
ORD4099,tds_deduction,3048.95,2987.36,2987.36,0.0
ORD4100,clean,28591.43,28019.6,28019.6,0.0
ORD4101,clean,1548.44,1517.47,1517.47,0.0
ORD4102,clean,24035.96,23555.24,23555.24,0.0
ORD4103,clean,11137.79,10915.03,10915.03,0.0
ORD4104,rounding,13675.44,13401.93,13402.53,0.0
ORD4105,clean,10832.46,10615.81,10615.81,0.0
ORD4106,clean,15990.11,15670.31,15670.31,0.0
ORD4107,tds_deduction,43118.79,42247.79,42247.79,0.0
ORD4108,duplicate_entry,5133.2,5030.54,5030.54,0.0
ORD4109,clean,11013.45,10793.18,10793.18,0.0
ORD4110,clean,44128.26,43245.69,43245.69,0.0
ORD4111,fee_variance,10612.39,10347.08,10347.08,0.0
ORD4112,missing_settlement,27120.59,,,0.0
ORD4113,clean,27418.74,26870.37,26870.37,0.0
ORD4114,refund_partial,41642.28,40809.43,25770.67,15038.76
ORD4115,rounding,13791.36,13515.53,13515.23,0.0
ORD4116,clean,6452.83,6323.77,6323.77,0.0
ORD4117,tds_deduction,42964.15,42096.28,42096.28,0.0
ORD4118,clean,7244.79,7099.89,7099.89,0.0
ORD4119,clean,16986.84,16647.1,16647.1,0.0
ORD4120,rounding,38133.97,37371.29,37370.99,0.0
ORD4121,clean,42682.63,41828.98,41828.98,0.0
ORD4122,timing_lag,42747.87,41892.91,41892.91,0.0
ORD4123,timing_lag,44039.71,43158.92,43158.92,0.0
ORD4124,missing_settlement,20368.25,,,0.0
ORD4125,rounding,16292.78,15966.92,15967.32,0.0
ORD4126,clean,14905.14,14607.04,14607.04,0.0
ORD4127,fee_variance,8661.02,8444.49,8444.49,0.0
ORD4128,clean,40702.13,39888.09,39888.09,0.0
ORD4129,clean,11590.69,11358.88,11358.88,0.0
ORD4130,duplicate_credit,33054.06,32392.98,32392.98,0.0
ORD4131,clean,41394.06,40566.18,40566.18,0.0
ORD4132,timing_lag,34351.95,33664.91,33664.91,0.0
ORD4133,missing_settlement,18636.62,,,0.0
ORD4134,clean,2774.8,2719.3,2719.3,0.0
ORD4135,timing_lag,1682.03,1648.39,1648.39,0.0
ORD4136,timing_lag,44197.68,43313.73,43313.73,0.0
ORD4137,duplicate_credit,36704.91,35970.81,35970.81,0.0
ORD4138,tds_deduction,16807.68,16468.17,16468.17,0.0
ORD4139,rounding,10468.63,10259.26,10258.96,0.0
ORD4140,clean,12853.97,12596.89,12596.89,0.0
ORD4141,clean,39230.92,38446.3,38446.3,0.0
ORD4142,tds_deduction,31486.41,30850.38,30850.38,0.0
ORD4143,fee_variance,39057.91,38081.46,38081.46,0.0
ORD4144,duplicate_entry,11989.0,11749.22,11749.22,0.0
ORD4145,duplicate_entry,9444.89,9255.99,9255.99,0.0
ORD4146,clean,8656.65,8483.52,8483.52,0.0
ORD4147,clean,35732.14,35017.5,35017.5,0.0
ORD4148,clean,26998.07,26458.11,26458.11,0.0
ORD4149,duplicate_entry,40830.88,40014.26,40014.26,0.0
ORD4150,clean,30056.75,29455.62,29455.62,0.0
ORD4151,clean,27694.83,27140.93,27140.93,0.0
ORD4152,rounding,8379.25,8211.66,8211.16,0.0
ORD4153,fee_variance,35166.35,34638.85,34638.85,0.0
ORD4154,clean,6538.57,6407.8,6407.8,0.0
ORD4155,tds_deduction,41938.54,41091.38,41091.38,0.0
ORD4156,rounding,8710.01,8535.81,8536.21,0.0
ORD4157,timing_lag,31680.22,31046.62,31046.62,0.0
ORD4158,clean,17063.64,16722.37,16722.37,0.0
ORD4159,rounding,42843.33,41986.46,41987.06,0.0
ORD4160,clean,43368.32,42500.95,42500.95,0.0
ORD4161,fee_variance,40325.58,39317.44,39317.44,0.0
ORD4162,refund_partial,25156.84,24653.7,18020.94,6632.76
ORD4163,duplicate_entry,33781.27,33105.64,33105.64,0.0
ORD4164,duplicate_credit,14015.21,13734.91,13734.91,0.0
ORD4165,clean,35372.49,34665.04,34665.04,0.0
ORD4166,clean,24197.7,23713.75,23713.75,0.0
ORD4167,timing_lag,28021.79,27461.35,27461.35,0.0
ORD4168,clean,34809.74,34113.55,34113.55,0.0
ORD4169,refund_partial,13918.22,13639.86,7449.81,6190.05
ORD4170,clean,21421.6,20993.17,20993.17,0.0
ORD4171,clean,18777.58,18402.03,18402.03,0.0
ORD4172,clean,43074.28,42212.79,42212.79,0.0
ORD4173,clean,42025.98,41185.46,41185.46,0.0
ORD4174,duplicate_credit,28163.33,27600.06,27600.06,0.0
ORD4175,fee_variance,23237.42,22656.48,22656.48,0.0
ORD4176,timing_lag,33884.45,33206.76,33206.76,0.0
ORD4177,clean,7823.6,7667.13,7667.13,0.0
ORD4178,clean,18272.5,17907.05,17907.05,0.0
ORD4179,clean,40223.42,39418.95,39418.95,0.0
ORD4180,duplicate_credit,21570.23,21138.83,21138.83,0.0
ORD4181,duplicate_entry,13430.32,13161.71,13161.71,0.0
ORD4182,duplicate_credit,43505.23,42635.13,42635.13,0.0
ORD4183,clean,35318.13,34611.77,34611.77,0.0
ORD4184,clean,23137.6,22674.85,22674.85,0.0
ORD4185,clean,1552.93,1521.87,1521.87,0.0
ORD4186,timing_lag,20868.63,20451.26,20451.26,0.0
ORD4187,clean,7466.16,7316.84,7316.84,0.0
ORD4188,clean,39143.37,38360.5,38360.5,0.0
ORD4189,timing_lag,26608.58,26076.41,26076.41,0.0
ORD4190,fee_variance,41573.39,40326.19,40326.19,0.0
ORD4191,clean,5557.1,5445.96,5445.96,0.0
ORD4192,duplicate_entry,33819.5,33143.11,33143.11,0.0
ORD4193,clean,21398.66,20970.69,20970.69,0.0
ORD4194,missing_settlement,2490.75,,,0.0
ORD4195,fee_variance,5148.86,5020.14,5020.14,0.0
ORD4196,clean,32731.43,32076.8,32076.8,0.0
ORD4197,clean,1967.76,1928.4,1928.4,0.0
ORD4198,timing_lag,14736.92,14442.18,14442.18,0.0
ORD4199,clean,28887.5,28309.75,28309.75,0.0
ORD4200,fee_variance,1751.89,1699.33,1699.33,0.0
ORD4201,clean,1065.23,1043.93,1043.93,0.0
ORD4202,clean,39149.14,38366.16,38366.16,0.0
ORD4203,duplicate_entry,29534.02,28943.34,28943.34,0.0
ORD4204,clean,16765.94,16430.62,16430.62,0.0
ORD4205,rounding,15799.06,15483.08,15482.78,0.0
ORD4206,duplicate_entry,11978.22,11738.66,11738.66,0.0
ORD4207,fee_variance,37311.76,36864.02,36864.02,0.0
ORD4208,clean,8944.64,8765.75,8765.75,0.0
ORD4209,missing_settlement,5888.07,,,0.0
ORD4210,clean,38994.03,38214.15,38214.15,0.0
ORD4211,duplicate_credit,36713.76,35979.48,35979.48,0.0
ORD4212,clean,22510.75,22060.53,22060.53,0.0
ORD4213,clean,33340.02,32673.22,32673.22,0.0
ORD4214,tds_deduction,35796.36,35073.27,35073.27,0.0
ORD4215,clean,10663.62,10450.35,10450.35,0.0
ORD4216,duplicate_credit,6842.03,6705.19,6705.19,0.0
ORD4217,clean,4272.5,4187.05,4187.05,0.0
ORD4218,fee_variance,39247.69,38266.5,38266.5,0.0
ORD4219,clean,40995.99,40176.07,40176.07,0.0
ORD4220,missing_settlement,20561.27,,,0.0
ORD4221,fee_variance,16785.24,16365.61,16365.61,0.0
ORD4222,duplicate_entry,33770.84,33095.42,33095.42,0.0
ORD4223,timing_lag,16019.98,15699.58,15699.58,0.0
ORD4224,tds_deduction,14406.25,14115.25,14115.25,0.0
ORD4225,tds_deduction,14174.24,13887.93,13887.93,0.0
ORD4226,clean,15977.43,15657.88,15657.88,0.0
ORD4227,clean,7494.1,7344.22,7344.22,0.0
ORD4228,duplicate_credit,23496.22,23026.3,23026.3,0.0
ORD4229,clean,38277.64,37512.09,37512.09,0.0
ORD4230,missing_settlement,17872.6,,,0.0
ORD4231,clean,43793.18,42917.32,42917.32,0.0
ORD4232,clean,41408.13,40579.97,40579.97,0.0
ORD4233,clean,39876.34,39078.81,39078.81,0.0
ORD4234,duplicate_entry,16641.87,16309.03,16309.03,0.0
ORD4235,refund_partial,19724.04,19329.56,14267.19,5062.37
ORD4236,clean,44844.53,43947.64,43947.64,0.0
ORD4237,tds_deduction,15383.48,15072.73,15072.73,0.0
ORD4238,clean,22301.98,21855.94,21855.94,0.0
ORD4239,missing_settlement,10076.3,,,0.0
ORD4240,tds_deduction,43930.48,43043.08,43043.08,0.0
ORD4241,clean,15451.88,15142.84,15142.84,0.0
ORD4242,clean,41776.84,40941.3,40941.3,0.0
ORD4243,rounding,13777.36,13501.81,13502.21,0.0
ORD4244,clean,17876.92,17519.38,17519.38,0.0
ORD4245,duplicate_credit,42324.06,41477.58,41477.58,0.0
ORD4246,clean,22838.79,22382.01,22382.01,0.0
ORD4247,clean,11978.7,11739.13,11739.13,0.0
ORD4248,fee_variance,15422.59,14959.91,14959.91,0.0
ORD4249,clean,12238.23,11993.47,11993.47,0.0
ORD4250,fee_variance,44019.75,43359.45,43359.45,0.0
ORD4251,clean,8912.16,8733.92,8733.92,0.0
ORD4252,missing_settlement,14838.71,,,0.0
ORD4253,clean,30820.81,30204.39,30204.39,0.0
ORD4254,duplicate_credit,23509.98,23039.78,23039.78,0.0
ORD4255,clean,3137.21,3074.47,3074.47,0.0
ORD4256,duplicate_entry,11735.68,11500.97,11500.97,0.0
ORD4257,refund_partial,23872.27,23394.82,18315.29,5079.53
ORD4258,clean,41106.79,40284.65,40284.65,0.0
ORD4259,clean,30033.31,29432.64,29432.64,0.0
ORD4260,clean,28530.08,27959.48,27959.48,0.0
ORD4261,tds_deduction,11823.6,11584.77,11584.77,0.0
ORD4262,clean,17301.2,16955.18,16955.18,0.0
ORD4263,fee_variance,8531.38,8275.44,8275.44,0.0
ORD4264,clean,14197.35,13913.4,13913.4,0.0
ORD4265,clean,43880.32,43002.71,43002.71,0.0
ORD4266,rounding,10270.51,10065.1,10065.7,0.0
ORD4267,clean,5887.95,5770.19,5770.19,0.0
ORD4268,tds_deduction,22711.74,22252.97,22252.97,0.0
ORD4269,clean,25170.88,24667.46,24667.46,0.0
ORD4270,duplicate_credit,32187.39,31543.64,31543.64,0.0
ORD4271,clean,8953.38,8774.31,8774.31,0.0
ORD4272,missing_settlement,22654.62,,,0.0
ORD4273,refund_partial,3100.51,3038.5,1447.87,1590.63
ORD4274,refund_partial,22021.84,21581.4,12565.2,9016.2
ORD4275,timing_lag,4016.53,3936.2,3936.2,0.0
ORD4276,clean,32400.28,31752.27,31752.27,0.0
ORD4277,clean,13402.23,13134.19,13134.19,0.0
ORD4278,rounding,17316.45,16970.12,16970.72,0.0
ORD4279,timing_lag,34506.61,33816.48,33816.48,0.0
ORD4280,missing_settlement,27508.92,,,0.0
ORD4281,clean,18347.3,17980.35,17980.35,0.0
ORD4282,timing_lag,3969.69,3890.3,3890.3,0.0
ORD4283,duplicate_credit,42113.79,41271.51,41271.51,0.0
ORD4284,fee_variance,14734.86,14292.81,14292.81,0.0
ORD4285,timing_lag,10283.71,10078.04,10078.04,0.0
ORD4286,clean,41568.13,40736.77,40736.77,0.0
ORD4287,clean,39250.86,38465.84,38465.84,0.0
ORD4288,clean,11286.13,11060.41,11060.41,0.0
ORD4289,missing_settlement,8944.73,,,0.0
ORD4290,duplicate_credit,4801.92,4705.88,4705.88,0.0
ORD4291,clean,2076.5,2034.97,2034.97,0.0
ORD4292,missing_settlement,32955.86,,,0.0
ORD4293,clean,36267.08,35541.74,35541.74,0.0
ORD4294,fee_variance,28044.75,27203.41,27203.41,0.0
ORD4295,refund_partial,30512.69,29902.44,23623.74,6278.7
ORD4296,clean,21540.24,21109.44,21109.44,0.0
ORD4297,refund_partial,943.67,924.8,424.84,499.96
ORD4298,tds_deduction,38364.44,37589.48,37589.48,0.0
ORD4299,clean,33677.4,33003.85,33003.85,0.0
ORD4300,clean,11249.31,11024.32,11024.32,0.0
ORD4301,clean,8614.97,8442.67,8442.67,0.0
ORD4302,clean,25123.14,24620.68,24620.68,0.0
ORD4303,rounding,1756.47,1721.34,1720.84,0.0
ORD4304,clean,43772.23,42896.79,42896.79,0.0
ORD4305,duplicate_entry,1422.08,1393.64,1393.64,0.0
ORD4306,clean,28942.55,28363.7,28363.7,0.0
ORD4307,clean,40888.94,40071.16,40071.16,0.0
ORD4308,fee_variance,5212.12,5149.57,5149.57,0.0
ORD4309,clean,1787.48,1751.73,1751.73,0.0
ORD4310,fee_variance,8638.69,8509.11,8509.11,0.0
ORD4311,duplicate_entry,9698.91,9504.93,9504.93,0.0
ORD4312,fee_variance,5916.87,5845.87,5845.87,0.0
ORD4313,clean,3176.7,3113.17,3113.17,0.0
ORD4314,clean,9179.31,8995.72,8995.72,0.0
ORD4315,timing_lag,33323.7,32657.23,32657.23,0.0
ORD4316,clean,41666.48,40833.15,40833.15,0.0
ORD4317,tds_deduction,10996.5,10774.37,10774.37,0.0
ORD4318,clean,4476.91,4387.37,4387.37,0.0
ORD4319,fee_variance,7462.77,7350.83,7350.83,0.0
ORD4320,clean,17730.91,17376.29,17376.29,0.0
ORD4321,clean,33699.16,33025.18,33025.18,0.0
ORD4322,tds_deduction,41837.83,40992.7,40992.7,0.0
ORD4323,clean,30449.08,29840.1,29840.1,0.0
ORD4324,clean,27012.8,26472.54,26472.54,0.0
ORD4325,refund_partial,23266.71,22801.38,14449.01,8352.37
ORD4326,clean,8612.18,8439.94,8439.94,0.0
ORD4327,duplicate_credit,16184.84,15861.14,15861.14,0.0
ORD4328,duplicate_credit,26624.56,26092.07,26092.07,0.0
ORD4329,timing_lag,41725.95,40891.43,40891.43,0.0
ORD4330,clean,12290.65,12044.84,12044.84,0.0
ORD4331,clean,16872.6,16535.15,16535.15,0.0
ORD4332,missing_settlement,13695.93,,,0.0
ORD4333,clean,42039.29,41198.5,41198.5,0.0
ORD4334,timing_lag,19133.93,18751.25,18751.25,0.0
ORD4335,timing_lag,37651.2,36898.18,36898.18,0.0
ORD4336,clean,3873.52,3796.05,3796.05,0.0
ORD4337,timing_lag,40011.8,39211.56,39211.56,0.0
ORD4338,clean,26143.3,25620.43,25620.43,0.0
ORD4339,timing_lag,12459.35,12210.16,12210.16,0.0
ORD4340,timing_lag,20937.04,20518.3,20518.3,0.0
ORD4341,clean,33963.08,33283.82,33283.82,0.0
ORD4342,clean,13863.26,13585.99,13585.99,0.0
ORD4343,clean,2666.23,2612.91,2612.91,0.0
ORD4344,clean,21032.9,20612.24,20612.24,0.0
ORD4345,clean,32627.93,31975.37,31975.37,0.0
ORD4346,clean,1710.12,1675.92,1675.92,0.0
ORD4347,duplicate_credit,35035.65,34334.94,34334.94,0.0
ORD4348,timing_lag,35828.85,35112.27,35112.27,0.0
ORD4349,missing_settlement,7992.8,,,0.0
ORD4350,clean,8331.53,8164.9,8164.9,0.0
ORD4351,refund_partial,10233.52,10028.85,6297.01,3731.84
ORD4352,timing_lag,14917.65,14619.3,14619.3,0.0
ORD4353,duplicate_entry,23272.38,22806.93,22806.93,0.0
ORD4354,fee_variance,31969.94,31010.84,31010.84,0.0
ORD4355,rounding,35141.26,34438.43,34438.13,0.0
ORD4356,clean,37829.81,37073.21,37073.21,0.0
ORD4357,rounding,15937.78,15619.02,15618.72,0.0
ORD4358,clean,36416.83,35688.49,35688.49,0.0
ORD4359,clean,10876.22,10658.7,10658.7,0.0
ORD4360,clean,29308.65,28722.48,28722.48,0.0
ORD4361,clean,32819.55,32163.16,32163.16,0.0
ORD4362,timing_lag,9153.92,8970.84,8970.84,0.0
ORD4363,clean,36663.52,35930.25,35930.25,0.0
ORD4364,missing_settlement,19587.81,,,0.0
ORD4365,clean,38598.39,37826.42,37826.42,0.0
ORD4366,fee_variance,36690.09,35772.84,35772.84,0.0
ORD4367,clean,26521.5,25991.07,25991.07,0.0
ORD4368,fee_variance,30676.88,29756.57,29756.57,0.0
ORD4369,duplicate_entry,13270.2,13004.8,13004.8,0.0
ORD4370,rounding,40835.51,40018.8,40019.4,0.0
ORD4371,clean,5705.33,5591.22,5591.22,0.0
ORD4372,clean,19626.74,19234.21,19234.21,0.0
ORD4373,fee_variance,29710.36,29353.84,29353.84,0.0
ORD4374,refund_partial,15889.32,15571.53,8489.29,7082.24
ORD4375,clean,20380.15,19972.55,19972.55,0.0
ORD4376,tds_deduction,23149.92,22682.29,22682.29,0.0
ORD4377,rounding,24778.62,24283.05,24282.55,0.0
ORD4378,duplicate_entry,30071.48,29470.05,29470.05,0.0
ORD4379,clean,27407.2,26859.06,26859.06,0.0
ORD4380,duplicate_entry,6216.09,6091.77,6091.77,0.0
ORD4381,clean,14554.86,14263.76,14263.76,0.0
ORD4382,missing_settlement,24654.3,,,0.0
ORD4383,clean,17928.02,17569.46,17569.46,0.0
ORD4384,refund_partial,15725.77,15411.25,7935.54,7475.71
ORD4385,clean,16015.04,15694.74,15694.74,0.0
ORD4386,clean,37313.81,36567.53,36567.53,0.0
ORD4387,clean,29708.92,29114.74,29114.74,0.0
ORD4388,clean,27361.21,26813.99,26813.99,0.0
ORD4389,rounding,19860.42,19463.21,19462.91,0.0
ORD4390,tds_deduction,25007.2,24502.06,24502.06,0.0
ORD4391,clean,35115.75,34413.43,34413.43,0.0
ORD4392,clean,41202.9,40378.84,40378.84,0.0
ORD4393,clean,34400.19,33712.19,33712.19,0.0
ORD4394,clean,25451.62,24942.59,24942.59,0.0
ORD4395,clean,7172.35,7028.9,7028.9,0.0
ORD4396,clean,12840.35,12583.54,12583.54,0.0
ORD4397,refund_partial,9140.86,8958.04,6329.12,2628.92
ORD4398,refund_partial,3975.57,3896.06,1985.09,1910.97
ORD4399,duplicate_entry,35722.47,35008.02,35008.02,0.0
ORD4400,timing_lag,5039.73,4938.94,4938.94,0.0
ORD4401,timing_lag,30090.99,29489.17,29489.17,0.0
ORD4402,duplicate_entry,13165.26,12901.95,12901.95,0.0
ORD4403,missing_settlement,40112.95,,,0.0
ORD4404,rounding,9758.61,9563.44,9562.94,0.0
ORD4405,tds_deduction,30009.36,29403.17,29403.17,0.0
ORD4406,clean,3818.62,3742.25,3742.25,0.0
ORD4407,tds_deduction,15100.46,14795.43,14795.43,0.0
ORD4408,duplicate_credit,6186.45,6062.72,6062.72,0.0
ORD4409,duplicate_entry,35582.82,34871.16,34871.16,0.0
ORD4410,clean,32261.84,31616.6,31616.6,0.0
ORD4411,rounding,11761.03,11525.81,11526.41,0.0
ORD4412,clean,4253.66,4168.59,4168.59,0.0
ORD4413,clean,2838.57,2781.8,2781.8,0.0
ORD4414,refund_partial,8669.22,8495.84,4932.82,3563.02
ORD4415,tds_deduction,27403.82,26850.26,26850.26,0.0
ORD4416,rounding,36289.9,35564.1,35563.8,0.0
ORD4417,clean,40554.39,39743.3,39743.3,0.0
ORD4418,duplicate_credit,5815.42,5699.11,5699.11,0.0
ORD4419,missing_settlement,42493.07,,,0.0
ORD4420,missing_settlement,12621.78,,,0.0
ORD4421,rounding,39115.69,38333.38,38333.08,0.0
ORD4422,duplicate_credit,17305.13,16959.03,16959.03,0.0
ORD4423,duplicate_entry,43544.05,42673.17,42673.17,0.0
ORD4424,fee_variance,27905.93,27208.28,27208.28,0.0
ORD4425,clean,42055.29,41214.18,41214.18,0.0
ORD4426,duplicate_credit,35282.89,34577.23,34577.23,0.0
ORD4427,duplicate_entry,18009.62,17649.43,17649.43,0.0
ORD4428,duplicate_credit,8562.96,8391.7,8391.7,0.0
ORD4429,clean,33561.84,32890.6,32890.6,0.0
ORD4430,refund_partial,41077.58,40256.03,24453.87,15802.16
ORD4431,timing_lag,22698.25,22244.28,22244.28,0.0
ORD4432,refund_partial,23475.03,23005.53,13073.87,9931.66
ORD4433,clean,41989.6,41149.81,41149.81,0.0
ORD4434,refund_partial,1585.77,1554.05,1058.53,495.52
ORD4435,duplicate_entry,41363.7,40536.43,40536.43,0.0
ORD4436,clean,35592.52,34880.67,34880.67,0.0
ORD4437,duplicate_credit,9398.75,9210.78,9210.78,0.0
ORD4438,clean,31286.57,30660.84,30660.84,0.0
ORD4439,clean,13057.43,12796.28,12796.28,0.0
ORD4440,clean,30699.13,30085.15,30085.15,0.0
ORD4441,clean,11470.55,11241.14,11241.14,0.0
ORD4442,timing_lag,37306.02,36559.9,36559.9,0.0
ORD4443,missing_settlement,16745.11,,,0.0
ORD4444,tds_deduction,2248.56,2203.14,2203.14,0.0
ORD4445,rounding,16110.33,15788.12,15787.62,0.0
ORD4446,clean,39205.42,38421.31,38421.31,0.0
ORD4447,duplicate_entry,16549.37,16218.38,16218.38,0.0
ORD4448,duplicate_entry,11847.47,11610.52,11610.52,0.0
ORD4449,tds_deduction,12897.74,12637.21,12637.21,0.0
ORD4450,refund_partial,24129.17,23646.59,16248.75,7397.84
ORD4451,duplicate_credit,10459.33,10250.14,10250.14,0.0
ORD4452,clean,36479.2,35749.62,35749.62,0.0
ORD4453,clean,26474.44,25944.95,25944.95,0.0
ORD4454,tds_deduction,23911.5,23428.49,23428.49,0.0
ORD4455,duplicate_credit,41739.11,40904.33,40904.33,0.0
ORD4456,clean,5457.96,5348.8,5348.8,0.0
ORD4457,fee_variance,2495.16,2432.78,2432.78,0.0
ORD4458,duplicate_credit,27085.55,26543.84,26543.84,0.0
ORD4459,duplicate_entry,42356.73,41509.6,41509.6,0.0
ORD4460,clean,11470.03,11240.63,11240.63,0.0
ORD4461,timing_lag,30659.31,30046.12,30046.12,0.0
ORD4462,clean,9887.92,9690.16,9690.16,0.0
ORD4463,clean,19843.94,19447.06,19447.06,0.0
ORD4464,duplicate_entry,24107.19,23625.05,23625.05,0.0
ORD4465,clean,13860.37,13583.16,13583.16,0.0
ORD4466,fee_variance,16056.21,15654.8,15654.8,0.0
ORD4467,clean,9256.59,9071.46,9071.46,0.0
ORD4468,clean,14029.44,13748.85,13748.85,0.0
ORD4469,clean,23450.57,22981.56,22981.56,0.0
ORD4470,clean,37962.72,37203.47,37203.47,0.0
ORD4471,duplicate_credit,2890.32,2832.51,2832.51,0.0
ORD4472,tds_deduction,12757.1,12499.41,12499.41,0.0
ORD4473,clean,16834.73,16498.04,16498.04,0.0
ORD4474,clean,11843.01,11606.15,11606.15,0.0
ORD4475,clean,44965.75,44066.43,44066.43,0.0
ORD4476,rounding,12247.42,12002.47,12002.87,0.0
ORD4477,clean,44079.9,43198.3,43198.3,0.0
ORD4478,tds_deduction,31489.1,30853.02,30853.02,0.0
ORD4479,duplicate_entry,29438.47,28849.7,28849.7,0.0
ORD4480,clean,17843.03,17486.17,17486.17,0.0
ORD4481,tds_deduction,10214.18,10007.86,10007.86,0.0
ORD4482,clean,35571.45,34860.02,34860.02,0.0
ORD4483,duplicate_credit,38955.47,38176.36,38176.36,0.0
ORD4484,clean,10922.42,10703.97,10703.97,0.0
ORD4485,clean,8715.7,8541.39,8541.39,0.0
ORD4486,refund_partial,14648.5,14355.53,6968.31,7387.22
ORD4487,clean,21829.81,21393.21,21393.21,0.0
ORD4488,clean,33941.3,33262.47,33262.47,0.0
ORD4489,missing_settlement,31893.86,,,0.0
ORD4490,fee_variance,22671.95,22399.89,22399.89,0.0
ORD4491,missing_settlement,31835.5,,,0.0
ORD4492,clean,1469.97,1440.57,1440.57,0.0
ORD4493,timing_lag,34601.13,33909.11,33909.11,0.0
ORD4494,refund_partial,39906.64,39108.51,18776.43,20332.08
ORD4495,timing_lag,35850.06,35133.06,35133.06,0.0
ORD4496,refund_partial,31774.97,31139.47,21227.32,9912.15
ORD4497,clean,10698.45,10484.48,10484.48,0.0
ORD4498,duplicate_credit,36307.25,35581.11,35581.11,0.0
ORD4499,clean,16224.02,15899.54,15899.54,0.0
ORD4500,timing_lag,14921.85,14623.41,14623.41,0.0
ORD4501,clean,40082.3,39280.65,39280.65,0.0
ORD4502,clean,32516.15,31865.83,31865.83,0.0
ORD4503,refund_partial,31515.47,30885.16,18008.27,12876.89
ORD4504,clean,5138.84,5036.06,5036.06,0.0
ORD4505,duplicate_entry,5358.23,5251.07,5251.07,0.0
ORD4506,clean,10679.7,10466.11,10466.11,0.0
ORD4507,clean,40013.95,39213.67,39213.67,0.0
ORD4508,clean,1677.51,1643.96,1643.96,0.0
ORD4509,fee_variance,14003.15,13583.06,13583.06,0.0
ORD4510,duplicate_credit,36261.13,35535.91,35535.91,0.0
ORD4511,timing_lag,8809.44,8633.25,8633.25,0.0
ORD4512,clean,11376.29,11148.76,11148.76,0.0
ORD4513,missing_settlement,8398.27,,,0.0
ORD4514,missing_settlement,39801.99,,,0.0
ORD4515,tds_deduction,44583.38,43682.79,43682.79,0.0
ORD4516,clean,38420.32,37651.91,37651.91,0.0
ORD4517,tds_deduction,22485.34,22031.13,22031.13,0.0
ORD4518,clean,8839.46,8662.67,8662.67,0.0
ORD4519,refund_partial,18635.58,18262.87,12565.97,5696.9
ORD4520,clean,39593.14,38801.28,38801.28,0.0
ORD4521,tds_deduction,39800.93,38996.95,38996.95,0.0
ORD4522,tds_deduction,41357.44,40522.02,40522.02,0.0
ORD4523,clean,32830.16,32173.56,32173.56,0.0
ORD4524,timing_lag,27057.42,26516.27,26516.27,0.0
ORD4525,tds_deduction,36077.06,35348.3,35348.3,0.0
ORD4526,missing_settlement,42156.69,,,0.0
ORD4527,timing_lag,24271.6,23786.17,23786.17,0.0
ORD4528,clean,28402.61,27834.56,27834.56,0.0
ORD4529,refund_partial,32405.4,31757.29,16511.16,15246.13
ORD4530,clean,4065.9,3984.58,3984.58,0.0
ORD4531,duplicate_credit,22045.95,21605.03,21605.03,0.0
ORD4532,tds_deduction,11670.42,11434.68,11434.68,0.0
ORD4533,fee_variance,24641.21,24271.59,24271.59,0.0
ORD4534,clean,13940.97,13662.15,13662.15,0.0
ORD4535,rounding,8007.74,7847.59,7847.09,0.0
ORD4536,missing_settlement,43924.77,,,0.0
ORD4537,rounding,25270.37,24764.96,24764.66,0.0
ORD4538,rounding,5818.71,5702.34,5702.94,0.0
ORD4539,clean,32765.42,32110.11,32110.11,0.0
ORD4540,clean,28968.62,28389.25,28389.25,0.0
ORD4541,clean,5318.07,5211.71,5211.71,0.0
ORD4542,refund_partial,21929.62,21491.03,13951.77,7539.26
ORD4543,missing_settlement,20075.28,,,0.0
ORD4544,clean,24592.65,24100.8,24100.8,0.0
ORD4545,fee_variance,18084.83,17632.71,17632.71,0.0
ORD4546,fee_variance,11878.04,11581.09,11581.09,0.0
ORD4547,clean,9672.11,9478.67,9478.67,0.0
ORD4548,clean,27956.46,27397.33,27397.33,0.0
ORD4549,rounding,38621.8,37849.36,37849.76,0.0
ORD4550,tds_deduction,42233.23,41380.12,41380.12,0.0
ORD4551,clean,24862.22,24364.98,24364.98,0.0
ORD4552,duplicate_entry,20111.13,19708.91,19708.91,0.0
ORD4553,clean,15552.75,15241.69,15241.69,0.0
ORD4554,timing_lag,22914.03,22455.75,22455.75,0.0
ORD4555,clean,25187.68,24683.93,24683.93,0.0
ORD4556,refund_partial,42768.47,41913.1,31189.19,10723.91
ORD4557,tds_deduction,44405.91,43508.91,43508.91,0.0
ORD4558,duplicate_entry,2554.3,2503.21,2503.21,0.0
ORD4559,tds_deduction,28334.21,27761.86,27761.86,0.0
ORD4560,clean,28252.23,27687.19,27687.19,0.0
ORD4561,refund_partial,38516.21,37745.89,27186.06,10559.83
ORD4562,rounding,37009.55,36269.36,36269.76,0.0
ORD4563,rounding,14082.28,13800.63,13800.13,0.0
ORD4564,clean,28453.67,27884.6,27884.6,0.0
ORD4565,clean,38295.51,37529.6,37529.6,0.0
ORD4566,fee_variance,11220.04,10939.54,10939.54,0.0
ORD4567,duplicate_credit,9309.3,9123.11,9123.11,0.0
ORD4568,duplicate_entry,32993.29,32333.42,32333.42,0.0
ORD4569,clean,35045.33,34344.42,34344.42,0.0
ORD4570,clean,27237.34,26692.59,26692.59,0.0
ORD4571,timing_lag,9772.98,9577.52,9577.52,0.0
ORD4572,duplicate_credit,30748.09,30133.13,30133.13,0.0
ORD4573,clean,19691.56,19297.73,19297.73,0.0
ORD4574,rounding,32306.69,31660.56,31660.96,0.0
ORD4575,clean,12980.6,12720.99,12720.99,0.0
ORD4576,clean,19418.21,19029.85,19029.85,0.0
ORD4577,clean,31738.71,31103.94,31103.94,0.0
ORD4578,clean,9451.66,9262.63,9262.63,0.0
ORD4579,clean,9065.4,8884.09,8884.09,0.0
ORD4580,refund_partial,37879.75,37122.15,25645.04,11477.11
ORD4581,refund_partial,22069.58,21628.19,10640.09,10988.1
ORD4582,clean,38592.6,37820.75,37820.75,0.0
ORD4583,clean,22721.76,22267.32,22267.32,0.0
ORD4584,refund_partial,23500.93,23030.91,13683.35,9347.56
ORD4585,clean,14191.79,13907.95,13907.95,0.0
ORD4586,clean,10150.45,9947.44,9947.44,0.0
ORD4587,clean,33445.3,32776.39,32776.39,0.0
ORD4588,clean,2875.93,2818.41,2818.41,0.0
ORD4589,clean,42352.82,41505.76,41505.76,0.0
ORD4590,clean,33393.43,32725.56,32725.56,0.0
ORD4591,clean,36412.83,35684.57,35684.57,0.0
ORD4592,refund_partial,38840.34,38063.53,21496.84,16566.69
ORD4593,clean,34877.21,34179.67,34179.67,0.0
ORD4594,clean,18700.35,18326.34,18326.34,0.0
ORD4595,missing_settlement,2925.67,,,0.0
ORD4596,clean,22726.39,22271.86,22271.86,0.0
ORD4597,duplicate_credit,33762.7,33087.45,33087.45,0.0
ORD4598,tds_deduction,31084.35,30456.44,30456.44,0.0
ORD4599,duplicate_entry,27807.86,27251.7,27251.7,0.0
ORD4600,clean,3542.61,3471.76,3471.76,0.0
ORD4601,clean,25313.64,24807.37,24807.37,0.0
ORD4602,rounding,36667.84,35934.48,35933.98,0.0
ORD4603,timing_lag,5868.08,5750.72,5750.72,0.0
ORD4604,fee_variance,17998.78,17782.79,17782.79,0.0
ORD4605,tds_deduction,18327.07,17956.86,17956.86,0.0
ORD4606,rounding,37487.48,36737.73,36738.33,0.0
ORD4607,clean,18778.41,18402.84,18402.84,0.0
ORD4608,clean,42637.49,41784.74,41784.74,0.0
ORD4609,missing_settlement,9191.31,,,0.0
ORD4610,timing_lag,14497.24,14207.3,14207.3,0.0
ORD4611,clean,29411.24,28823.02,28823.02,0.0
ORD4612,tds_deduction,20288.64,19878.81,19878.81,0.0
ORD4613,clean,24525.86,24035.34,24035.34,0.0
ORD4614,duplicate_entry,41570.39,40738.98,40738.98,0.0
ORD4615,clean,21226.84,20802.3,20802.3,0.0
ORD4616,duplicate_credit,32028.25,31387.68,31387.68,0.0
ORD4617,fee_variance,28943.28,28219.7,28219.7,0.0
ORD4618,clean,15335.25,15028.55,15028.55,0.0
ORD4619,refund_partial,37887.17,37129.43,15161.5,21967.93
ORD4620,clean,12415.87,12167.55,12167.55,0.0
ORD4621,clean,39431.1,38642.48,38642.48,0.0
ORD4622,clean,29596.41,29004.48,29004.48,0.0
ORD4623,fee_variance,37259.97,36812.85,36812.85,0.0
ORD4624,rounding,36085.69,35363.98,35363.68,0.0
ORD4625,tds_deduction,34861.92,34157.71,34157.71,0.0
ORD4626,clean,25632.99,25120.33,25120.33,0.0
ORD4627,duplicate_entry,2011.14,1970.92,1970.92,0.0
ORD4628,clean,10142.55,9939.7,9939.7,0.0
ORD4629,clean,2008.31,1968.14,1968.14,0.0
ORD4630,tds_deduction,4203.84,4118.92,4118.92,0.0
ORD4631,refund_partial,20829.74,20413.15,11148.35,9264.8
ORD4632,tds_deduction,33052.97,32385.3,32385.3,0.0
ORD4633,rounding,8591.03,8419.21,8418.91,0.0
ORD4634,duplicate_entry,33952.08,33273.04,33273.04,0.0
ORD4635,clean,6637.68,6504.93,6504.93,0.0
ORD4636,refund_partial,34016.93,33336.59,23204.14,10132.45
ORD4637,rounding,7953.05,7793.99,7794.59,0.0
ORD4638,clean,18726.57,18352.04,18352.04,0.0
ORD4639,clean,9934.0,9735.32,9735.32,0.0
ORD4640,duplicate_entry,42538.88,41688.1,41688.1,0.0
ORD4641,clean,13660.51,13387.3,13387.3,0.0
ORD4642,clean,27073.16,26531.7,26531.7,0.0
ORD4643,duplicate_credit,33274.43,32608.94,32608.94,0.0
ORD4644,timing_lag,13339.83,13073.03,13073.03,0.0
ORD4645,timing_lag,18495.38,18125.47,18125.47,0.0
ORD4646,tds_deduction,26979.38,26434.39,26434.39,0.0
ORD4647,missing_settlement,32062.89,,,0.0
ORD4648,clean,37295.71,36549.8,36549.8,0.0
ORD4649,clean,39373.0,38585.54,38585.54,0.0
ORD4650,clean,4195.0,4111.1,4111.1,0.0
ORD4651,clean,41292.29,40466.44,40466.44,0.0
ORD4652,timing_lag,1654.35,1621.26,1621.26,0.0
ORD4653,duplicate_credit,11033.72,10813.05,10813.05,0.0
ORD4654,tds_deduction,38147.75,37377.16,37377.16,0.0
ORD4655,fee_variance,37535.79,36409.72,36409.72,0.0
ORD4656,clean,39855.3,39058.19,39058.19,0.0
ORD4657,fee_variance,36716.06,35798.16,35798.16,0.0
ORD4658,clean,7769.07,7613.69,7613.69,0.0
ORD4659,duplicate_credit,33192.74,32528.89,32528.89,0.0
ORD4660,duplicate_entry,26190.06,25666.26,25666.26,0.0
ORD4661,duplicate_credit,23769.83,23294.43,23294.43,0.0
ORD4662,clean,17199.04,16855.06,16855.06,0.0
ORD4663,tds_deduction,14467.01,14174.78,14174.78,0.0
ORD4664,rounding,21277.57,20852.02,20852.62,0.0
ORD4665,timing_lag,13177.37,12913.82,12913.82,0.0
ORD4666,missing_settlement,501.85,,,0.0
ORD4667,missing_settlement,32727.27,,,0.0
ORD4668,rounding,34389.21,33701.43,33701.13,0.0
ORD4669,duplicate_credit,19607.8,19215.64,19215.64,0.0
ORD4670,tds_deduction,8234.07,8067.74,8067.74,0.0
ORD4671,duplicate_credit,9615.76,9423.44,9423.44,0.0
ORD4672,clean,31677.4,31043.85,31043.85,0.0
ORD4673,rounding,7064.02,6922.74,6922.24,0.0
ORD4674,rounding,13060.95,12799.73,12800.33,0.0
ORD4675,fee_variance,13656.48,13246.79,13246.79,0.0
ORD4676,clean,9911.56,9713.33,9713.33,0.0
ORD4677,clean,34158.15,33474.99,33474.99,0.0
ORD4678,fee_variance,44326.19,43794.28,43794.28,0.0
ORD4679,duplicate_credit,40768.64,39953.27,39953.27,0.0
ORD4680,clean,14014.79,13734.49,13734.49,0.0
ORD4681,clean,5467.96,5358.6,5358.6,0.0
ORD4682,clean,13479.69,13210.1,13210.1,0.0
ORD4683,clean,7050.45,6909.44,6909.44,0.0
ORD4684,tds_deduction,25671.42,25152.86,25152.86,0.0
ORD4685,refund_partial,26906.59,26368.46,19361.93,7006.53
ORD4686,duplicate_entry,33804.57,33128.48,33128.48,0.0
ORD4687,clean,34934.79,34236.09,34236.09,0.0
ORD4688,rounding,9155.35,8972.24,8972.64,0.0
ORD4689,clean,17885.57,17527.86,17527.86,0.0
ORD4690,duplicate_credit,24914.7,24416.41,24416.41,0.0
ORD4691,clean,5803.96,5687.88,5687.88,0.0
ORD4692,clean,9788.95,9593.17,9593.17,0.0
ORD4693,tds_deduction,30328.86,29716.21,29716.21,0.0
ORD4694,clean,1560.91,1529.69,1529.69,0.0
ORD4695,clean,15515.94,15205.62,15205.62,0.0
ORD4696,clean,15878.72,15561.15,15561.15,0.0
ORD4697,clean,1236.08,1211.36,1211.36,0.0
ORD4698,fee_variance,37811.98,36677.62,36677.62,0.0
ORD4699,duplicate_entry,5471.58,5362.15,5362.15,0.0
ORD4700,clean,23265.27,22799.96,22799.96,0.0
ORD4701,duplicate_credit,9565.67,9374.36,9374.36,0.0
ORD4702,clean,34324.84,33638.34,33638.34,0.0
ORD4703,clean,35179.97,34476.37,34476.37,0.0
ORD4704,tds_deduction,38109.43,37339.62,37339.62,0.0
ORD4705,clean,17985.16,17625.46,17625.46,0.0
ORD4706,clean,40507.14,39697.0,39697.0,0.0
ORD4707,fee_variance,8035.33,7834.45,7834.45,0.0
ORD4708,clean,44892.99,43995.13,43995.13,0.0
ORD4709,duplicate_entry,22002.58,21562.53,21562.53,0.0
ORD4710,clean,19329.63,18943.04,18943.04,0.0
ORD4711,duplicate_credit,20678.0,20264.44,20264.44,0.0
ORD4712,duplicate_entry,14842.56,14545.71,14545.71,0.0
ORD4713,timing_lag,40858.76,40041.58,40041.58,0.0
ORD4714,clean,32694.5,32040.61,32040.61,0.0
ORD4715,duplicate_entry,28521.7,27951.27,27951.27,0.0
ORD4716,clean,23770.68,23295.27,23295.27,0.0
ORD4717,timing_lag,6240.1,6115.3,6115.3,0.0
ORD4718,clean,15238.84,14934.06,14934.06,0.0
ORD4719,clean,10194.77,9990.87,9990.87,0.0
ORD4720,tds_deduction,19256.72,18867.74,18867.74,0.0
ORD4721,rounding,39340.34,38553.53,38554.13,0.0
ORD4722,fee_variance,20257.79,19751.35,19751.35,0.0
ORD4723,clean,19040.96,18660.14,18660.14,0.0
ORD4724,timing_lag,32809.74,32153.55,32153.55,0.0
ORD4725,fee_variance,6902.59,6799.05,6799.05,0.0
ORD4726,clean,10343.28,10136.41,10136.41,0.0
ORD4727,duplicate_credit,7293.98,7148.1,7148.1,0.0
ORD4728,refund_partial,607.54,595.39,332.89,262.5
ORD4729,duplicate_entry,35236.69,34531.96,34531.96,0.0
ORD4730,refund_partial,43756.73,42881.6,23038.76,19842.84
ORD4731,clean,4066.78,3985.44,3985.44,0.0
ORD4732,refund_partial,43559.29,42688.1,24952.22,17735.88
ORD4733,clean,29379.13,28791.55,28791.55,0.0
ORD4734,timing_lag,3453.45,3384.38,3384.38,0.0
ORD4735,clean,2398.51,2350.54,2350.54,0.0
ORD4736,clean,38803.39,38027.32,38027.32,0.0
ORD4737,tds_deduction,17153.49,16806.99,16806.99,0.0
ORD4738,rounding,32509.87,31859.67,31859.17,0.0
ORD4739,clean,7916.09,7757.77,7757.77,0.0
ORD4740,clean,38291.26,37525.43,37525.43,0.0
ORD4741,clean,25189.77,24685.97,24685.97,0.0
ORD4742,clean,16030.56,15709.95,15709.95,0.0
ORD4743,clean,36383.67,35656.0,35656.0,0.0
ORD4744,clean,3433.68,3365.01,3365.01,0.0
ORD4745,rounding,21701.46,21267.43,21267.83,0.0
ORD4746,timing_lag,21543.14,21112.28,21112.28,0.0
ORD4747,clean,44189.82,43306.02,43306.02,0.0
ORD4748,clean,20134.47,19731.78,19731.78,0.0
ORD4749,rounding,10258.81,10053.63,10053.13,0.0
ORD4750,clean,44225.51,43341.0,43341.0,0.0
ORD4751,clean,20643.18,20230.32,20230.32,0.0
ORD4752,fee_variance,27751.57,27335.3,27335.3,0.0
ORD4753,rounding,584.74,573.05,572.75,0.0
ORD4754,refund_partial,37056.16,36315.04,23661.72,12653.32
ORD4755,rounding,43961.08,43081.86,43081.36,0.0
ORD4756,refund_partial,36320.73,35594.32,17872.46,17721.86
ORD4757,missing_settlement,4286.66,,,0.0
ORD4758,rounding,29025.31,28444.8,28444.3,0.0
ORD4759,rounding,38744.39,37969.5,37969.9,0.0
ORD4760,clean,6873.39,6735.92,6735.92,0.0
ORD4761,clean,8739.71,8564.92,8564.92,0.0
ORD4762,clean,29206.08,28621.96,28621.96,0.0
ORD4763,duplicate_credit,36773.38,36037.91,36037.91,0.0
ORD4764,rounding,3654.15,3581.07,3581.47,0.0
ORD4765,tds_deduction,3681.05,3606.69,3606.69,0.0
ORD4766,clean,31629.34,30996.75,30996.75,0.0
ORD4767,clean,43107.65,42245.5,42245.5,0.0
ORD4768,clean,20818.11,20401.75,20401.75,0.0
ORD4769,tds_deduction,40256.62,39443.44,39443.44,0.0
ORD4770,refund_partial,10085.88,9884.16,7376.89,2507.27
ORD4771,clean,8946.43,8767.5,8767.5,0.0
ORD4772,clean,26173.31,25649.84,25649.84,0.0
ORD4773,clean,9940.65,9741.84,9741.84,0.0
ORD4774,clean,43045.5,42184.59,42184.59,0.0
ORD4775,missing_settlement,22638.42,,,0.0
ORD4776,duplicate_entry,9440.88,9252.06,9252.06,0.0
ORD4777,clean,41640.85,40808.03,40808.03,0.0
ORD4778,clean,32684.14,32030.46,32030.46,0.0
ORD4779,clean,13710.36,13436.15,13436.15,0.0
ORD4780,clean,29811.32,29215.09,29215.09,0.0
ORD4781,duplicate_entry,21849.91,21412.91,21412.91,0.0
ORD4782,timing_lag,19972.88,19573.42,19573.42,0.0
ORD4783,refund_partial,10056.01,9854.89,4357.7,5497.19
ORD4784,missing_settlement,4841.56,,,0.0
ORD4785,duplicate_entry,37672.33,36918.88,36918.88,0.0
ORD4786,timing_lag,27698.51,27144.54,27144.54,0.0
ORD4787,duplicate_credit,12089.91,11848.11,11848.11,0.0
ORD4788,clean,22612.35,22160.1,22160.1,0.0
ORD4789,clean,14898.34,14600.37,14600.37,0.0
ORD4790,fee_variance,44098.71,43569.53,43569.53,0.0
ORD4791,timing_lag,25738.65,25223.88,25223.88,0.0
ORD4792,clean,14560.53,14269.32,14269.32,0.0
ORD4793,clean,36148.27,35425.3,35425.3,0.0
ORD4794,clean,1949.65,1910.66,1910.66,0.0
ORD4795,missing_settlement,18840.67,,,0.0
ORD4796,rounding,30203.6,29599.53,29599.23,0.0
ORD4797,refund_partial,4501.19,4411.17,3510.05,901.12
ORD4798,refund_partial,38482.18,37712.54,28297.93,9414.61
ORD4799,clean,5347.56,5240.61,5240.61,0.0
ORD4800,rounding,24364.8,23877.5,23877.9,0.0
ORD4801,clean,36324.37,35597.88,35597.88,0.0
ORD4802,duplicate_entry,6332.45,6205.8,6205.8,0.0
ORD4803,duplicate_credit,44603.8,43711.72,43711.72,0.0
ORD4804,clean,4218.37,4134.0,4134.0,0.0
ORD4805,clean,27779.33,27223.74,27223.74,0.0
ORD4806,clean,13798.1,13522.14,13522.14,0.0
ORD4807,fee_variance,8332.16,8232.17,8232.17,0.0
ORD4808,clean,41932.51,41093.86,41093.86,0.0
ORD4809,clean,14994.18,14694.3,14694.3,0.0
ORD4810,duplicate_credit,37270.2,36524.8,36524.8,0.0
ORD4811,duplicate_entry,22347.69,21900.74,21900.74,0.0
ORD4812,clean,31071.21,30449.79,30449.79,0.0
ORD4813,clean,19504.88,19114.78,19114.78,0.0
ORD4814,missing_settlement,6831.44,,,0.0
ORD4815,timing_lag,31498.67,30868.7,30868.7,0.0
ORD4816,clean,32925.37,32266.86,32266.86,0.0
ORD4817,clean,6815.71,6679.4,6679.4,0.0
ORD4818,tds_deduction,3520.13,3449.03,3449.03,0.0
ORD4819,missing_settlement,44039.11,,,0.0
ORD4820,timing_lag,33836.41,33159.68,33159.68,0.0
ORD4821,tds_deduction,9689.6,9493.87,9493.87,0.0
ORD4822,clean,29606.57,29014.44,29014.44,0.0
ORD4823,clean,29812.85,29216.59,29216.59,0.0
ORD4824,missing_settlement,36421.22,,,0.0
ORD4825,clean,25292.36,24786.51,24786.51,0.0
ORD4826,clean,13608.4,13336.23,13336.23,0.0
ORD4827,fee_variance,23395.35,22810.47,22810.47,0.0
ORD4828,clean,22952.87,22493.81,22493.81,0.0
ORD4829,clean,39373.5,38586.03,38586.03,0.0
ORD4830,clean,42208.32,41364.15,41364.15,0.0
ORD4831,fee_variance,5706.32,5620.73,5620.73,0.0
ORD4832,tds_deduction,38120.71,37350.68,37350.68,0.0
ORD4833,rounding,4365.08,4277.78,4278.38,0.0
ORD4834,clean,33230.01,32565.41,32565.41,0.0
ORD4835,clean,8892.19,8714.35,8714.35,0.0
ORD4836,rounding,27204.81,26660.71,26660.41,0.0
ORD4837,clean,20169.06,19765.68,19765.68,0.0
ORD4838,timing_lag,25927.79,25409.23,25409.23,0.0
ORD4839,clean,18340.13,17973.33,17973.33,0.0
ORD4840,tds_deduction,44542.78,43643.01,43643.01,0.0
ORD4841,rounding,30666.38,30053.05,30053.65,0.0
ORD4842,clean,42547.64,41696.69,41696.69,0.0
ORD4843,tds_deduction,1871.04,1833.25,1833.25,0.0
ORD4844,rounding,28524.71,27954.22,27953.92,0.0
ORD4845,timing_lag,43022.18,42161.74,42161.74,0.0
ORD4846,clean,22202.48,21758.43,21758.43,0.0
ORD4847,missing_settlement,34753.83,,,0.0
ORD4848,fee_variance,44497.41,43963.44,43963.44,0.0
ORD4849,clean,32607.08,31954.94,31954.94,0.0
ORD4850,clean,3607.0,3534.86,3534.86,0.0
ORD4851,refund_partial,3791.13,3715.31,2224.65,1490.66
ORD4852,clean,31811.44,31175.21,31175.21,0.0
ORD4853,clean,3488.87,3419.09,3419.09,0.0
ORD4854,duplicate_entry,15670.12,15356.72,15356.72,0.0
ORD4855,duplicate_credit,36137.17,35414.43,35414.43,0.0
ORD4856,tds_deduction,17755.18,17396.53,17396.53,0.0
ORD4857,rounding,39122.73,38340.28,38339.78,0.0
ORD4858,clean,26827.76,26291.2,26291.2,0.0
ORD4859,clean,1607.17,1575.03,1575.03,0.0
ORD4860,refund_partial,30710.77,30096.55,13574.42,16522.13
ORD4861,duplicate_entry,26529.54,25998.95,25998.95,0.0
ORD4862,clean,25451.06,24942.04,24942.04,0.0
ORD4863,clean,41908.5,41070.33,41070.33,0.0
ORD4864,clean,38713.87,37939.59,37939.59,0.0
ORD4865,missing_settlement,27770.63,,,0.0
ORD4866,clean,27671.0,27117.58,27117.58,0.0
ORD4867,tds_deduction,5411.35,5302.04,5302.04,0.0
ORD4868,missing_settlement,11967.81,,,0.0
ORD4869,tds_deduction,35099.75,34390.73,34390.73,0.0
ORD4870,missing_settlement,16204.76,,,0.0
ORD4871,clean,36789.88,36054.08,36054.08,0.0
ORD4872,clean,9857.12,9659.98,9659.98,0.0
ORD4873,clean,14392.14,14104.3,14104.3,0.0
ORD4874,rounding,18901.83,18523.79,18524.39,0.0
ORD4875,clean,42733.44,41878.77,41878.77,0.0
ORD4876,refund_partial,23443.29,22974.42,9768.12,13206.3
ORD4877,rounding,1203.43,1179.36,1179.76,0.0
ORD4878,clean,4836.36,4739.63,4739.63,0.0
ORD4879,duplicate_entry,32319.6,31673.21,31673.21,0.0
ORD4880,clean,2097.94,2055.98,2055.98,0.0
ORD4881,timing_lag,42036.79,41196.05,41196.05,0.0
ORD4882,clean,15637.11,15324.37,15324.37,0.0
ORD4883,duplicate_entry,12245.23,12000.33,12000.33,0.0
ORD4884,missing_settlement,10408.0,,,0.0
ORD4885,missing_settlement,30925.04,,,0.0
ORD4886,clean,18787.46,18411.71,18411.71,0.0
ORD4887,duplicate_credit,15560.9,15249.68,15249.68,0.0
ORD4888,fee_variance,5440.79,5304.77,5304.77,0.0
ORD4889,duplicate_credit,24033.56,23552.89,23552.89,0.0
ORD4890,timing_lag,12397.6,12149.65,12149.65,0.0
ORD4891,tds_deduction,4928.36,4828.8,4828.8,0.0
ORD4892,fee_variance,43726.93,42415.12,42415.12,0.0
ORD4893,duplicate_entry,5324.47,5217.98,5217.98,0.0
ORD4894,clean,5575.8,5464.28,5464.28,0.0
ORD4895,clean,8691.25,8517.42,8517.42,0.0
ORD4896,fee_variance,33508.53,32670.82,32670.82,0.0
ORD4897,clean,23701.1,23227.08,23227.08,0.0
ORD4898,clean,32380.81,31733.19,31733.19,0.0
ORD4899,clean,2196.65,2152.72,2152.72,0.0
ORD4900,rounding,1729.12,1694.54,1694.94,0.0
ORD4901,clean,43398.96,42530.98,42530.98,0.0
ORD4902,duplicate_credit,8347.68,8180.73,8180.73,0.0
ORD4903,duplicate_entry,25866.32,25348.99,25348.99,0.0
ORD4904,clean,33817.19,33140.85,33140.85,0.0
ORD4905,clean,24754.43,24259.34,24259.34,0.0
ORD4906,tds_deduction,13374.85,13104.67,13104.67,0.0
ORD4907,clean,43664.01,42790.73,42790.73,0.0
ORD4908,clean,36109.87,35387.67,35387.67,0.0
ORD4909,clean,15038.44,14737.67,14737.67,0.0
ORD4910,refund_partial,20048.13,19647.17,13203.49,6443.68
ORD4911,fee_variance,22624.53,22285.16,22285.16,0.0
ORD4912,clean,10274.62,10069.13,10069.13,0.0
ORD4913,clean,43647.46,42774.51,42774.51,0.0
ORD4914,rounding,22828.45,22371.88,22371.58,0.0
ORD4915,duplicate_credit,38715.37,37941.06,37941.06,0.0
ORD4916,duplicate_credit,32456.55,31807.42,31807.42,0.0
ORD4917,clean,42729.16,41874.58,41874.58,0.0
ORD4918,clean,1169.07,1145.69,1145.69,0.0
ORD4919,clean,6807.53,6671.38,6671.38,0.0
ORD4920,duplicate_entry,18947.09,18568.15,18568.15,0.0
ORD4921,clean,930.41,911.8,911.8,0.0
ORD4922,fee_variance,44129.92,43026.67,43026.67,0.0
ORD4923,refund_partial,36830.61,36094.0,18625.98,17468.02
ORD4924,duplicate_entry,28506.75,27936.62,27936.62,0.0
ORD4925,clean,21202.31,20778.26,20778.26,0.0
ORD4926,clean,19499.75,19109.75,19109.75,0.0
ORD4927,clean,26515.16,25984.86,25984.86,0.0
ORD4928,rounding,1210.4,1186.19,1185.89,0.0
ORD4929,fee_variance,848.0,837.82,837.82,0.0
ORD4930,timing_lag,17308.23,16962.07,16962.07,0.0
ORD4931,clean,42250.74,41405.73,41405.73,0.0
ORD4932,clean,30463.84,29854.56,29854.56,0.0
ORD4933,fee_variance,44449.77,43338.53,43338.53,0.0
ORD4934,tds_deduction,32992.38,32325.93,32325.93,0.0
ORD4935,missing_settlement,2251.02,,,0.0
ORD4936,rounding,7592.16,7440.32,7440.02,0.0
ORD4937,duplicate_entry,26270.15,25744.75,25744.75,0.0
ORD4938,missing_settlement,24541.77,,,0.0
ORD4939,duplicate_credit,9732.97,9538.31,9538.31,0.0
ORD4940,rounding,23672.04,23198.6,23198.3,0.0
ORD4941,clean,25939.79,25420.99,25420.99,0.0
ORD4942,tds_deduction,42374.62,41518.66,41518.66,0.0
ORD4943,duplicate_credit,27740.29,27185.48,27185.48,0.0
ORD4944,clean,32920.79,32262.37,32262.37,0.0
ORD4945,duplicate_credit,41652.22,40819.18,40819.18,0.0
ORD4946,clean,24929.26,24430.67,24430.67,0.0
ORD4947,refund_partial,6964.36,6825.07,3597.37,3227.7
ORD4948,clean,8205.87,8041.75,8041.75,0.0
ORD4949,rounding,3699.75,3625.75,3625.25,0.0
ORD4950,clean,35387.87,34680.11,34680.11,0.0
ORD4951,clean,15439.13,15130.35,15130.35,0.0
ORD4952,clean,43000.99,42140.97,42140.97,0.0
ORD4953,clean,36359.67,35632.48,35632.48,0.0
ORD4954,clean,17116.56,16774.23,16774.23,0.0
ORD4955,clean,30426.81,29818.27,29818.27,0.0
ORD4956,refund_partial,25658.04,25144.88,12291.84,12853.04
ORD4957,tds_deduction,37592.35,36832.98,36832.98,0.0
ORD4958,missing_settlement,34599.12,,,0.0
ORD4959,duplicate_entry,6577.51,6445.96,6445.96,0.0
ORD4960,duplicate_credit,23166.02,22702.7,22702.7,0.0
ORD4961,refund_partial,2901.21,2843.19,1497.26,1345.93
ORD4962,rounding,39036.16,38255.44,38256.04,0.0
ORD4963,clean,27295.79,26749.87,26749.87,0.0
ORD4964,clean,39780.95,38985.33,38985.33,0.0
ORD4965,clean,20251.38,19846.35,19846.35,0.0
ORD4966,clean,17544.91,17194.01,17194.01,0.0
ORD4967,clean,19800.31,19404.3,19404.3,0.0
ORD4968,missing_settlement,32596.87,,,0.0
ORD4969,missing_settlement,7767.4,,,0.0
ORD4970,clean,10776.99,10561.45,10561.45,0.0
ORD4971,duplicate_entry,41857.07,41019.93,41019.93,0.0
ORD4972,duplicate_entry,4482.52,4392.87,4392.87,0.0
ORD4973,missing_settlement,8491.81,,,0.0
ORD4974,duplicate_entry,24607.12,24114.98,24114.98,0.0
ORD4975,timing_lag,33850.2,33173.2,33173.2,0.0
ORD4976,clean,13005.77,12745.65,12745.65,0.0
ORD4977,duplicate_credit,15724.86,15410.36,15410.36,0.0
ORD4978,clean,29709.6,29115.41,29115.41,0.0
ORD4979,tds_deduction,10735.58,10518.72,10518.72,0.0
ORD4980,clean,5920.6,5802.19,5802.19,0.0
ORD4981,timing_lag,13661.09,13387.87,13387.87,0.0
ORD4982,refund_partial,19787.79,19392.03,11766.48,7625.55
ORD4983,clean,9032.86,8852.2,8852.2,0.0
ORD4984,timing_lag,18639.5,18266.71,18266.71,0.0
ORD4985,tds_deduction,17398.24,17046.8,17046.8,0.0
ORD4986,timing_lag,35152.63,34449.58,34449.58,0.0
ORD4987,missing_settlement,31542.42,,,0.0
ORD4988,clean,24897.12,24399.18,24399.18,0.0
ORD4989,missing_settlement,4916.93,,,0.0
ORD4990,rounding,3693.29,3619.42,3620.02,0.0
ORD4991,refund_partial,20715.71,20301.4,15741.13,4560.27
ORD4992,clean,18685.1,18311.4,18311.4,0.0
ORD4993,clean,13083.55,12821.88,12821.88,0.0
ORD4994,clean,34758.46,34063.29,34063.29,0.0
ORD4995,missing_settlement,21849.35,,,0.0
ORD4996,clean,35060.65,34359.44,34359.44,0.0
ORD4997,clean,2398.76,2350.78,2350.78,0.0
ORD4998,rounding,37330.35,36583.74,36583.24,0.0
ORD4999,refund_partial,22731.78,22277.14,13783.26,8493.88
