order_id,settlement_date,gross_amount,fee,tds,net_amount
ORD1000,2026-07-08,27671.78,553.44,0.0,27118.34
ORD1001,2026-07-27,17895.79,357.92,0.0,17537.87
ORD1002,2026-07-03,4583.45,91.67,0.92,4490.86
ORD1003,2026-07-21,43411.91,868.24,0.0,42543.67
ORD1004,2026-07-22,3522.97,70.46,0.0,3452.51
ORD1005,2026-07-04,32967.12,659.34,0.0,32307.78
ORD1006,2026-07-04,16586.79,331.74,0.0,16255.05
ORD1007,2026-07-26,22469.34,449.39,0.0,22019.95
ORD1008,2026-07-08,40545.38,810.91,0.0,39734.47
ORD1009,2026-07-15,18697.97,373.96,0.0,18324.01
ORD1010,2026-07-26,39573.9,791.48,0.0,38782.42
ORD1011,2026-07-13,37536.74,750.73,0.0,36786.01
ORD1012,2026-07-28,35410.17,708.2,0.0,34701.97
ORD1013,2026-07-28,16108.51,322.17,0.0,15786.34
ORD1014,2026-07-21,936.34,18.73,0.0,917.61
ORD1015,2026-07-05,7532.58,150.65,0.0,7381.93
ORD1016,2026-07-07,2531.7,50.63,0.51,2480.56
ORD1017,2026-07-29,44230.22,884.6,0.0,43345.62
ORD1018,2026-07-20,26473.08,661.83,0.0,25811.25
ORD1019,2026-07-03,12440.54,248.81,0.0,12191.73
ORD1020,2026-07-13,24627.07,492.54,0.0,24134.53
ORD1021,2026-07-25,11698.25,233.97,0.0,11464.28
ORD1022,2026-07-18,30011.67,600.23,0.0,29411.44
ORD1023,2026-07-11,34355.48,687.11,0.0,33668.37
ORD1024,2026-07-23,9129.85,182.6,0.0,8947.25
ORD1025,2026-07-30,16758.05,335.16,0.0,16422.89
ORD1026,2026-07-30,835.5,16.71,0.0,818.79
ORD1027,2026-07-28,16935.96,338.72,0.0,16597.24
ORD1028,2026-07-17,20006.33,400.13,0.0,19606.2
ORD1029,2026-07-16,25210.78,756.32,0.0,24454.46
ORD1030,2026-07-05,22080.82,441.62,4.42,21634.78
ORD1031,2026-07-15,20091.83,401.84,0.0,19689.99
ORD1032,2026-07-05,12341.01,185.12,0.0,12155.89
ORD1033,2026-07-12,25188.06,503.76,0.0,24684.3
ORD1034,2026-07-17,33617.87,672.36,0.0,32945.51
ORD1035,2026-07-03,42494.37,849.89,0.0,41644.48
ORD1036,2026-07-10,23708.69,474.17,4.74,23229.78
ORD1037,2026-07-09,5016.74,100.33,0.0,4916.41
ORD1038,2026-07-16,41622.18,832.44,0.0,40789.74
ORD1039,2026-07-04,36399.68,546.0,0.0,35853.68
ORD1040,2026-07-10,30000.58,600.01,0.0,29400.57
ORD1041,2026-07-06,31804.58,636.09,0.0,31168.49
ORD1042,2026-07-10,8508.79,170.18,0.0,8338.61
ORD1043,2026-07-22,21428.51,428.57,0.0,20999.94
ORD1044,2026-07-23,27419.32,548.39,0.0,26870.93
ORD1045,2026-07-14,36261.77,906.54,0.0,35355.23
ORD1046,2026-07-23,40671.01,813.42,0.0,39857.59
ORD1047,2026-07-22,20902.54,418.05,0.0,20484.49
ORD1048,2026-07-09,38329.04,766.58,0.0,37562.46
ORD1049,2026-07-28,9023.12,180.46,0.0,8842.66
ORD1050,2026-07-04,18388.64,367.77,0.0,18020.87
ORD1051,2026-07-18,10872.99,217.46,0.0,10655.53
ORD1052,2026-07-18,38470.43,769.41,0.0,37701.02
ORD1053,2026-07-22,40817.35,816.35,0.0,40001.0
ORD1054,2026-07-12,44981.39,899.63,0.0,44081.76
ORD1055,2026-07-09,43884.68,877.69,0.0,43006.99
ORD1056,2026-07-08,15770.82,315.42,0.0,15455.4
ORD1057,2026-07-26,7712.43,154.25,1.54,7556.64
ORD1058,2026-07-22,36621.85,732.44,0.0,35889.41
ORD1059,2026-07-19,24879.89,622.0,0.0,24257.89
ORD1060,2026-07-10,25513.59,510.27,0.0,25003.32
ORD1061,2026-07-06,41011.39,820.23,0.0,40191.16
ORD1062,2026-07-20,14794.22,295.88,0.0,14498.34
ORD1063,2026-07-16,7953.82,198.85,0.0,7754.97
ORD1064,2026-07-21,29945.86,898.38,0.0,29047.48
ORD1065,2026-07-05,2795.79,55.92,0.0,2739.87
ORD1066,2026-07-11,3638.79,72.78,0.0,3566.01
ORD1067,2026-07-16,3763.73,75.27,0.0,3688.46
ORD1068,2026-07-23,31903.13,638.06,0.0,31265.07
ORD1069,2026-07-17,29786.45,595.73,5.96,29184.76
ORD1070,2026-07-16,3882.96,77.66,0.0,3805.3
ORD1071,2026-07-07,38745.35,774.91,0.0,37970.44
ORD1072,2026-07-13,43055.44,861.11,8.61,42185.72
ORD1073,2026-07-24,33486.97,669.74,0.0,32817.23
ORD1074,2026-07-28,41445.38,828.91,0.0,40616.47
ORD1075,2026-07-13,30668.25,613.37,0.0,30054.88
ORD1076,2026-07-13,35463.24,709.26,0.0,34753.98
ORD1077,2026-07-05,43126.78,862.54,8.63,42255.61
ORD1078,2026-07-15,43290.8,865.82,0.0,42424.98
ORD1079,2026-07-26,32015.73,640.31,0.0,31375.42
ORD1080,2026-07-26,16738.37,334.77,0.0,16403.6
ORD1081,2026-07-10,5532.82,110.66,0.0,5422.16
ORD1082,2026-07-15,27911.22,558.22,0.0,27353.0
ORD1083,2026-07-21,20708.41,414.17,0.0,20294.24
ORD1084,2026-07-14,31847.38,636.95,0.0,31210.43
ORD1085,2026-07-07,36605.9,732.12,0.0,35873.78
ORD1086,2026-07-14,16951.94,339.04,0.0,16612.9
ORD1087,2026-07-23,11561.44,231.23,0.0,11330.21
ORD1088,2026-07-26,38337.56,766.75,0.0,37570.81
ORD1089,2026-07-28,3380.53,67.61,0.0,3312.92
ORD1090,2026-07-09,40420.26,1010.51,0.0,39409.75
ORD1092,2026-07-04,31466.94,629.34,0.0,30837.6
ORD1093,2026-07-09,8266.83,165.34,0.0,8101.49
ORD1094,2026-07-02,5583.13,111.66,0.0,5471.47
ORD1095,2026-07-07,21409.24,428.18,0.0,20981.06
ORD1096,2026-07-13,13483.74,269.67,0.0,13214.07
ORD1098,2026-07-07,12317.29,246.35,0.0,12070.94
ORD1099,2026-07-11,6363.54,127.27,0.0,6236.27
ORD1100,2026-07-18,22384.72,447.69,0.0,21937.03
ORD1101,2026-07-27,7349.5,146.99,0.0,7202.51
ORD1102,2026-07-12,32406.97,648.14,0.0,31758.83
ORD1103,2026-07-27,3710.91,74.22,0.0,3636.69
ORD1104,2026-07-21,7275.12,109.13,0.0,7165.99
ORD1105,2026-07-22,4652.85,93.06,0.0,4559.79
ORD1106,2026-07-06,1085.1,21.7,0.0,1063.4
ORD1107,2026-07-29,28711.25,574.23,0.0,28137.02
ORD1108,2026-07-19,19344.69,386.89,0.0,18957.8
ORD1109,2026-07-25,3040.13,45.6,0.0,2994.53
ORD1110,2026-07-18,13440.86,268.82,0.0,13172.04
ORD1111,2026-07-08,44388.04,887.76,0.0,43500.28
ORD1112,2026-07-04,10570.86,211.42,0.0,10359.44
ORD1113,2026-07-12,23769.46,475.39,4.75,23289.32
ORD1114,2026-07-27,27609.94,552.2,5.52,27052.22
ORD1115,2026-07-03,14963.85,299.28,0.0,14664.57
ORD1117,2026-07-03,9298.0,185.96,0.0,9112.04
ORD1118,2026-07-24,32376.34,647.53,0.0,31728.81
ORD1119,2026-07-27,3834.79,76.7,0.0,3758.09
ORD1120,2026-07-15,22016.98,440.34,0.0,21576.64
ORD1121,2026-07-17,14661.7,293.23,0.0,14368.47
ORD1122,2026-07-27,31879.87,637.6,0.0,31242.27
ORD1123,2026-07-26,41776.83,835.54,8.36,40932.93
ORD1124,2026-07-06,34727.1,694.54,0.0,34032.56
ORD1125,2026-07-06,2163.29,43.27,0.0,2120.02
ORD1126,2026-07-17,30940.65,618.81,0.0,30321.84
ORD1127,2026-07-24,3550.03,71.0,0.0,3479.03
ORD1128,2026-07-18,4313.68,86.27,0.0,4227.41
ORD1129,2026-07-24,43376.77,867.54,0.0,42509.23
ORD1130,2026-07-11,40986.78,819.74,0.0,40167.04
ORD1131,2026-07-25,3643.45,72.87,0.0,3570.58
ORD1132,2026-07-08,11164.63,223.29,0.0,10941.34
ORD1133,2026-07-24,15542.44,310.85,0.0,15231.59
ORD1134,2026-07-16,43742.86,874.86,0.0,42868.0
ORD1135,2026-07-11,42461.49,849.23,0.0,41612.26
ORD1136,2026-07-10,43059.69,1291.79,0.0,41767.9
ORD1137,2026-07-24,9483.03,189.66,0.0,9293.37
ORD1138,2026-07-18,5261.51,105.23,0.0,5156.28
ORD1139,2026-07-28,11532.58,230.65,0.0,11301.93
ORD1140,2026-07-29,44580.31,891.61,0.0,43688.7
ORD1141,2026-07-12,8190.07,163.8,0.0,8026.27
ORD1142,2026-07-23,19119.64,382.39,0.0,18737.25
ORD1143,2026-07-20,15799.39,315.99,0.0,15483.4
ORD1144,2026-07-13,10642.55,212.85,0.0,10429.7
ORD1145,2026-07-12,17171.89,343.44,0.0,16828.45
ORD1146,2026-07-11,5405.77,108.12,0.0,5297.65
ORD1147,2026-07-23,18770.46,375.41,0.0,18395.05
ORD1148,2026-07-26,8128.36,162.57,0.0,7965.79
ORD1149,2026-07-11,22952.43,459.05,0.0,22493.38
ORD1150,2026-07-15,37866.76,757.34,0.0,37109.42
ORD1151,2026-07-20,32239.75,644.79,0.0,31594.96
ORD1152,2026-07-29,8183.3,163.67,0.0,8019.63
ORD1153,2026-07-29,42252.16,845.04,0.0,41407.12
ORD1154,2026-07-29,24875.74,497.51,0.0,24378.23
ORD1155,2026-07-28,21049.73,420.99,0.0,20628.74
ORD1156,2026-07-13,11595.84,231.92,0.0,11363.92
ORD1157,2026-07-02,40685.31,813.71,0.0,39871.6
ORD1158,2026-07-14,3644.09,72.88,0.0,3571.21
ORD1159,2026-07-09,38765.83,775.32,0.0,37990.51
ORD1160,2026-07-15,14289.74,285.79,0.0,14003.95
ORD1161,2026-07-14,33151.25,663.02,0.0,32488.23
ORD1162,2026-07-21,26643.19,532.86,0.0,26110.33
ORD1163,2026-07-17,20353.06,407.06,0.0,19946.0
ORD1164,2026-07-09,9774.73,195.49,0.0,9579.24
ORD1165,2026-07-23,31467.76,629.36,0.0,30838.4
ORD1166,2026-07-16,26793.76,535.88,0.0,26257.88
ORD1167,2026-07-16,44943.32,898.87,0.0,44044.45
ORD1168,2026-07-28,23426.26,468.53,0.0,22957.73
ORD1169,2026-07-09,35828.85,716.58,0.0,35112.27
ORD1170,2026-07-13,39798.39,795.97,0.0,39002.42
ORD1171,2026-07-15,28844.07,576.88,0.0,28267.19
ORD1172,2026-07-11,44627.38,892.55,0.0,43734.83
ORD1173,2026-07-17,24835.63,496.71,0.0,24338.92
ORD1174,2026-07-23,39271.58,785.43,0.0,38486.15
ORD1175,2026-07-08,1280.87,25.62,0.0,1255.25
ORD1176,2026-07-03,9729.03,194.58,0.0,9534.45
ORD1177,2026-07-18,21076.94,421.54,0.0,20655.4
ORD1178,2026-07-07,28582.67,571.65,0.0,28011.02
ORD1179,2026-07-07,27293.99,545.88,0.0,26748.11
ORD1180,2026-07-10,19202.05,384.04,0.0,18818.01
ORD1181,2026-07-04,4609.9,92.2,0.0,4517.7
ORD1182,2026-07-25,7861.6,157.23,0.0,7704.37
ORD1183,2026-07-09,23492.25,469.85,0.0,23022.4
ORD1184,2026-07-30,9488.87,189.78,0.0,9299.09
ORD1185,2026-07-24,10104.77,202.1,0.0,9902.67
ORD1187,2026-07-29,3598.76,71.98,0.0,3526.78
ORD1188,2026-07-08,28922.56,578.45,0.0,28344.11
ORD1189,2026-07-25,11407.73,228.15,0.0,11179.58
ORD1190,2026-07-08,39182.86,783.66,0.0,38399.2
ORD1191,2026-07-12,14296.71,285.93,0.0,14010.78
ORD1192,2026-07-04,6843.42,136.87,0.0,6706.55
ORD1193,2026-07-19,13677.95,273.56,0.0,13404.39
ORD1194,2026-07-29,20072.25,401.44,4.01,19666.8
ORD1196,2026-07-20,23150.03,463.0,0.0,22687.03
ORD1197,2026-07-09,3761.35,75.23,0.0,3686.12
ORD1198,2026-07-06,16257.09,325.14,3.25,15928.7
ORD1199,2026-07-13,31870.8,637.42,0.0,31233.38
ORD1200,2026-07-16,38963.17,779.26,0.0,38183.91
ORD1201,2026-07-04,38302.7,766.05,7.66,37528.99
ORD1203,2026-07-21,13770.91,275.42,0.0,13495.49
ORD1204,2026-07-23,16780.25,335.61,0.0,16444.64
ORD1205,2026-07-13,36147.02,722.94,0.0,35424.08
ORD1206,2026-07-12,5636.08,112.72,0.0,5523.36
ORD1207,2026-07-28,21843.12,436.86,0.0,21406.26
ORD1208,2026-07-14,23705.34,474.11,0.0,23231.23
ORD1209,2026-07-20,24172.65,483.45,0.0,23689.2
ORD1210,2026-07-06,15301.64,306.03,0.0,14995.61
ORD1211,2026-07-27,17752.98,355.06,0.0,17397.92
ORD1212,2026-07-11,40161.45,803.23,0.0,39358.22
ORD1213,2026-07-07,42298.42,845.97,0.0,41452.45
ORD1214,2026-07-08,3146.73,62.93,0.0,3083.8
ORD1215,2026-07-10,10257.69,205.15,0.0,10052.54
ORD1216,2026-07-05,33137.16,662.74,0.0,32474.42
ORD1217,2026-07-19,25012.25,500.25,0.0,24512.0
ORD1219,2026-07-29,33000.63,660.01,0.0,32340.62
ORD1220,2026-07-22,39345.27,786.91,0.0,38558.36
ORD1221,2026-07-11,2195.29,43.91,0.0,2151.38
ORD1222,2026-07-05,2236.04,44.72,0.0,2191.32
ORD1223,2026-07-08,5266.52,105.33,1.05,5160.14
ORD1224,2026-07-24,42382.99,847.66,0.0,41535.33
ORD1225,2026-07-06,44065.89,1321.98,0.0,42743.91
ORD1226,2026-07-16,11772.43,235.45,0.0,11536.98
ORD1227,2026-07-02,44772.75,895.46,0.0,43877.29
ORD1228,2026-07-07,40230.45,804.61,0.0,39425.84
ORD1229,2026-07-22,30791.44,615.83,6.16,30169.45
ORD1230,2026-07-20,35695.72,713.91,0.0,34981.81
ORD1232,2026-07-18,42479.36,849.59,0.0,41629.77
ORD1233,2026-07-17,8289.54,165.79,0.0,8123.75
ORD1234,2026-07-24,29253.08,585.06,0.0,28668.02
ORD1235,2026-07-29,36014.7,720.29,0.0,35294.41
ORD1236,2026-07-21,17433.32,348.67,0.0,17084.65
ORD1237,2026-07-18,43019.81,860.4,0.0,42159.41
ORD1238,2026-07-14,8993.4,179.87,0.0,8813.53
ORD1239,2026-07-21,31116.42,777.91,0.0,30338.51
ORD1240,2026-07-08,26025.67,520.51,0.0,25505.16
ORD1241,2026-07-11,38701.38,774.03,0.0,37927.35
ORD1242,2026-07-29,34184.21,683.68,0.0,33500.53
ORD1244,2026-07-20,23088.23,461.76,0.0,22626.47
ORD1245,2026-07-21,35080.1,701.6,0.0,34378.5
ORD1246,2026-07-11,39504.81,987.62,0.0,38517.19
ORD1248,2026-07-03,22476.6,449.53,0.0,22027.07
ORD1250,2026-07-09,41437.48,828.75,0.0,40608.73
ORD1251,2026-07-17,29116.67,582.33,0.0,28534.34
ORD1252,2026-07-06,2561.7,51.23,0.0,2510.47
ORD1253,2026-07-21,44478.69,889.57,0.0,43589.12
ORD1254,2026-07-13,28840.26,576.81,0.0,28263.45
ORD1255,2026-07-11,36764.38,735.29,0.0,36029.09
ORD1256,2026-07-17,1637.74,32.75,0.0,1604.99
ORD1257,2026-07-08,21172.8,423.46,0.0,20749.34
ORD1258,2026-07-25,13449.51,268.99,0.0,13180.52
ORD1259,2026-07-22,36753.88,735.08,0.0,36018.8
ORD1260,2026-07-13,7808.87,156.18,0.0,7652.69
ORD1261,2026-07-10,12050.64,180.76,0.0,11869.88
ORD1262,2026-07-22,13936.3,278.73,0.0,13657.57
ORD1263,2026-07-19,28296.37,565.93,0.0,27730.44
ORD1264,2026-07-15,41161.76,1234.85,0.0,39926.91
ORD1265,2026-07-09,29539.92,590.8,0.0,28949.12
ORD1266,2026-07-11,7642.15,152.84,0.0,7489.31
ORD1267,2026-07-15,40080.02,1202.4,0.0,38877.62
ORD1268,2026-07-17,42028.5,840.57,0.0,41187.93
ORD1269,2026-07-19,22638.05,452.76,0.0,22185.29
ORD1270,2026-07-13,39930.47,798.61,0.0,39131.86
ORD1271,2026-07-06,44183.62,883.67,0.0,43299.95
ORD1272,2026-07-12,17634.14,440.85,0.0,17193.29
ORD1273,2026-07-27,1775.54,35.51,0.0,1740.03
ORD1275,2026-07-21,35119.82,702.4,0.0,34417.42
ORD1276,2026-07-23,9301.61,139.52,0.0,9162.09
ORD1277,2026-07-21,8973.72,179.47,0.0,8794.25
ORD1278,2026-07-15,937.93,18.76,0.0,919.17
ORD1279,2026-07-27,37739.2,754.78,0.0,36984.42
ORD1280,2026-07-09,30680.49,613.61,0.0,30066.88
ORD1281,2026-07-04,43883.93,877.68,0.0,43006.25
ORD1282,2026-07-21,31344.46,626.89,0.0,30717.57
ORD1283,2026-07-24,26732.98,534.66,0.0,26198.32
ORD1284,2026-07-07,40824.14,816.48,0.0,40007.66
ORD1285,2026-07-06,12401.62,248.03,0.0,12153.59
ORD1286,2026-07-23,43505.04,870.1,0.0,42634.94
ORD1287,2026-07-28,31546.8,630.94,0.0,30915.86
ORD1288,2026-07-28,33708.09,1011.24,0.0,32696.85
ORD1289,2026-07-13,39251.34,785.03,0.0,38466.31
ORD1290,2026-07-15,28236.38,564.73,0.0,27671.65
ORD1291,2026-07-14,32809.98,656.2,0.0,32153.78
ORD1292,2026-07-13,11850.58,237.01,0.0,11613.57
ORD1293,2026-07-07,7249.24,144.98,0.0,7104.26
ORD1294,2026-07-08,14263.17,285.26,0.0,13977.91
ORD1295,2026-07-15,21118.12,422.36,0.0,20695.76
ORD1296,2026-07-09,19308.5,386.17,0.0,18922.33
ORD1297,2026-07-09,40343.26,806.87,8.07,39528.32
ORD1298,2026-07-27,4619.95,92.4,0.0,4527.55
ORD1300,2026-07-24,44669.36,893.39,0.0,43775.97
ORD1301,2026-07-18,11128.35,222.57,0.0,10905.78
ORD1302,2026-07-04,12061.1,241.22,2.41,11817.47
ORD1303,2026-07-13,29372.93,587.46,0.0,28785.47
ORD1305,2026-07-24,7384.06,147.68,0.0,7236.38
ORD1306,2026-07-05,31926.07,638.52,0.0,31287.55
ORD1307,2026-07-20,2521.01,50.42,0.0,2470.59
ORD1308,2026-07-27,3098.24,61.96,0.0,3036.28
ORD1309,2026-07-12,2625.86,52.52,0.0,2573.34
ORD1310,2026-07-08,10687.11,213.74,0.0,10473.37
ORD1311,2026-07-16,4569.89,91.4,0.0,4478.49
ORD1312,2026-07-24,10411.26,208.23,0.0,10203.03
ORD1313,2026-07-09,18653.87,373.08,0.0,18280.79
ORD1314,2026-07-14,15406.1,308.12,0.0,15097.98
ORD1315,2026-07-03,18333.68,366.67,0.0,17967.01
ORD1316,2026-07-06,4275.06,85.5,0.0,4189.56
ORD1317,2026-07-11,41437.73,828.75,0.0,40608.98
ORD1318,2026-07-18,30779.93,615.6,0.0,30164.33
ORD1319,2026-07-24,41658.93,833.18,0.0,40825.75
ORD1320,2026-07-04,42058.14,630.87,0.0,41427.27
ORD1321,2026-07-04,22023.59,440.47,0.0,21583.12
ORD1322,2026-07-24,8725.33,174.51,0.0,8550.82
ORD1323,2026-07-05,36178.45,723.57,0.0,35454.88
ORD1324,2026-07-10,26443.51,528.87,5.29,25909.35
ORD1325,2026-07-08,31448.61,628.97,0.0,30819.64
ORD1326,2026-07-07,44028.06,880.56,0.0,43147.5
ORD1327,2026-07-03,6375.05,127.5,0.0,6247.55
ORD1328,2026-07-22,40872.73,817.45,0.0,40055.28
ORD1329,2026-07-05,36445.87,728.92,0.0,35716.95
ORD1330,2026-07-04,39397.66,787.95,0.0,38609.71
ORD1331,2026-07-20,14664.94,293.3,0.0,14371.64
ORD1332,2026-07-12,23583.85,471.68,0.0,23112.17
ORD1333,2026-07-06,17129.67,342.59,0.0,16787.08
ORD1334,2026-07-21,12845.06,256.9,0.0,12588.16
ORD1335,2026-07-18,1495.96,29.92,0.0,1466.04
ORD1336,2026-07-03,24166.34,483.33,0.0,23683.01
ORD1338,2026-07-19,21697.62,433.95,0.0,21263.67
ORD1339,2026-07-19,13422.66,268.45,0.0,13154.21
ORD1340,2026-07-28,11927.5,238.55,0.0,11688.95
ORD1342,2026-07-16,16496.04,247.44,0.0,16248.6
ORD1343,2026-07-28,19731.72,394.63,0.0,19337.09
ORD1344,2026-07-11,24904.37,498.09,0.0,24406.28
ORD1345,2026-07-16,1940.14,38.8,0.0,1901.34
ORD1346,2026-07-28,35884.98,717.7,0.0,35167.28
ORD1347,2026-07-06,32524.37,650.49,0.0,31873.88
ORD1348,2026-07-06,16932.21,338.64,0.0,16593.57
ORD1350,2026-07-30,43123.92,862.48,8.62,42252.82
ORD1351,2026-07-06,14475.07,289.5,0.0,14185.57
ORD1352,2026-07-14,13001.49,260.03,0.0,12741.46
ORD1353,2026-07-04,38399.39,767.99,0.0,37631.4
ORD1354,2026-07-15,9057.43,181.15,0.0,8876.28
ORD1355,2026-07-06,40674.13,813.48,0.0,39860.65
ORD1356,2026-07-22,44482.66,889.65,0.0,43593.01
ORD1357,2026-07-15,8770.3,175.41,0.0,8594.89
ORD1358,2026-07-05,34375.52,412.51,0.0,33963.01
ORD1360,2026-07-21,30508.19,610.16,0.0,29898.03
ORD1361,2026-07-05,9408.46,188.17,0.0,9220.29
ORD1362,2026-07-17,26576.78,531.54,0.0,26045.24
ORD1363,2026-07-21,14977.39,299.55,0.0,14677.84
ORD1364,2026-07-06,11062.88,221.26,0.0,10841.62
ORD1365,2026-07-15,41224.15,824.48,0.0,40399.67
ORD1366,2026-07-05,15270.92,305.42,0.0,14965.5
ORD1367,2026-07-23,38617.87,772.36,0.0,37845.51
ORD1368,2026-07-21,11205.07,224.1,0.0,10980.97
ORD1369,2026-07-11,21387.64,427.75,0.0,20959.89
ORD1370,2026-07-03,2919.85,58.4,0.0,2861.45
ORD1371,2026-07-10,27156.51,543.13,0.0,26613.38
ORD1372,2026-07-19,43052.95,861.06,0.0,42191.89
ORD1373,2026-07-26,33994.48,679.89,0.0,33314.59
ORD1374,2026-07-11,21052.58,421.05,0.0,20631.53
ORD1375,2026-07-04,4660.96,93.22,0.0,4567.74
ORD1376,2026-07-14,713.85,14.28,0.0,699.57
ORD1377,2026-07-12,41400.7,828.01,0.0,40572.69
ORD1378,2026-07-25,8030.58,160.61,0.0,7869.97
ORD1379,2026-07-13,13415.95,201.24,0.0,13214.71
ORD1380,2026-07-15,16420.96,328.42,0.0,16092.54
ORD1381,2026-07-11,34385.26,687.71,0.0,33697.55
ORD1383,2026-07-13,30492.79,609.86,0.0,29882.93
ORD1384,2026-07-07,19074.76,381.5,0.0,18693.26
ORD1385,2026-07-15,663.12,13.26,0.0,649.86
ORD1386,2026-07-13,18562.38,371.25,0.0,18191.13
ORD1387,2026-07-07,37520.06,750.4,0.0,36769.66
ORD1388,2026-07-03,17260.71,345.21,0.0,16915.5
ORD1389,2026-07-24,2376.88,47.54,0.0,2329.34
ORD1390,2026-07-19,8198.13,163.96,0.0,8034.17
ORD1391,2026-07-27,29183.08,583.66,0.0,28599.42
ORD1392,2026-07-29,14472.43,289.45,0.0,14182.98
ORD1393,2026-07-24,22010.38,440.21,0.0,21570.17
ORD1394,2026-07-10,14236.02,284.72,0.0,13951.3
ORD1395,2026-07-26,37441.7,748.83,7.49,36685.38
ORD1396,2026-07-17,20457.13,409.14,0.0,20047.99
ORD1397,2026-07-22,42128.56,842.57,0.0,41285.99
ORD1398,2026-07-20,42059.02,841.18,0.0,41217.84
ORD1399,2026-07-10,36384.95,727.7,0.0,35657.25
ORD1400,2026-07-28,42754.18,855.08,0.0,41899.1
ORD1401,2026-07-21,40116.83,802.34,0.0,39314.49
ORD1402,2026-07-19,11120.18,222.4,0.0,10897.78
ORD1403,2026-07-12,40486.02,809.72,0.0,39676.3
ORD1404,2026-07-06,15477.5,309.55,0.0,15167.95
ORD1405,2026-07-02,28274.69,565.49,0.0,27709.2
ORD1406,2026-07-08,31704.91,634.1,0.0,31070.81
ORD1407,2026-07-26,40789.52,815.79,8.16,39965.57
ORD1408,2026-07-21,35913.3,718.27,0.0,35195.03
ORD1409,2026-07-27,3121.59,62.43,0.0,3059.16
ORD1410,2026-07-11,4571.18,91.42,0.0,4479.76
ORD1411,2026-07-15,31619.62,632.39,0.0,30987.23
ORD1412,2026-07-27,36383.44,727.67,0.0,35655.77
ORD1413,2026-07-10,12548.44,250.97,0.0,12297.47
ORD1414,2026-07-06,31428.91,628.58,0.0,30800.33
ORD1415,2026-07-10,4726.34,94.53,0.0,4631.81
ORD1416,2026-07-14,22806.56,456.13,0.0,22350.43
ORD1417,2026-07-07,15960.83,239.41,0.0,15721.42
ORD1418,2026-07-15,41375.18,827.5,0.0,40547.68
ORD1419,2026-07-28,42650.93,853.02,0.0,41797.91
ORD1420,2026-07-05,12234.02,244.68,0.0,11989.34
ORD1421,2026-07-18,13044.56,260.89,0.0,12783.67
ORD1422,2026-07-16,36433.0,728.66,0.0,35704.34
ORD1423,2026-07-27,37466.74,749.33,0.0,36717.41
ORD1424,2026-07-12,30414.15,608.28,0.0,29805.87
ORD1425,2026-07-15,37632.35,752.65,0.0,36879.7
ORD1426,2026-07-06,18831.52,376.63,0.0,18454.89
ORD1427,2026-07-13,10342.94,206.86,0.0,10136.08
ORD1428,2026-07-06,4939.28,98.79,0.0,4840.49
ORD1429,2026-07-18,26594.2,531.88,0.0,26062.32
ORD1430,2026-07-22,22914.89,458.3,0.0,22456.59
ORD1431,2026-07-29,9366.13,187.32,0.0,9178.81
ORD1432,2026-07-19,19872.8,397.46,0.0,19475.34
ORD1433,2026-07-21,8151.99,163.04,0.0,7988.95
ORD1434,2026-07-05,21857.33,437.15,0.0,21420.18
ORD1435,2026-07-24,14161.9,283.24,0.0,13878.66
ORD1436,2026-07-03,37831.89,567.48,0.0,37264.41
ORD1437,2026-07-08,4240.86,84.82,0.0,4156.04
ORD1438,2026-07-18,8616.36,172.33,0.0,8444.03
ORD1439,2026-07-09,17033.8,340.68,3.41,16689.71
ORD1440,2026-07-26,10444.08,208.88,0.0,10235.2
ORD1442,2026-07-10,9801.06,196.02,0.0,9605.04
ORD1443,2026-07-27,17775.6,355.51,0.0,17420.09
ORD1444,2026-07-10,14404.9,288.1,0.0,14116.8
ORD1445,2026-07-21,34702.41,694.05,0.0,34008.36
ORD1446,2026-07-07,37344.14,746.88,0.0,36597.26
ORD1447,2026-07-19,10099.01,201.98,2.02,9895.01
ORD1448,2026-07-04,30982.23,619.64,0.0,30362.59
ORD1449,2026-07-02,12020.08,240.4,0.0,11779.68
ORD1451,2026-07-15,32215.25,644.31,6.44,31564.5
ORD1452,2026-07-23,17992.23,359.84,0.0,17632.39
ORD1453,2026-07-14,20152.27,403.05,0.0,19749.22
ORD1454,2026-07-12,3520.97,70.42,0.0,3450.55
ORD1455,2026-07-12,2416.14,48.32,0.0,2367.82
ORD1456,2026-07-06,4580.62,91.61,0.0,4489.01
ORD1457,2026-07-26,32719.99,654.4,0.0,32065.59
ORD1458,2026-07-22,18075.48,361.51,0.0,17713.97
ORD1459,2026-07-06,5741.73,114.83,0.0,5626.9
ORD1460,2026-07-17,43542.28,1306.27,0.0,42236.01
ORD1462,2026-07-18,29258.27,585.17,5.85,28667.25
ORD1463,2026-07-18,34111.45,682.23,0.0,33429.22
ORD1464,2026-07-22,20478.76,409.58,0.0,20069.18
ORD1465,2026-07-17,17844.25,356.88,0.0,17487.37
ORD1466,2026-07-07,27346.57,546.93,0.0,26799.64
ORD1467,2026-07-06,42262.99,845.26,0.0,41417.73
ORD1468,2026-07-19,1241.37,24.83,0.0,1216.54
ORD1469,2026-07-22,20273.28,405.47,0.0,19867.81
ORD1470,2026-07-24,34446.45,1033.39,0.0,33413.06
ORD1471,2026-07-12,23022.55,460.45,4.6,22557.5
ORD1472,2026-07-13,6135.62,122.71,1.23,6011.68
ORD1473,2026-07-02,1705.73,34.11,0.34,1671.28
ORD1474,2026-07-22,4126.39,82.53,0.0,4043.86
ORD1475,2026-07-07,13388.01,267.76,0.0,13120.25
ORD1476,2026-07-10,26575.84,531.52,0.0,26044.32
ORD1477,2026-07-21,33527.62,670.55,0.0,32857.07
ORD1478,2026-07-21,3098.85,61.98,0.0,3036.87
ORD1479,2026-07-05,25960.36,519.21,0.0,25441.15
ORD1480,2026-07-11,8805.79,176.12,1.76,8627.91
ORD1481,2026-07-12,20808.7,416.17,0.0,20392.53
ORD1482,2026-07-19,12729.25,254.59,0.0,12474.66
ORD1483,2026-07-27,23478.15,469.56,0.0,23008.59
ORD1484,2026-07-14,5614.61,112.29,0.0,5502.32
ORD1485,2026-07-26,14208.95,284.18,0.0,13924.77
ORD1486,2026-07-19,12684.53,253.69,0.0,12430.84
ORD1487,2026-07-10,42602.91,852.06,0.0,41750.85
ORD1488,2026-07-19,29321.6,586.43,0.0,28735.17
ORD1489,2026-07-30,31806.6,636.13,0.0,31170.47
ORD1490,2026-07-08,18264.53,365.29,0.0,17899.24
ORD1491,2026-07-24,36147.56,722.95,0.0,35424.61
ORD1492,2026-07-22,29400.67,588.01,0.0,28812.66
ORD1493,2026-07-14,17901.17,358.02,3.58,17539.57
ORD1494,2026-07-14,30162.07,603.24,0.0,29558.83
ORD1495,2026-07-24,25844.28,516.89,5.17,25322.22
ORD1496,2026-07-09,17878.27,357.57,3.58,17517.12
ORD1497,2026-07-19,21218.39,424.37,0.0,20794.02
ORD1498,2026-07-24,33551.19,671.02,0.0,32880.17
ORD1499,2026-07-28,12411.09,248.22,0.0,12162.87
ORD1500,2026-07-12,14405.55,288.11,0.0,14117.44
ORD1501,2026-07-07,4442.17,88.84,0.0,4353.33
ORD1502,2026-07-17,15477.11,232.16,0.0,15244.95
ORD1503,2026-07-25,25014.93,500.3,0.0,24514.63
ORD1504,2026-07-12,4155.22,83.1,0.0,4072.12
ORD1505,2026-07-03,42737.7,854.75,0.0,41882.95
ORD1506,2026-07-16,1062.34,21.25,0.21,1040.88
ORD1507,2026-07-06,43236.3,864.73,0.0,42371.57
ORD1508,2026-07-10,1580.99,31.62,0.32,1549.05
ORD1509,2026-07-24,19168.26,383.37,0.0,18784.89
ORD1510,2026-07-09,20454.12,409.08,0.0,20045.04
ORD1511,2026-07-20,44530.48,890.61,0.0,43639.87
ORD1512,2026-07-19,7017.94,140.36,0.0,6877.58
ORD1513,2026-07-10,15884.58,317.69,0.0,15566.89
ORD1515,2026-07-08,36654.52,733.09,0.0,35921.43
ORD1516,2026-07-18,17014.14,340.28,0.0,16673.86
ORD1518,2026-07-16,35115.58,702.31,0.0,34413.27
ORD1519,2026-07-16,21285.64,425.71,0.0,20859.93
ORD1520,2026-07-24,28074.69,561.49,0.0,27513.2
ORD1521,2026-07-25,30924.02,618.48,0.0,30305.54
ORD1522,2026-07-18,30201.72,604.03,0.0,29597.69
ORD1523,2026-07-25,20330.29,406.61,0.0,19923.68
ORD1524,2026-07-29,43745.1,874.9,0.0,42870.2
ORD1525,2026-07-04,3493.21,69.86,0.0,3423.35
ORD1526,2026-07-26,18836.64,376.73,0.0,18459.91
ORD1527,2026-07-10,38314.65,574.72,0.0,37739.93
ORD1528,2026-07-13,14065.35,281.31,0.0,13784.04
ORD1529,2026-07-14,3048.51,60.97,0.0,2987.54
ORD1530,2026-07-03,27503.29,550.07,0.0,26953.22
ORD1531,2026-07-03,1693.97,33.88,0.0,1660.09
ORD1532,2026-07-30,37725.16,754.5,0.0,36970.66
ORD1533,2026-07-29,4891.43,97.83,0.0,4793.6
ORD1535,2026-07-17,24632.3,492.65,0.0,24139.65
ORD1536,2026-07-06,18495.33,369.91,0.0,18125.42
ORD1538,2026-07-06,33062.32,661.25,0.0,32401.07
ORD1539,2026-07-21,39592.91,791.86,0.0,38801.05
ORD1540,2026-07-29,21617.55,432.35,0.0,21185.2
ORD1541,2026-07-21,21349.69,426.99,0.0,20922.7
ORD1542,2026-07-13,14157.79,283.16,0.0,13874.63
ORD1543,2026-07-21,36054.25,721.09,0.0,35333.16
ORD1544,2026-07-17,39782.64,795.65,0.0,38986.99
ORD1545,2026-07-11,28724.31,574.49,0.0,28149.82
ORD1546,2026-07-24,13383.49,267.67,0.0,13115.82
ORD1547,2026-07-12,32081.84,641.64,0.0,31440.2
ORD1548,2026-07-03,41011.03,820.22,0.0,40190.81
ORD1549,2026-07-10,33107.37,662.15,0.0,32445.22
ORD1550,2026-07-27,35174.21,703.48,0.0,34470.73
ORD1551,2026-07-17,23463.24,469.26,0.0,22993.98
ORD1553,2026-07-14,1328.38,26.57,0.0,1301.81
ORD1555,2026-07-29,24877.87,497.56,0.0,24380.31
ORD1556,2026-07-12,3664.28,73.29,0.0,3590.99
ORD1557,2026-07-11,24609.5,492.19,0.0,24117.31
ORD1558,2026-07-29,36165.78,723.32,0.0,35442.46
ORD1559,2026-07-28,37024.76,925.62,0.0,36099.14
ORD1560,2026-07-10,40655.88,813.12,0.0,39842.76
ORD1561,2026-07-06,40476.03,809.52,0.0,39666.51
ORD1562,2026-07-22,23714.0,474.28,0.0,23239.72
ORD1563,2026-07-07,14452.37,289.05,0.0,14163.32
ORD1564,2026-07-30,30603.25,612.07,0.0,29991.18
ORD1565,2026-07-27,11698.32,233.97,0.0,11464.35
ORD1566,2026-07-06,27852.06,557.04,0.0,27295.02
ORD1568,2026-07-09,35139.03,702.78,0.0,34436.25
ORD1569,2026-07-13,4868.42,97.37,0.0,4771.05
ORD1570,2026-07-28,36782.3,735.65,0.0,36046.65
ORD1571,2026-07-04,16030.66,320.61,0.0,15710.05
ORD1572,2026-07-08,3766.9,75.34,0.0,3691.56
ORD1573,2026-07-23,18354.82,367.1,0.0,17987.72
ORD1575,2026-07-05,1883.05,37.66,0.0,1845.39
ORD1576,2026-07-10,26653.47,533.07,5.33,26115.07
ORD1578,2026-07-15,3481.85,69.64,0.0,3412.21
ORD1579,2026-07-06,10029.68,250.74,0.0,9778.94
ORD1580,2026-07-09,38948.85,778.98,0.0,38169.87
ORD1581,2026-07-22,41511.79,830.24,0.0,40681.55
ORD1582,2026-07-05,25723.92,514.48,0.0,25209.44
ORD1583,2026-07-10,18080.16,361.6,0.0,17718.56
ORD1584,2026-07-19,19743.7,394.87,0.0,19348.83
ORD1585,2026-07-29,37854.99,757.1,7.57,37090.32
ORD1586,2026-07-23,5996.34,119.93,0.0,5876.41
ORD1587,2026-07-23,7442.5,148.85,0.0,7293.65
ORD1589,2026-07-29,40813.52,816.27,0.0,39997.25
ORD1590,2026-07-07,41488.4,829.77,0.0,40658.63
ORD1591,2026-07-25,44594.69,891.89,0.0,43702.8
ORD1592,2026-07-30,24363.11,487.26,0.0,23875.85
ORD1593,2026-07-28,39392.55,787.85,0.0,38604.7
ORD1594,2026-07-15,32915.68,658.31,0.0,32257.37
ORD1595,2026-07-10,14302.5,286.05,0.0,14016.45
ORD1596,2026-07-14,26154.33,523.09,5.23,25626.01
ORD1597,2026-07-13,17817.04,356.34,0.0,17460.7
ORD1598,2026-07-12,23588.8,589.72,0.0,22999.08
ORD1599,2026-07-20,19105.63,382.11,0.0,18723.52
ORD1600,2026-07-23,26798.38,535.97,0.0,26262.41
ORD1601,2026-07-13,11626.46,232.53,0.0,11393.93
ORD1602,2026-07-25,20359.32,407.19,0.0,19952.13
ORD1604,2026-07-13,13762.2,275.24,0.0,13486.96
ORD1605,2026-07-18,35223.01,704.46,0.0,34518.55
ORD1607,2026-07-24,9716.98,194.34,0.0,9522.64
ORD1608,2026-07-19,36988.01,739.76,0.0,36248.25
ORD1609,2026-07-05,6802.31,136.05,0.0,6666.26
ORD1610,2026-07-10,6032.37,120.65,0.0,5911.72
ORD1611,2026-07-13,2021.1,40.42,0.0,1980.68
ORD1612,2026-07-14,20332.89,406.66,0.0,19926.23
ORD1613,2026-07-08,21314.14,426.28,0.0,20887.86
ORD1614,2026-07-25,40592.25,811.85,0.0,39780.4
ORD1615,2026-07-27,25500.02,510.0,0.0,24990.02
ORD1616,2026-07-13,30411.92,364.94,0.0,30046.98
ORD1618,2026-07-03,923.04,18.46,0.0,904.58
ORD1619,2026-07-18,10837.45,216.75,0.0,10620.7
ORD1620,2026-07-09,32677.57,653.55,0.0,32024.02
ORD1621,2026-07-20,16346.48,326.93,0.0,16019.55
ORD1622,2026-07-21,39539.6,790.79,0.0,38748.81
ORD1623,2026-07-23,34759.18,695.18,0.0,34064.0
ORD1624,2026-07-09,19870.09,397.4,0.0,19472.69
ORD1625,2026-07-04,21395.44,427.91,0.0,20967.53
ORD1626,2026-07-18,35097.1,701.94,0.0,34395.16
ORD1627,2026-07-26,6593.55,131.87,0.0,6461.68
ORD1628,2026-07-11,24313.62,486.27,0.0,23827.35
ORD1629,2026-07-15,15762.16,315.24,3.15,15443.77
ORD1630,2026-07-13,41236.16,824.72,0.0,40411.44
ORD1631,2026-07-07,18920.0,378.4,0.0,18541.6
ORD1632,2026-07-13,33929.26,678.59,0.0,33250.67
ORD1633,2026-07-12,11701.92,234.04,0.0,11467.88
ORD1634,2026-07-11,29086.85,581.74,0.0,28505.11
ORD1635,2026-07-27,33870.52,677.41,0.0,33193.11
ORD1636,2026-07-23,42755.61,855.11,0.0,41900.5
ORD1637,2026-07-13,35185.74,703.71,0.0,34482.03
ORD1638,2026-07-13,1562.84,31.26,0.0,1531.58
ORD1639,2026-07-02,23323.1,466.46,0.0,22856.64
ORD1640,2026-07-09,16755.98,335.12,0.0,16420.86
ORD1641,2026-07-06,23113.09,462.26,0.0,22650.83
ORD1643,2026-07-14,23904.13,478.08,0.0,23426.05
ORD1644,2026-07-22,35711.5,1071.35,0.0,34640.15
ORD1645,2026-07-13,41092.6,821.85,0.0,40270.75
ORD1646,2026-07-21,31193.7,623.87,0.0,30569.83
ORD1648,2026-07-07,24334.47,486.69,0.0,23847.78
ORD1649,2026-07-29,22675.58,453.51,0.0,22222.07
ORD1650,2026-07-24,28378.25,567.57,0.0,27810.68
ORD1651,2026-07-25,15792.85,315.86,0.0,15476.99
ORD1652,2026-07-13,5738.89,114.78,0.0,5624.11
ORD1653,2026-07-27,28595.79,571.92,0.0,28023.87
ORD1654,2026-07-29,17232.76,344.66,0.0,16888.1
ORD1655,2026-07-18,4015.62,80.31,0.8,3934.51
ORD1656,2026-07-27,18210.1,364.2,0.0,17845.9
ORD1657,2026-07-17,9412.83,188.26,0.0,9224.57
ORD1658,2026-07-26,43496.44,869.93,8.7,42617.81
ORD1659,2026-07-12,43148.26,862.97,0.0,42285.29
ORD1660,2026-07-28,25362.61,507.25,0.0,24855.36
ORD1661,2026-07-23,3978.94,99.47,0.0,3879.47
ORD1662,2026-07-23,17607.91,352.16,0.0,17255.75
ORD1663,2026-07-10,36649.73,732.99,0.0,35916.74
ORD1664,2026-07-08,22272.08,445.44,0.0,21826.64
ORD1666,2026-07-25,42630.48,852.61,8.53,41769.34
ORD1667,2026-07-22,6125.4,122.51,0.0,6002.89
ORD1668,2026-07-17,42381.62,847.63,0.0,41533.99
ORD1669,2026-07-02,18766.94,375.34,0.0,18391.6
ORD1670,2026-07-10,6582.38,131.65,1.32,6449.41
ORD1671,2026-07-09,7019.09,140.38,0.0,6878.71
ORD1672,2026-07-16,16602.77,332.06,0.0,16270.71
ORD1673,2026-07-15,31534.01,630.68,0.0,30903.33
ORD1674,2026-07-18,42940.46,858.81,0.0,42081.65
ORD1675,2026-07-17,34814.95,1044.45,0.0,33770.5
ORD1676,2026-07-28,39490.76,789.82,0.0,38700.94
ORD1677,2026-07-10,12343.09,246.86,0.0,12096.23
ORD1678,2026-07-16,41770.19,626.55,0.0,41143.64
ORD1679,2026-07-18,10076.37,201.53,0.0,9874.84
ORD1680,2026-07-12,10794.16,215.88,0.0,10578.28
ORD1681,2026-07-03,19108.03,382.16,0.0,18725.87
ORD1682,2026-07-18,22053.92,441.08,0.0,21612.84
ORD1683,2026-07-26,28668.75,573.38,5.73,28089.64
ORD1685,2026-07-19,37180.03,743.6,0.0,36436.43
ORD1686,2026-07-16,5244.94,104.9,0.0,5140.04
ORD1687,2026-07-23,29348.5,586.97,0.0,28761.53
ORD1688,2026-07-17,26200.63,524.01,0.0,25676.62
ORD1689,2026-07-16,28458.33,569.17,0.0,27889.16
ORD1690,2026-07-20,23610.73,472.21,0.0,23138.52
ORD1691,2026-07-07,19494.57,389.89,0.0,19104.68
ORD1692,2026-07-22,4519.91,90.4,0.0,4429.51
ORD1693,2026-07-14,22560.49,451.21,4.51,22104.77
ORD1694,2026-07-13,2142.24,42.84,0.0,2099.4
ORD1695,2026-07-30,2785.66,55.71,0.0,2729.95
ORD1696,2026-07-23,14910.64,298.21,2.98,14609.45
ORD1698,2026-07-29,31569.24,631.38,0.0,30937.86
ORD1699,2026-07-15,5693.76,113.88,0.0,5579.88
ORD1700,2026-07-05,16053.72,321.07,0.0,15732.65
ORD1701,2026-07-03,19395.87,387.92,0.0,19007.95
ORD1702,2026-07-25,36498.19,729.96,7.3,35760.93
ORD1703,2026-07-06,31468.64,629.37,0.0,30839.27
ORD1704,2026-07-15,11606.28,232.13,0.0,11374.15
ORD1705,2026-07-16,15746.45,314.93,0.0,15431.52
ORD1706,2026-07-22,36695.26,733.91,0.0,35961.35
ORD1707,2026-07-12,39306.64,786.13,0.0,38520.51
ORD1708,2026-07-11,18764.02,375.28,0.0,18388.74
ORD1709,2026-07-16,6027.86,120.56,0.0,5907.3
ORD1710,2026-07-30,14121.44,282.43,0.0,13839.01
ORD1711,2026-07-11,41091.21,821.82,0.0,40269.39
ORD1712,2026-07-28,32796.68,655.93,0.0,32140.75
ORD1713,2026-07-24,20019.36,400.39,0.0,19618.97
ORD1714,2026-07-17,6360.44,127.21,0.0,6233.23
ORD1715,2026-07-08,18081.91,361.64,0.0,17720.27
ORD1716,2026-07-14,7387.2,147.74,0.0,7239.46
ORD1717,2026-07-28,41496.76,829.94,0.0,40666.82
ORD1718,2026-07-19,15341.79,306.84,0.0,15034.95
ORD1719,2026-07-11,37253.31,745.07,0.0,36508.24
ORD1720,2026-07-24,36941.85,738.84,7.39,36195.62
ORD1721,2026-07-07,8380.15,167.6,0.0,8212.55
ORD1722,2026-07-24,33766.62,675.33,0.0,33091.29
ORD1723,2026-07-11,4568.34,91.37,0.0,4476.97
ORD1724,2026-07-20,22721.86,454.44,0.0,22267.42
ORD1725,2026-07-28,12965.24,259.3,0.0,12705.94
ORD1726,2026-07-20,29599.42,591.99,0.0,29007.43
ORD1727,2026-07-02,7811.55,156.23,0.0,7655.32
ORD1728,2026-07-28,28496.93,569.94,0.0,27926.99
ORD1729,2026-07-10,22251.4,445.03,0.0,21806.37
ORD1732,2026-07-27,40056.94,801.14,0.0,39255.8
ORD1733,2026-07-28,38422.99,768.46,0.0,37654.53
ORD1735,2026-07-22,17493.05,349.86,0.0,17143.19
ORD1736,2026-07-12,41918.83,838.38,0.0,41080.45
ORD1738,2026-07-07,26191.16,523.82,0.0,25667.34
ORD1739,2026-07-10,16866.86,337.34,0.0,16529.52
ORD1740,2026-07-07,25135.8,502.72,5.03,24628.05
ORD1741,2026-07-07,2366.59,47.33,0.0,2319.26
ORD1742,2026-07-22,14650.48,293.01,0.0,14357.47
ORD1743,2026-07-21,3170.53,63.41,0.0,3107.12
ORD1744,2026-07-11,13598.79,271.98,0.0,13326.81
ORD1745,2026-07-28,40193.07,803.86,0.0,39389.21
ORD1746,2026-07-12,8317.0,166.34,0.0,8150.66
ORD1747,2026-07-17,18410.96,368.22,0.0,18042.74
ORD1748,2026-07-14,6530.64,130.61,0.0,6400.03
ORD1749,2026-07-28,35594.64,711.89,0.0,34882.75
ORD1750,2026-07-21,42033.87,840.68,0.0,41193.19
ORD1751,2026-07-22,4835.74,96.71,0.0,4739.03
ORD1752,2026-07-29,18633.31,372.67,0.0,18260.64
ORD1753,2026-07-06,8514.67,170.29,0.0,8344.38
ORD1754,2026-07-12,2965.26,59.31,0.0,2905.95
ORD1755,2026-07-14,15960.67,319.21,0.0,15641.46
ORD1756,2026-07-17,29539.53,590.79,0.0,28948.74
ORD1757,2026-07-11,14792.96,295.86,0.0,14497.1
ORD1758,2026-07-04,16219.29,324.39,0.0,15894.9
ORD1760,2026-07-11,6639.76,132.8,0.0,6506.96
ORD1761,2026-07-23,4269.38,85.39,0.0,4183.99
ORD1763,2026-07-20,41305.03,826.1,0.0,40478.93
ORD1764,2026-07-19,24461.71,489.23,0.0,23972.48
ORD1765,2026-07-05,30759.08,615.18,0.0,30143.9
ORD1766,2026-07-09,2800.82,56.02,0.0,2744.8
ORD1767,2026-07-27,35161.16,703.22,0.0,34457.94
ORD1768,2026-07-19,39665.24,793.3,0.0,38871.94
ORD1769,2026-07-30,23972.9,479.46,0.0,23493.44
ORD1771,2026-07-11,25373.82,507.48,0.0,24866.34
ORD1772,2026-07-14,19909.76,398.2,0.0,19511.56
ORD1774,2026-07-22,820.97,16.42,0.0,804.55
ORD1775,2026-07-03,15525.43,310.51,0.0,15214.92
ORD1776,2026-07-20,44739.2,894.78,0.0,43844.42
ORD1777,2026-07-18,3897.23,77.94,0.78,3818.51
ORD1778,2026-07-09,12119.25,242.38,0.0,11876.87
ORD1779,2026-07-17,40945.99,818.92,0.0,40127.07
ORD1780,2026-07-18,43909.19,878.18,0.0,43031.01
ORD1781,2026-07-05,18894.53,377.89,0.0,18516.64
ORD1782,2026-07-24,6114.06,122.28,0.0,5991.78
ORD1783,2026-07-10,10362.58,207.25,0.0,10155.33
ORD1785,2026-07-19,19124.18,382.48,3.82,18737.88
ORD1786,2026-07-27,33199.39,663.99,0.0,32535.4
ORD1787,2026-07-29,13225.17,264.5,0.0,12960.67
ORD1788,2026-07-16,42654.4,853.09,0.0,41801.31
ORD1789,2026-07-23,38770.95,775.42,0.0,37995.53
ORD1790,2026-07-10,12565.1,251.3,0.0,12313.8
ORD1791,2026-07-13,41217.6,824.35,0.0,40393.25
ORD1792,2026-07-13,15196.68,303.93,0.0,14892.75
ORD1793,2026-07-06,8324.83,166.5,0.0,8158.33
ORD1794,2026-07-16,24659.75,493.19,0.0,24166.56
ORD1795,2026-07-18,5122.93,102.46,0.0,5020.47
ORD1797,2026-07-20,1636.88,32.74,0.0,1604.14
ORD1798,2026-07-24,25448.61,508.97,0.0,24939.64
ORD1799,2026-07-21,25232.32,504.65,0.0,24727.67
ORD1800,2026-07-14,19029.07,380.58,0.0,18648.49
ORD1801,2026-07-02,16840.99,336.82,0.0,16504.17
ORD1802,2026-07-19,32023.74,800.59,0.0,31223.15
ORD1803,2026-07-05,24190.89,483.82,0.0,23707.07
ORD1804,2026-07-06,6889.21,137.78,0.0,6751.43
ORD1805,2026-07-17,35859.48,717.19,0.0,35142.29
ORD1806,2026-07-19,15635.76,312.72,0.0,15323.04
ORD1807,2026-07-15,28058.53,561.17,0.0,27497.36
ORD1808,2026-07-29,44085.46,881.71,0.0,43203.75
ORD1809,2026-07-07,36010.86,720.22,0.0,35290.64
ORD1810,2026-07-16,18815.32,376.31,0.0,18439.01
ORD1811,2026-07-08,629.82,12.6,0.0,617.22
ORD1812,2026-07-06,11868.04,237.36,0.0,11630.68
ORD1813,2026-07-27,1714.68,20.58,0.0,1694.1
ORD1814,2026-07-03,19701.7,394.03,0.0,19307.67
ORD1815,2026-07-20,5211.18,104.22,0.0,5106.96
ORD1817,2026-07-10,4896.73,97.93,0.0,4798.8
ORD1818,2026-07-18,42085.59,841.71,0.0,41243.88
ORD1819,2026-07-25,7508.92,150.18,0.0,7358.74
ORD1820,2026-07-08,24320.34,486.41,0.0,23833.93
ORD1821,2026-07-19,41357.16,827.14,0.0,40530.02
ORD1822,2026-07-23,35915.47,718.31,0.0,35197.16
ORD1823,2026-07-17,43961.35,879.23,0.0,43082.12
ORD1824,2026-07-21,38988.33,779.77,0.0,38208.56
ORD1825,2026-07-16,13308.14,266.16,0.0,13041.98
ORD1826,2026-07-12,17074.54,341.49,3.41,16729.64
ORD1827,2026-07-17,31220.88,624.42,6.24,30590.22
ORD1828,2026-07-15,24480.48,489.61,0.0,23990.87
ORD1829,2026-07-13,37622.44,752.45,0.0,36869.99
ORD1830,2026-07-04,14125.09,282.5,2.83,13839.76
ORD1831,2026-07-25,21072.31,421.45,0.0,20650.86
ORD1832,2026-07-15,3674.01,73.48,0.0,3600.53
ORD1833,2026-07-08,1702.92,34.06,0.0,1668.86
ORD1834,2026-07-09,34127.5,853.19,0.0,33274.31
ORD1835,2026-07-09,16422.33,328.45,0.0,16093.88
ORD1836,2026-07-08,35202.68,704.05,0.0,34498.63
ORD1837,2026-07-25,39755.42,795.11,0.0,38960.31
ORD1838,2026-07-03,30138.19,602.76,0.0,29535.43
ORD1839,2026-07-03,35178.26,703.57,0.0,34474.69
ORD1840,2026-07-26,20008.81,400.18,0.0,19608.63
ORD1842,2026-07-13,25915.47,310.99,0.0,25604.48
ORD1843,2026-07-11,15651.55,313.03,0.0,15338.52
ORD1844,2026-07-05,34803.88,696.08,0.0,34107.8
ORD1845,2026-07-29,35460.67,709.21,0.0,34751.46
ORD1846,2026-07-27,32798.32,655.97,0.0,32142.35
ORD1847,2026-07-02,17830.91,356.62,0.0,17474.29
ORD1848,2026-07-15,38634.92,772.7,0.0,37862.22
ORD1849,2026-07-22,584.66,11.69,0.12,572.85
ORD1850,2026-07-24,34815.64,696.31,0.0,34119.33
ORD1851,2026-07-27,10860.95,217.22,0.0,10643.73
ORD1852,2026-07-13,17917.97,358.36,0.0,17559.61
ORD1853,2026-07-23,6200.1,124.0,0.0,6076.1
ORD1854,2026-07-24,14029.94,280.6,0.0,13749.34
ORD1856,2026-07-25,42165.4,843.31,0.0,41322.09
ORD1857,2026-07-03,38247.33,764.95,0.0,37482.38
ORD1858,2026-07-15,41978.28,839.57,0.0,41138.71
ORD1859,2026-07-04,4821.22,96.42,0.0,4724.8
ORD1860,2026-07-17,2668.58,53.37,0.0,2615.21
ORD1861,2026-07-25,6069.97,182.1,0.0,5887.87
ORD1863,2026-07-22,38985.09,779.7,0.0,38205.39
ORD1864,2026-07-17,12256.04,245.12,0.0,12010.92
ORD1865,2026-07-03,38598.22,771.96,0.0,37826.26
ORD1866,2026-07-17,13920.04,278.4,0.0,13641.64
ORD1867,2026-07-25,44132.08,882.64,0.0,43249.44
ORD1868,2026-07-05,44669.44,893.39,0.0,43776.05
ORD1869,2026-07-08,772.23,15.44,0.0,756.79
ORD1870,2026-07-14,36956.54,923.91,0.0,36032.63
ORD1871,2026-07-23,11347.36,226.95,2.27,11118.14
ORD1872,2026-07-16,12213.87,244.28,0.0,11969.59
ORD1873,2026-07-07,1352.36,27.05,0.0,1325.31
ORD1874,2026-07-23,626.11,12.52,0.0,613.59
ORD1875,2026-07-18,20846.66,416.93,0.0,20429.73
ORD1876,2026-07-07,5937.37,118.75,0.0,5818.62
ORD1877,2026-07-20,44483.74,667.26,0.0,43816.48
ORD1878,2026-07-22,24584.36,491.69,4.92,24087.75
ORD1879,2026-07-18,3562.83,71.26,0.0,3491.57
ORD1880,2026-07-28,26039.79,520.8,0.0,25518.99
ORD1881,2026-07-27,5640.66,112.81,0.0,5527.85
ORD1882,2026-07-06,9413.61,188.27,1.88,9223.46
ORD1883,2026-07-09,12073.44,241.47,0.0,11831.97
ORD1884,2026-07-09,11762.34,235.25,0.0,11527.09
ORD1885,2026-07-15,35950.41,719.01,0.0,35231.4
ORD1886,2026-07-06,38943.03,778.86,0.0,38164.17
ORD1887,2026-07-19,35209.04,528.14,0.0,34680.9
ORD1888,2026-07-09,11259.57,225.19,0.0,11034.38
ORD1889,2026-07-04,21369.41,427.39,0.0,20942.02
ORD1890,2026-07-09,3337.17,66.74,0.0,3270.43
ORD1891,2026-07-02,30494.59,762.36,0.0,29732.23
ORD1892,2026-07-10,42115.76,842.32,8.42,41265.02
ORD1893,2026-07-14,42612.02,852.24,0.0,41759.78
ORD1894,2026-07-19,24540.5,490.81,0.0,24049.69
ORD1895,2026-07-11,34319.87,686.4,0.0,33633.47
ORD1896,2026-07-17,40927.65,818.55,0.0,40109.1
ORD1897,2026-07-10,33238.48,664.77,0.0,32573.71
ORD1898,2026-07-28,19496.86,389.94,0.0,19106.92
ORD1899,2026-07-16,36097.43,721.95,0.0,35375.48
ORD1900,2026-07-03,20394.02,407.88,0.0,19986.14
ORD1901,2026-07-23,21421.37,535.53,0.0,20885.84
ORD1902,2026-07-05,22279.64,445.59,0.0,21834.05
ORD1903,2026-07-08,20050.69,401.01,0.0,19649.68
ORD1904,2026-07-19,12829.42,256.59,0.0,12572.83
ORD1905,2026-07-21,6442.87,128.86,0.0,6314.01
ORD1906,2026-07-12,7187.92,143.76,0.0,7044.16
ORD1907,2026-07-25,18838.93,376.78,0.0,18462.15
ORD1908,2026-07-06,43491.51,869.83,0.0,42621.68
ORD1909,2026-07-12,17648.79,352.98,0.0,17295.81
ORD1910,2026-07-23,26876.62,537.53,0.0,26339.09
ORD1912,2026-07-26,14221.41,284.43,0.0,13936.98
ORD1913,2026-07-12,17227.85,344.56,0.0,16883.29
ORD1914,2026-07-08,12764.11,255.28,0.0,12508.83
ORD1916,2026-07-09,21376.33,427.53,0.0,20948.8
ORD1917,2026-07-18,35346.16,706.92,0.0,34639.24
ORD1918,2026-07-06,34590.87,691.82,0.0,33899.05
ORD1919,2026-07-17,36731.49,1101.94,0.0,35629.55
ORD1920,2026-07-14,11972.42,239.45,2.39,11730.58
ORD1922,2026-07-20,22631.94,452.64,0.0,22179.3
ORD1923,2026-07-17,12343.55,246.87,2.47,12094.21
ORD1924,2026-07-15,12223.29,244.47,0.0,11978.82
ORD1925,2026-07-29,5228.93,104.58,0.0,5124.35
ORD1926,2026-07-29,28827.15,576.54,0.0,28250.61
ORD1927,2026-07-21,23291.74,465.83,0.0,22825.91
ORD1928,2026-07-18,923.02,18.46,0.0,904.56
ORD1930,2026-07-17,3567.41,71.35,0.0,3496.06
ORD1931,2026-07-16,7448.37,148.97,0.0,7299.4
ORD1932,2026-07-19,43829.12,876.58,0.0,42952.54
ORD1933,2026-07-08,5158.91,103.18,0.0,5055.73
ORD1934,2026-07-28,8578.01,171.56,0.0,8406.45
ORD1935,2026-07-14,1021.81,20.44,0.0,1001.37
ORD1936,2026-07-04,33898.97,677.98,0.0,33220.99
ORD1937,2026-07-06,10626.63,212.53,0.0,10414.1
ORD1938,2026-07-05,34872.08,697.44,0.0,34174.64
ORD1939,2026-07-24,31536.13,630.72,0.0,30905.41
ORD1941,2026-07-28,15070.62,301.41,0.0,14769.21
ORD1943,2026-07-10,12222.34,244.45,2.44,11975.45
ORD1944,2026-07-29,16222.32,324.45,0.0,15897.87
ORD1945,2026-07-21,22259.08,445.18,0.0,21813.9
ORD1946,2026-07-24,6270.42,125.41,0.0,6145.01
ORD1947,2026-07-03,3939.65,78.79,0.0,3860.86
ORD1948,2026-07-20,12257.31,245.15,0.0,12012.16
ORD1949,2026-07-27,15465.67,309.31,0.0,15156.36
ORD1950,2026-07-07,27494.66,549.89,0.0,26944.77
ORD1951,2026-07-05,4989.85,99.8,0.0,4890.05
ORD1952,2026-07-05,33451.08,669.02,0.0,32782.06
ORD1953,2026-07-26,35937.83,718.76,0.0,35219.07
ORD1954,2026-07-13,21701.28,434.03,0.0,21267.25
ORD1955,2026-07-21,20583.69,411.67,0.0,20172.02
ORD1956,2026-07-24,19836.71,396.73,0.0,19439.98
ORD1957,2026-07-08,2832.22,56.64,0.0,2775.58
ORD1958,2026-07-03,32226.86,644.54,0.0,31582.32
ORD1960,2026-07-11,5592.13,111.84,0.0,5480.29
ORD1961,2026-07-20,39077.79,586.17,0.0,38491.62
ORD1962,2026-07-14,15161.58,303.23,0.0,14858.35
ORD1963,2026-07-09,14266.33,285.33,0.0,13981.0
ORD1964,2026-07-30,39815.46,796.31,0.0,39019.15
ORD1965,2026-07-21,20143.56,402.87,0.0,19740.69
ORD1966,2026-07-15,16742.21,200.91,0.0,16541.3
ORD1967,2026-07-05,10161.25,254.03,0.0,9907.22
ORD1968,2026-07-23,29266.59,585.33,5.85,28675.41
ORD1969,2026-07-20,31712.31,634.25,0.0,31078.06
ORD1970,2026-07-02,23530.94,470.62,0.0,23060.32
ORD1971,2026-07-17,2882.85,34.59,0.0,2848.26
ORD1972,2026-07-12,16238.88,324.78,0.0,15914.1
ORD1973,2026-07-22,1365.95,27.32,0.27,1338.36
ORD1974,2026-07-13,41756.96,835.14,0.0,40921.82
ORD1975,2026-07-14,1863.63,37.27,0.0,1826.36
ORD1976,2026-07-22,28111.99,562.24,0.0,27549.75
ORD1977,2026-07-14,20600.53,412.01,4.12,20184.4
ORD1978,2026-07-03,15843.75,316.88,0.0,15526.87
ORD1979,2026-07-25,37872.58,757.45,0.0,37115.13
ORD1980,2026-07-17,43235.66,864.71,0.0,42370.95
ORD1981,2026-07-23,6902.44,138.05,0.0,6764.39
ORD1982,2026-07-05,3330.6,66.61,0.0,3263.99
ORD1983,2026-07-22,26130.55,522.61,0.0,25607.94
ORD1984,2026-07-06,40510.76,810.22,0.0,39700.54
ORD1985,2026-07-27,5189.58,103.79,0.0,5085.79
ORD1986,2026-07-14,22394.82,447.9,0.0,21946.92
ORD1987,2026-07-24,40831.35,816.63,0.0,40014.72
ORD1988,2026-07-18,24550.28,491.01,0.0,24059.27
ORD1989,2026-07-25,10380.32,207.61,0.0,10172.71
ORD1990,2026-07-11,32305.65,646.11,0.0,31659.54
ORD1991,2026-07-11,22037.34,440.75,0.0,21596.59
ORD1992,2026-07-27,12581.04,251.62,2.52,12326.9
ORD1993,2026-07-26,28829.36,576.59,0.0,28252.77
ORD1994,2026-07-05,22137.39,442.75,0.0,21694.64
ORD1995,2026-07-17,36146.55,722.93,0.0,35423.62
ORD1996,2026-07-05,31449.71,628.99,0.0,30820.72
ORD1997,2026-07-30,5608.67,112.17,0.0,5496.5
ORD1998,2026-07-18,6220.16,124.4,0.0,6095.76
ORD1999,2026-07-03,11917.02,238.34,0.0,11678.68
ORD2000,2026-07-22,16947.42,338.95,0.0,16608.47
ORD2001,2026-07-28,5565.74,111.31,0.0,5454.43
ORD2002,2026-07-11,37623.75,752.48,0.0,36871.27
ORD2003,2026-07-11,1010.01,20.2,0.0,989.81
ORD2004,2026-07-27,39463.95,789.28,0.0,38674.67
ORD2005,2026-07-19,23219.12,464.38,0.0,22754.74
ORD2006,2026-07-03,16424.33,328.49,0.0,16095.84
ORD2007,2026-07-17,30349.68,606.99,0.0,29742.69
ORD2008,2026-07-22,40634.76,812.7,0.0,39822.06
ORD2009,2026-07-05,4899.57,97.99,0.0,4801.58
ORD2011,2026-07-10,38538.33,770.77,0.0,37767.56
ORD2012,2026-07-05,30831.14,616.62,0.0,30214.52
ORD2014,2026-07-19,15032.67,300.65,0.0,14732.02
ORD2015,2026-07-18,3874.68,77.49,0.0,3797.19
ORD2016,2026-07-02,9179.09,183.58,0.0,8995.51
ORD2017,2026-07-19,23366.15,467.32,0.0,22898.83
ORD2019,2026-07-14,32393.12,647.86,0.0,31745.26
ORD2020,2026-07-29,39311.21,786.22,0.0,38524.99
ORD2021,2026-07-05,14981.6,299.63,0.0,14681.97
ORD2022,2026-07-17,44728.08,894.56,0.0,43833.52
ORD2024,2026-07-13,44662.31,893.25,0.0,43769.06
ORD2025,2026-07-20,9872.78,197.46,0.0,9675.32
ORD2026,2026-07-29,43093.48,861.87,0.0,42231.61
ORD2027,2026-07-08,7010.78,140.22,0.0,6870.56
ORD2028,2026-07-27,18574.8,371.5,0.0,18203.3
ORD2029,2026-07-15,42108.35,842.17,0.0,41266.18
ORD2030,2026-07-23,24970.63,499.41,0.0,24471.22
ORD2032,2026-07-13,18405.73,368.11,3.68,18033.94
ORD2034,2026-07-26,24911.22,498.22,0.0,24413.0
ORD2035,2026-07-26,15953.39,319.07,0.0,15634.32
ORD2036,2026-07-08,41762.53,835.25,0.0,40927.28
ORD2037,2026-07-08,14626.9,292.54,0.0,14334.36
ORD2038,2026-07-24,22388.01,447.76,4.48,21935.77
ORD2039,2026-07-10,20817.54,416.35,0.0,20401.19
ORD2040,2026-07-16,4321.99,86.44,0.0,4235.55
ORD2041,2026-07-07,16044.39,240.67,0.0,15803.72
ORD2042,2026-07-28,10911.05,327.33,0.0,10583.72
ORD2044,2026-07-28,3758.42,75.17,0.0,3683.25
ORD2045,2026-07-30,27547.3,550.95,0.0,26996.35
ORD2046,2026-07-29,16721.52,334.43,3.34,16383.75
ORD2047,2026-07-22,3802.23,76.04,0.0,3726.19
ORD2048,2026-07-30,40740.49,814.81,0.0,39925.68
ORD2049,2026-07-18,44591.16,891.82,0.0,43699.34
ORD2050,2026-07-29,6221.83,124.44,0.0,6097.39
ORD2051,2026-07-30,20784.4,249.41,0.0,20534.99
ORD2052,2026-07-30,6267.88,125.36,0.0,6142.52
ORD2053,2026-07-22,12470.17,249.4,0.0,12220.77
ORD2054,2026-07-07,19404.04,388.08,0.0,19015.96
ORD2055,2026-07-11,9506.17,190.12,0.0,9316.05
ORD2056,2026-07-21,26404.1,528.08,0.0,25876.02
ORD2057,2026-07-29,3807.26,76.15,0.0,3731.11
ORD2058,2026-07-03,4060.72,81.21,0.0,3979.51
ORD2059,2026-07-14,8749.93,175.0,0.0,8574.93
ORD2060,2026-07-27,2661.48,53.23,0.53,2607.72
ORD2061,2026-07-04,23235.65,464.71,0.0,22770.94
ORD2062,2026-07-18,21547.27,646.42,0.0,20900.85
ORD2063,2026-07-25,22989.73,459.79,4.6,22525.34
ORD2064,2026-07-24,26292.42,525.85,0.0,25766.57
ORD2065,2026-07-11,42325.85,846.52,0.0,41479.33
ORD2066,2026-07-19,30192.2,603.84,0.0,29588.36
ORD2067,2026-07-06,33223.69,664.47,0.0,32559.22
ORD2068,2026-07-14,1471.83,17.66,0.0,1454.17
ORD2069,2026-07-19,29874.39,597.49,0.0,29276.9
ORD2070,2026-07-02,18729.19,374.58,0.0,18354.61
ORD2072,2026-07-06,18570.78,371.42,0.0,18199.36
ORD2073,2026-07-09,2394.81,47.9,0.0,2346.91
ORD2074,2026-07-15,31197.8,623.96,6.24,30567.6
ORD2075,2026-07-21,13643.52,272.87,0.0,13370.65
ORD2076,2026-07-14,40283.34,805.67,0.0,39477.67
ORD2077,2026-07-17,40900.94,818.02,0.0,40082.92
ORD2078,2026-07-13,24126.01,482.52,0.0,23643.49
ORD2079,2026-07-29,28178.98,563.58,0.0,27615.4
ORD2080,2026-07-11,35903.68,718.07,0.0,35185.61
ORD2081,2026-07-04,43996.84,527.96,0.0,43468.88
ORD2082,2026-07-18,37977.98,569.67,0.0,37408.31
ORD2083,2026-07-04,6463.55,129.27,0.0,6334.28
ORD2084,2026-07-19,16523.77,330.48,3.3,16189.99
ORD2085,2026-07-20,19052.79,381.06,0.0,18671.73
ORD2086,2026-07-24,32175.48,643.51,0.0,31531.97
ORD2088,2026-07-21,4609.21,92.18,0.0,4517.03
ORD2089,2026-07-14,33839.35,676.79,0.0,33162.56
ORD2090,2026-07-06,38693.94,773.88,0.0,37920.06
ORD2091,2026-07-13,27675.97,553.52,5.54,27116.91
ORD2092,2026-07-16,13946.07,278.92,0.0,13667.15
ORD2093,2026-07-03,19173.48,383.47,0.0,18790.01
ORD2094,2026-07-16,31925.64,638.51,0.0,31287.13
ORD2095,2026-07-27,1028.09,20.56,0.0,1007.53
ORD2096,2026-07-27,24786.79,495.74,0.0,24291.05
ORD2097,2026-07-04,4585.38,91.71,0.92,4492.75
ORD2098,2026-07-29,4521.84,113.05,0.0,4408.79
ORD2099,2026-07-18,14918.01,298.36,0.0,14619.65
ORD2100,2026-07-16,25362.56,507.25,5.07,24850.24
ORD2101,2026-07-24,23638.3,472.77,0.0,23165.53
ORD2103,2026-07-15,8755.46,175.11,0.0,8580.35
ORD2104,2026-07-03,13086.86,261.74,0.0,12825.12
ORD2106,2026-07-10,21603.91,432.08,0.0,21171.83
ORD2107,2026-07-07,21753.7,435.07,0.0,21318.63
ORD2108,2026-07-25,38290.48,765.81,0.0,37524.67
ORD2109,2026-07-27,43009.78,860.2,0.0,42149.58
ORD2110,2026-07-03,31503.82,630.08,0.0,30873.74
ORD2111,2026-07-08,33970.85,679.42,0.0,33291.43
ORD2112,2026-07-09,16410.56,328.21,0.0,16082.35
ORD2113,2026-07-07,15900.74,190.81,0.0,15709.93
ORD2114,2026-07-07,22505.78,450.12,0.0,22055.66
ORD2115,2026-07-19,7491.19,149.82,0.0,7341.37
ORD2116,2026-07-06,10294.84,205.9,0.0,10088.94
ORD2117,2026-07-22,1578.17,39.45,0.0,1538.72
ORD2118,2026-07-05,16524.46,330.49,0.0,16193.97
ORD2119,2026-07-24,42364.96,847.3,8.47,41509.19
ORD2120,2026-07-09,13880.4,277.61,0.0,13602.79
ORD2121,2026-07-22,36767.93,735.36,0.0,36032.57
ORD2122,2026-07-13,787.54,15.75,0.0,771.79
ORD2123,2026-07-19,33839.16,676.78,0.0,33162.38
ORD2124,2026-07-11,41019.14,820.38,0.0,40198.76
ORD2126,2026-07-26,39667.28,793.35,0.0,38873.93
ORD2127,2026-07-20,34017.75,680.36,0.0,33337.39
ORD2128,2026-07-24,34386.06,687.72,0.0,33698.34
ORD2129,2026-07-04,8072.18,161.44,0.0,7910.74
ORD2130,2026-07-12,12252.05,245.04,0.0,12007.01
ORD2131,2026-07-04,36306.7,726.13,0.0,35580.57
ORD2132,2026-07-28,24530.29,490.61,0.0,24039.68
ORD2133,2026-07-27,41330.28,826.61,0.0,40503.67
ORD2134,2026-07-26,23917.44,478.35,0.0,23439.09
ORD2135,2026-07-19,23098.14,461.96,0.0,22636.18
ORD2136,2026-07-18,38083.79,761.68,0.0,37322.11
ORD2137,2026-07-24,3941.85,78.84,0.0,3863.01
ORD2138,2026-07-16,13674.09,273.48,0.0,13400.61
ORD2139,2026-07-14,21302.51,426.05,0.0,20876.46
ORD2140,2026-07-17,37172.11,743.44,0.0,36428.67
ORD2141,2026-07-30,6178.7,123.57,0.0,6055.13
ORD2142,2026-07-14,24082.98,481.66,0.0,23601.32
ORD2143,2026-07-06,4389.47,87.79,0.0,4301.68
ORD2144,2026-07-05,3974.67,99.37,0.0,3875.3
ORD2145,2026-07-28,23949.65,478.99,0.0,23470.66
ORD2146,2026-07-28,4304.63,86.09,0.0,4218.54
ORD2147,2026-07-10,6182.57,123.65,0.0,6058.92
ORD2148,2026-07-06,4600.71,92.01,0.0,4508.7
ORD2149,2026-07-03,25280.97,505.62,5.06,24770.29
ORD2150,2026-07-24,6457.1,129.14,0.0,6327.96
ORD2151,2026-07-27,38529.65,770.59,0.0,37759.06
ORD2153,2026-07-12,43012.4,860.25,0.0,42152.15
ORD2154,2026-07-29,14546.67,290.93,0.0,14255.74
ORD2155,2026-07-23,44568.77,891.38,0.0,43677.39
ORD2156,2026-07-11,27114.72,542.29,0.0,26572.43
ORD2157,2026-07-18,39671.06,793.42,0.0,38877.64
ORD2158,2026-07-20,36621.48,732.43,0.0,35889.05
ORD2159,2026-07-10,40511.37,810.23,0.0,39701.14
ORD2161,2026-07-30,38946.27,778.93,0.0,38167.34
ORD2162,2026-07-11,22743.72,454.87,0.0,22288.85
ORD2164,2026-07-20,30835.13,616.7,6.17,30212.26
ORD2165,2026-07-18,15196.91,303.94,0.0,14892.97
ORD2166,2026-07-25,5090.32,101.81,1.02,4987.49
ORD2167,2026-07-28,11035.34,220.71,0.0,10814.63
ORD2168,2026-07-05,21490.82,429.82,0.0,21061.0
ORD2169,2026-07-06,41229.67,824.59,0.0,40405.08
ORD2170,2026-07-16,29261.44,585.23,0.0,28676.21
ORD2171,2026-07-10,18291.93,365.84,0.0,17926.09
ORD2172,2026-07-29,44577.83,891.56,0.0,43686.27
ORD2173,2026-07-12,39931.36,798.63,0.0,39132.73
ORD2174,2026-07-26,34116.8,852.92,0.0,33263.88
ORD2175,2026-07-09,23474.24,469.48,0.0,23004.76
ORD2176,2026-07-02,17917.3,358.35,0.0,17558.95
ORD2177,2026-07-19,23118.9,462.38,4.62,22651.9
ORD2178,2026-07-18,43063.78,861.28,0.0,42202.5
ORD2180,2026-07-06,33618.5,672.37,0.0,32946.13
ORD2181,2026-07-12,16259.77,325.2,0.0,15934.57
ORD2182,2026-07-17,44903.82,898.08,0.0,44005.74
ORD2184,2026-07-26,28498.93,569.98,0.0,27928.95
ORD2185,2026-07-28,38261.02,765.22,0.0,37495.8
ORD2186,2026-07-28,27217.85,544.36,0.0,26673.49
ORD2187,2026-07-14,21139.13,422.78,0.0,20716.35
ORD2188,2026-07-19,34603.42,692.07,0.0,33911.35
ORD2189,2026-07-03,3006.6,60.13,0.6,2945.87
ORD2190,2026-07-07,30105.13,602.1,0.0,29503.03
ORD2191,2026-07-10,11489.63,229.79,0.0,11259.84
ORD2192,2026-07-03,37508.07,750.16,0.0,36757.91
ORD2193,2026-07-10,11618.3,139.42,0.0,11478.88
ORD2194,2026-07-22,1399.79,28.0,0.0,1371.79
ORD2195,2026-07-04,13106.05,262.12,0.0,12843.93
ORD2196,2026-07-21,26833.67,536.67,0.0,26297.0
ORD2198,2026-07-09,11236.39,224.73,0.0,11011.66
ORD2199,2026-07-08,8881.55,177.63,0.0,8703.92
ORD2201,2026-07-08,30108.28,602.17,0.0,29506.11
ORD2202,2026-07-12,4888.69,97.77,0.0,4790.92
ORD2203,2026-07-27,40046.22,800.92,0.0,39245.3
ORD2204,2026-07-05,24979.16,499.58,0.0,24479.58
ORD2205,2026-07-14,12928.2,258.56,0.0,12669.64
ORD2206,2026-07-07,6094.31,121.89,0.0,5972.42
ORD2207,2026-07-25,11943.63,238.87,0.0,11704.76
ORD2208,2026-07-09,11792.69,235.85,2.36,11554.48
ORD2209,2026-07-25,20659.37,413.19,0.0,20246.18
ORD2210,2026-07-19,6248.46,124.97,1.25,6122.24
ORD2211,2026-07-26,44665.07,893.3,0.0,43771.77
ORD2212,2026-07-20,22583.06,451.66,0.0,22131.4
ORD2213,2026-07-28,18040.52,360.81,0.0,17679.71
ORD2214,2026-07-27,33744.74,674.89,0.0,33069.85
ORD2215,2026-07-05,23451.7,469.03,0.0,22982.67
ORD2216,2026-07-16,7973.7,159.47,0.0,7814.23
ORD2217,2026-07-13,38052.98,761.06,0.0,37291.92
ORD2218,2026-07-14,38142.05,762.84,0.0,37379.21
ORD2219,2026-07-26,25081.62,501.63,0.0,24579.99
ORD2220,2026-07-20,25949.01,518.98,0.0,25430.03
ORD2221,2026-07-05,12308.25,246.16,0.0,12062.09
ORD2222,2026-07-23,18331.75,366.63,0.0,17965.12
ORD2223,2026-07-26,2970.16,59.4,0.0,2910.76
ORD2224,2026-07-11,19142.51,382.85,0.0,18759.66
ORD2225,2026-07-21,35890.52,717.81,0.0,35172.71
ORD2226,2026-07-28,6971.24,139.42,0.0,6831.82
ORD2227,2026-07-07,31965.53,639.31,6.39,31319.83
ORD2228,2026-07-15,33237.09,664.74,0.0,32572.35
ORD2229,2026-07-15,3210.32,64.21,0.0,3146.11
ORD2230,2026-07-28,8810.05,176.2,0.0,8633.85
ORD2231,2026-07-18,11166.46,223.33,0.0,10943.13
ORD2232,2026-07-08,30610.88,612.22,0.0,29998.66
ORD2233,2026-07-04,26272.68,525.45,0.0,25747.23
ORD2234,2026-07-05,3824.19,76.48,0.0,3747.71
ORD2235,2026-07-10,24511.32,490.23,0.0,24021.09
ORD2236,2026-07-25,1597.62,31.95,0.0,1565.67
ORD2237,2026-07-25,19930.99,398.62,0.0,19532.37
ORD2238,2026-07-04,25606.67,512.13,0.0,25094.54
ORD2239,2026-07-07,44415.47,888.31,0.0,43527.16
ORD2240,2026-07-28,18178.23,363.56,0.0,17814.67
ORD2241,2026-07-03,32173.17,643.46,0.0,31529.71
ORD2242,2026-07-21,10777.78,215.56,0.0,10562.22
ORD2243,2026-07-11,16168.59,323.37,0.0,15845.22
ORD2244,2026-07-04,4932.05,98.64,0.0,4833.41
ORD2245,2026-07-21,20430.35,408.61,0.0,20021.74
ORD2246,2026-07-27,29456.82,589.14,0.0,28867.68
ORD2247,2026-07-03,4207.61,84.15,0.0,4123.46
ORD2248,2026-07-21,23830.89,476.62,0.0,23354.27
ORD2249,2026-07-21,16023.15,320.46,0.0,15702.69
ORD2250,2026-07-29,15350.75,307.01,0.0,15043.74
ORD2251,2026-07-16,28234.12,564.68,0.0,27669.44
ORD2252,2026-07-21,12947.62,258.95,0.0,12688.67
ORD2253,2026-07-14,24961.92,499.24,0.0,24462.68
ORD2254,2026-07-02,25606.28,512.13,0.0,25094.15
ORD2255,2026-07-29,38602.49,772.05,0.0,37830.44
ORD2256,2026-07-10,19194.88,383.9,0.0,18810.98
ORD2257,2026-07-16,43102.71,862.05,0.0,42240.66
ORD2258,2026-07-28,35321.25,706.43,0.0,34614.82
ORD2259,2026-07-21,15614.22,312.28,3.12,15298.82
ORD2260,2026-07-06,26667.12,533.34,0.0,26133.78
ORD2261,2026-07-07,41750.92,835.02,0.0,40915.9
ORD2262,2026-07-30,19860.4,397.21,0.0,19463.19
ORD2263,2026-07-20,10177.7,203.55,0.0,9974.15
ORD2264,2026-07-20,32318.7,646.37,6.46,31665.87
ORD2265,2026-07-27,19250.69,385.01,0.0,18865.68
ORD2266,2026-07-15,23788.26,475.77,0.0,23312.49
ORD2267,2026-07-12,31285.29,625.71,0.0,30659.58
ORD2269,2026-07-28,40309.13,806.18,0.0,39502.95
ORD2271,2026-07-17,28826.19,576.52,0.0,28249.67
ORD2272,2026-07-04,5172.59,103.45,0.0,5069.14
ORD2273,2026-07-22,39520.74,790.41,0.0,38730.33
ORD2275,2026-07-07,35705.91,714.12,0.0,34991.79
ORD2276,2026-07-03,44317.58,886.35,0.0,43431.23
ORD2278,2026-07-23,25951.03,519.02,0.0,25432.01
ORD2279,2026-07-26,21997.94,439.96,0.0,21557.98
ORD2280,2026-07-05,20238.3,404.77,0.0,19833.53
ORD2281,2026-07-11,6464.82,129.3,0.0,6335.52
ORD2282,2026-07-16,9697.04,193.94,0.0,9503.1
ORD2283,2026-07-22,21251.46,425.03,4.25,20822.18
ORD2284,2026-07-18,2744.28,54.89,0.0,2689.39
ORD2285,2026-07-18,5222.33,104.45,0.0,5117.88
ORD2286,2026-07-02,37829.19,756.58,0.0,37072.61
ORD2287,2026-07-21,42111.99,842.24,0.0,41269.75
ORD2288,2026-07-13,5104.65,102.09,1.02,5001.54
ORD2289,2026-07-19,41587.61,831.75,0.0,40755.86
ORD2290,2026-07-21,16410.39,328.21,0.0,16082.18
ORD2291,2026-07-21,33565.76,671.32,0.0,32894.44
ORD2292,2026-07-06,913.6,18.27,0.0,895.33
ORD2293,2026-07-17,12173.57,304.34,0.0,11869.23
ORD2294,2026-07-17,32117.11,642.34,0.0,31474.77
ORD2295,2026-07-13,35147.09,702.94,0.0,34444.15
ORD2297,2026-07-02,8246.61,164.93,0.0,8081.68
ORD2298,2026-07-13,20987.23,419.74,0.0,20567.49
ORD2299,2026-07-23,34328.13,686.56,0.0,33641.57
ORD2300,2026-07-07,19829.68,396.59,0.0,19433.09
ORD2301,2026-07-18,23638.33,472.77,0.0,23165.56
ORD2302,2026-07-27,28574.22,571.48,0.0,28002.74
ORD2303,2026-07-29,20440.47,408.81,0.0,20031.66
ORD2304,2026-07-02,11619.61,232.39,0.0,11387.22
ORD2305,2026-07-09,43597.99,871.96,0.0,42726.03
ORD2306,2026-07-18,2109.54,42.19,0.0,2067.35
ORD2307,2026-07-20,10780.35,215.61,0.0,10564.74
ORD2308,2026-07-06,7350.32,147.01,0.0,7203.31
ORD2309,2026-07-10,41475.64,829.51,0.0,40646.13
ORD2310,2026-07-19,10369.42,207.39,0.0,10162.03
ORD2311,2026-07-21,1968.77,39.38,0.0,1929.39
ORD2312,2026-07-12,30833.23,616.66,0.0,30216.57
ORD2313,2026-07-08,23913.94,478.28,0.0,23435.66
ORD2314,2026-07-11,33974.09,679.48,0.0,33294.61
ORD2315,2026-07-22,29527.65,590.55,0.0,28937.1
ORD2316,2026-07-10,22884.45,457.69,0.0,22426.76
ORD2317,2026-07-11,17658.07,353.16,0.0,17304.91
ORD2318,2026-07-09,26624.7,532.49,0.0,26092.21
ORD2319,2026-07-04,11470.32,229.41,0.0,11240.91
ORD2320,2026-07-08,10636.86,212.74,0.0,10424.12
ORD2321,2026-07-20,14847.93,296.96,2.97,14548.0
ORD2322,2026-07-27,12811.3,256.23,0.0,12555.07
ORD2323,2026-07-24,31952.49,639.05,0.0,31313.44
ORD2324,2026-07-14,16146.08,322.92,0.0,15823.16
ORD2325,2026-07-18,29429.58,588.59,0.0,28840.99
ORD2326,2026-07-29,7821.58,156.43,0.0,7665.15
ORD2327,2026-07-13,5425.37,108.51,0.0,5316.86
ORD2328,2026-07-23,15240.08,304.8,0.0,14935.28
ORD2329,2026-07-21,13087.84,261.76,0.0,12826.08
ORD2330,2026-07-14,26721.5,534.43,5.34,26181.73
ORD2331,2026-07-06,16765.93,335.32,0.0,16430.61
ORD2332,2026-07-18,20291.11,405.82,0.0,19885.29
ORD2333,2026-07-24,1664.79,41.62,0.0,1623.17
ORD2334,2026-07-17,6455.72,129.11,0.0,6326.61
ORD2335,2026-07-14,21107.1,422.14,0.0,20684.96
ORD2337,2026-07-06,41282.77,825.66,0.0,40457.11
ORD2338,2026-07-26,38913.3,466.96,0.0,38446.34
ORD2339,2026-07-26,13858.17,277.16,0.0,13581.01
ORD2340,2026-07-12,33115.48,662.31,0.0,32453.17
ORD2341,2026-07-21,15139.34,302.79,0.0,14836.55
ORD2342,2026-07-28,10333.94,206.68,0.0,10127.26
ORD2344,2026-07-10,38548.94,770.98,0.0,37777.96
ORD2345,2026-07-16,32531.26,650.63,0.0,31880.63
ORD2346,2026-07-25,24156.18,483.12,0.0,23673.06
ORD2347,2026-07-03,15737.78,314.76,3.15,15419.87
ORD2348,2026-07-27,515.52,10.31,0.1,505.11
ORD2349,2026-07-17,41973.26,839.47,0.0,41133.79
ORD2350,2026-07-28,35375.78,707.52,0.0,34668.26
ORD2351,2026-07-27,4563.82,91.28,0.91,4471.63
ORD2352,2026-07-28,19382.95,387.66,0.0,18995.29
ORD2353,2026-07-21,22062.18,441.24,0.0,21620.94
ORD2354,2026-07-21,35048.5,700.97,0.0,34347.53
ORD2355,2026-07-03,40514.54,810.29,0.0,39704.25
ORD2356,2026-07-30,19785.86,395.72,3.96,19386.18
ORD2357,2026-07-19,3355.68,67.11,0.0,3288.57
ORD2358,2026-07-26,18494.06,369.88,0.0,18124.18
ORD2359,2026-07-15,28031.59,560.63,0.0,27470.96
ORD2360,2026-07-26,39004.8,780.1,7.8,38216.9
ORD2361,2026-07-19,43876.19,877.52,0.0,42998.67
ORD2362,2026-07-15,44134.69,882.69,8.83,43243.17
ORD2364,2026-07-12,27145.78,542.92,0.0,26602.86
ORD2365,2026-07-28,35316.92,706.34,7.06,34603.52
ORD2366,2026-07-10,10730.28,214.61,0.0,10515.67
ORD2367,2026-07-19,3880.71,77.61,0.0,3803.1
ORD2368,2026-07-18,44433.75,888.68,0.0,43545.07
ORD2369,2026-07-14,36397.06,727.94,0.0,35669.12
ORD2370,2026-07-06,18832.92,376.66,0.0,18456.26
ORD2371,2026-07-05,35681.56,713.63,0.0,34967.93
ORD2372,2026-07-29,36502.97,730.06,0.0,35772.91
ORD2373,2026-07-27,11655.98,233.12,0.0,11422.86
ORD2374,2026-07-25,28991.56,579.83,0.0,28411.73
ORD2375,2026-07-24,26097.33,521.95,0.0,25575.38
ORD2376,2026-07-12,32573.77,651.48,0.0,31922.29
ORD2377,2026-07-25,29142.82,349.71,0.0,28793.11
ORD2378,2026-07-20,31523.52,630.47,0.0,30893.05
ORD2379,2026-07-19,43600.21,872.0,0.0,42728.21
ORD2380,2026-07-15,27039.77,540.8,0.0,26498.97
ORD2381,2026-07-21,35584.43,711.69,7.12,34865.62
ORD2382,2026-07-30,10021.52,200.43,0.0,9821.09
ORD2383,2026-07-06,2161.14,43.22,0.0,2117.92
ORD2384,2026-07-13,24039.71,480.79,0.0,23558.92
ORD2385,2026-07-12,3333.91,66.68,0.0,3267.23
ORD2386,2026-07-23,24306.07,486.12,0.0,23819.95
ORD2387,2026-07-15,26297.41,525.95,5.26,25766.2
ORD2388,2026-07-29,2638.51,52.77,0.0,2585.74
ORD2389,2026-07-10,41692.46,833.85,0.0,40858.61
ORD2390,2026-07-14,18723.47,374.47,0.0,18349.0
ORD2391,2026-07-30,16158.68,323.17,0.0,15835.51
ORD2392,2026-07-19,22968.2,459.36,0.0,22508.84
ORD2393,2026-07-29,35771.77,715.44,0.0,35056.33
ORD2394,2026-07-13,15460.35,309.21,0.0,15151.14
ORD2395,2026-07-05,16287.89,325.76,0.0,15962.13
ORD2396,2026-07-09,13139.53,262.79,0.0,12876.74
ORD2397,2026-07-21,22145.51,442.91,0.0,21702.6
ORD2398,2026-07-23,28708.11,574.16,0.0,28133.95
ORD2399,2026-07-10,25430.45,508.61,0.0,24921.84
ORD2400,2026-07-17,32602.92,652.06,0.0,31950.86
ORD2401,2026-07-04,35239.79,704.8,0.0,34534.99
ORD2402,2026-07-27,38102.29,762.05,0.0,37340.24
ORD2403,2026-07-21,2815.68,56.31,0.0,2759.37
ORD2404,2026-07-26,40246.22,804.92,0.0,39441.3
ORD2405,2026-07-26,2691.55,53.83,0.0,2637.72
ORD2406,2026-07-04,42695.02,853.9,0.0,41841.12
ORD2407,2026-07-22,4908.42,98.17,0.0,4810.25
ORD2408,2026-07-16,44245.45,884.91,0.0,43360.54
ORD2409,2026-07-09,24375.38,487.51,0.0,23887.87
ORD2410,2026-07-30,36894.77,737.9,0.0,36156.87
ORD2411,2026-07-16,22965.87,459.32,0.0,22506.55
ORD2412,2026-07-09,36644.5,732.89,0.0,35911.61
ORD2413,2026-07-04,38544.18,770.88,7.71,37765.59
ORD2414,2026-07-21,32366.05,647.32,0.0,31718.73
ORD2415,2026-07-07,31041.58,372.5,0.0,30669.08
ORD2416,2026-07-06,6564.7,131.29,0.0,6433.41
ORD2417,2026-07-16,15645.29,312.91,0.0,15332.38
ORD2418,2026-07-26,11780.91,235.62,0.0,11545.29
ORD2419,2026-07-02,7216.35,144.33,1.44,7070.58
ORD2420,2026-07-17,36407.03,728.14,0.0,35678.89
ORD2421,2026-07-21,3694.85,73.9,0.0,3620.95
ORD2422,2026-07-22,37732.49,754.65,0.0,36977.84
ORD2423,2026-07-12,38283.96,765.68,0.0,37518.28
ORD2424,2026-07-19,22275.44,267.31,0.0,22008.13
ORD2425,2026-07-10,4927.39,98.55,0.0,4828.84
ORD2426,2026-07-19,6755.18,135.1,0.0,6620.08
ORD2427,2026-07-08,16182.94,323.66,0.0,15859.28
ORD2428,2026-07-16,23552.46,471.05,0.0,23081.41
ORD2429,2026-07-12,34226.7,684.53,0.0,33542.17
ORD2430,2026-07-19,12519.7,250.39,0.0,12269.31
ORD2431,2026-07-04,31093.35,621.87,0.0,30471.48
ORD2432,2026-07-11,16693.1,333.86,0.0,16359.24
ORD2433,2026-07-13,25332.96,506.66,0.0,24826.3
ORD2434,2026-07-19,31266.9,625.34,0.0,30641.56
ORD2435,2026-07-29,31119.49,622.39,0.0,30497.1
ORD2436,2026-07-14,3501.01,70.02,0.0,3430.99
ORD2437,2026-07-12,38229.46,764.59,0.0,37464.87
ORD2438,2026-07-26,33162.98,663.26,0.0,32499.72
ORD2439,2026-07-08,41170.03,823.4,0.0,40346.63
ORD2440,2026-07-02,43702.82,874.06,0.0,42828.76
ORD2441,2026-07-23,29486.34,589.73,5.9,28890.71
ORD2442,2026-07-07,24023.7,480.47,4.8,23538.43
ORD2443,2026-07-08,38870.97,777.42,0.0,38093.55
ORD2445,2026-07-04,14022.42,280.45,0.0,13741.97
ORD2446,2026-07-08,33850.24,677.0,0.0,33173.24
ORD2447,2026-07-09,1928.6,38.57,0.0,1890.03
ORD2449,2026-07-14,1069.94,21.4,0.0,1048.54
ORD2450,2026-07-16,22997.65,459.95,0.0,22537.7
ORD2451,2026-07-20,40624.25,812.49,0.0,39811.76
ORD2452,2026-07-25,29823.2,596.46,5.96,29220.78
ORD2453,2026-07-24,5461.77,109.24,0.0,5352.53
ORD2454,2026-07-18,30954.55,619.09,0.0,30335.46
ORD2455,2026-07-25,29518.73,590.37,0.0,28928.36
ORD2456,2026-07-07,16782.25,335.64,3.36,16443.25
ORD2457,2026-07-06,24945.09,498.9,0.0,24446.19
ORD2458,2026-07-13,32836.22,656.72,0.0,32179.5
ORD2459,2026-07-25,5269.03,105.38,0.0,5163.65
ORD2460,2026-07-09,34430.35,688.61,0.0,33741.74
ORD2461,2026-07-22,34347.69,686.95,0.0,33660.74
ORD2462,2026-07-29,39144.12,782.88,0.0,38361.24
ORD2463,2026-07-15,39623.71,792.47,0.0,38831.24
ORD2465,2026-07-06,28068.33,561.37,0.0,27506.96
ORD2466,2026-07-15,20593.58,411.87,0.0,20181.71
ORD2468,2026-07-08,35646.03,891.15,0.0,34754.88
ORD2469,2026-07-12,15966.17,319.32,0.0,15646.85
ORD2470,2026-07-29,14810.64,296.21,2.96,14511.47
ORD2472,2026-07-27,2914.59,58.29,0.0,2856.3
ORD2473,2026-07-16,8837.62,176.75,0.0,8660.87
ORD2474,2026-07-06,1098.64,21.97,0.0,1076.67
ORD2475,2026-07-15,33332.53,666.65,0.0,32665.88
ORD2476,2026-07-16,35878.61,717.57,0.0,35161.04
ORD2477,2026-07-14,43699.52,873.99,0.0,42825.53
ORD2478,2026-07-06,24037.06,480.74,0.0,23556.32
ORD2480,2026-07-29,7265.85,108.99,0.0,7156.86
ORD2481,2026-07-26,31187.06,623.74,0.0,30563.32
ORD2482,2026-07-24,43043.59,860.87,0.0,42182.72
ORD2483,2026-07-11,20891.17,417.82,0.0,20473.35
ORD2484,2026-07-07,40501.4,810.03,0.0,39691.37
ORD2485,2026-07-07,8348.45,166.97,0.0,8181.48
ORD2486,2026-07-28,25855.99,517.12,0.0,25338.87
ORD2487,2026-07-17,15171.55,303.43,0.0,14868.12
ORD2488,2026-07-19,38317.52,766.35,0.0,37551.17
ORD2489,2026-07-14,15840.24,316.8,0.0,15523.44
ORD2490,2026-07-15,16184.98,323.7,0.0,15861.28
ORD2491,2026-07-27,15109.52,302.19,0.0,14807.33
ORD2492,2026-07-05,11745.12,234.9,0.0,11510.22
ORD2493,2026-07-16,30488.76,609.78,0.0,29878.98
ORD2494,2026-07-16,4897.12,97.94,0.0,4799.18
ORD2495,2026-07-12,9104.69,109.26,0.0,8995.43
ORD2496,2026-07-10,36890.51,737.81,7.38,36145.32
ORD2497,2026-07-08,27192.38,543.85,0.0,26648.53
ORD2498,2026-07-03,26078.52,521.57,0.0,25556.95
ORD2499,2026-07-16,18451.5,369.03,0.0,18082.47
ORD2500,2026-07-11,29368.2,587.36,0.0,28780.84
ORD2501,2026-07-10,33775.16,675.5,0.0,33099.66
ORD2502,2026-07-03,8399.71,167.99,1.68,8230.04
ORD2503,2026-07-30,17750.96,355.02,3.55,17392.39
ORD2504,2026-07-05,8636.0,172.72,0.0,8463.28
ORD2505,2026-07-10,40829.3,1224.88,0.0,39604.42
ORD2506,2026-07-27,28352.97,567.06,5.67,27780.24
ORD2508,2026-07-17,14910.89,298.22,0.0,14612.67
ORD2509,2026-07-08,18265.36,365.31,0.0,17900.05
ORD2510,2026-07-22,33207.98,664.16,0.0,32543.82
ORD2511,2026-07-18,8815.53,176.31,0.0,8639.22
ORD2513,2026-07-28,8331.92,166.64,0.0,8165.28
ORD2514,2026-07-16,20264.77,405.3,0.0,19859.47
ORD2515,2026-07-25,18510.48,370.21,3.7,18136.57
ORD2516,2026-07-12,18340.03,366.8,0.0,17973.23
ORD2517,2026-07-03,2269.58,45.39,0.0,2224.19
ORD2518,2026-07-06,26324.3,526.49,0.0,25797.81
ORD2519,2026-07-26,21211.49,424.23,0.0,20787.26
ORD2520,2026-07-16,30189.15,603.78,0.0,29585.37
ORD2521,2026-07-06,42329.2,846.58,0.0,41482.62
ORD2522,2026-07-03,16718.37,334.37,0.0,16384.0
ORD2523,2026-07-06,5072.82,101.46,0.0,4971.36
ORD2524,2026-07-20,16308.98,326.18,0.0,15982.8
ORD2525,2026-07-26,35069.41,420.83,0.0,34648.58
ORD2526,2026-07-09,16422.66,328.45,0.0,16094.21
ORD2527,2026-07-26,17888.33,357.77,0.0,17530.56
ORD2528,2026-07-28,29338.46,586.77,0.0,28751.69
ORD2529,2026-07-16,30241.24,604.82,0.0,29636.42
ORD2530,2026-07-04,24089.03,481.78,0.0,23607.25
ORD2531,2026-07-14,15815.7,316.31,0.0,15499.39
ORD2532,2026-07-08,21261.76,425.24,0.0,20836.52
ORD2533,2026-07-16,24633.25,492.67,0.0,24140.58
ORD2534,2026-07-07,25718.86,514.38,5.14,25199.34
ORD2535,2026-07-19,4410.38,88.21,0.0,4322.17
ORD2536,2026-07-20,18093.42,361.87,0.0,17731.55
ORD2537,2026-07-05,37513.99,750.28,0.0,36763.71
ORD2538,2026-07-16,34454.0,689.08,0.0,33764.92
ORD2539,2026-07-13,44636.36,1339.09,0.0,43297.27
ORD2540,2026-07-13,43013.62,860.27,8.6,42144.75
ORD2541,2026-07-22,22778.27,455.57,0.0,22322.7
ORD2542,2026-07-09,37470.95,749.42,0.0,36721.53
ORD2543,2026-07-28,6434.89,128.7,0.0,6306.19
ORD2545,2026-07-22,30518.67,610.37,0.0,29908.3
ORD2546,2026-07-06,6181.24,123.62,0.0,6057.62
ORD2547,2026-07-16,28485.44,569.71,0.0,27915.73
ORD2548,2026-07-05,32389.98,647.8,0.0,31742.18
ORD2549,2026-07-17,14818.4,296.37,0.0,14522.03
ORD2551,2026-07-15,4665.59,139.97,0.0,4525.62
ORD2552,2026-07-12,10856.21,217.12,2.17,10636.92
ORD2553,2026-07-10,44882.03,897.64,0.0,43984.39
ORD2555,2026-07-23,42213.94,506.57,0.0,41707.37
ORD2556,2026-07-29,4178.93,83.58,0.84,4094.51
ORD2557,2026-07-12,22565.71,451.31,4.51,22109.89
ORD2558,2026-07-23,4215.21,84.3,0.0,4130.91
ORD2559,2026-07-07,18523.66,555.71,0.0,17967.95
ORD2560,2026-07-24,36895.94,737.92,7.38,36150.64
ORD2561,2026-07-06,1255.88,25.12,0.0,1230.76
ORD2562,2026-07-21,2389.61,47.79,0.48,2341.34
ORD2563,2026-07-18,43833.89,876.68,0.0,42957.21
ORD2564,2026-07-29,32551.33,651.03,0.0,31900.3
ORD2565,2026-07-25,4688.97,93.78,0.0,4595.19
ORD2566,2026-07-28,42665.19,853.3,0.0,41811.89
ORD2567,2026-07-17,5275.92,105.52,0.0,5170.4
ORD2568,2026-07-12,32437.03,648.74,0.0,31788.29
ORD2570,2026-07-08,20076.63,401.53,4.02,19671.08
ORD2571,2026-07-06,10328.81,206.58,0.0,10122.23
ORD2572,2026-07-07,32368.14,647.36,0.0,31720.78
ORD2573,2026-07-03,36907.79,738.16,0.0,36169.63
ORD2574,2026-07-11,25644.06,769.32,0.0,24874.74
ORD2575,2026-07-13,41403.29,828.07,0.0,40575.22
ORD2576,2026-07-07,35398.87,707.98,0.0,34690.89
ORD2577,2026-07-18,7417.02,148.34,0.0,7268.68
ORD2578,2026-07-18,35893.22,717.86,0.0,35175.36
ORD2579,2026-07-15,43678.58,873.57,0.0,42805.01
ORD2580,2026-07-12,19193.08,383.86,3.84,18805.38
ORD2582,2026-07-14,21398.95,427.98,0.0,20970.97
ORD2583,2026-07-29,31161.08,467.42,0.0,30693.66
ORD2584,2026-07-16,1645.75,32.91,0.0,1612.84
ORD2585,2026-07-24,40607.64,812.15,0.0,39795.49
ORD2586,2026-07-10,3401.22,68.02,0.0,3333.2
ORD2587,2026-07-27,15948.27,191.38,0.0,15756.89
ORD2589,2026-07-28,22965.71,459.31,0.0,22506.4
ORD2590,2026-07-27,39553.2,791.06,0.0,38762.14
ORD2591,2026-07-05,14140.51,282.81,0.0,13857.7
ORD2592,2026-07-23,33807.53,1014.23,0.0,32793.3
ORD2594,2026-07-09,7078.12,141.56,0.0,6936.56
ORD2595,2026-07-03,20919.05,418.38,0.0,20500.67
ORD2596,2026-07-24,1417.56,28.35,0.0,1389.21
ORD2597,2026-07-26,39168.82,783.38,0.0,38385.44
ORD2598,2026-07-13,38730.24,774.6,7.75,37947.89
ORD2599,2026-07-12,24073.2,481.46,0.0,23591.74
ORD2600,2026-07-16,28409.14,568.18,0.0,27840.96
ORD2601,2026-07-26,16653.31,333.07,0.0,16320.24
ORD2602,2026-07-20,10790.6,215.81,0.0,10574.79
ORD2603,2026-07-25,25663.92,513.28,5.13,25145.51
ORD2604,2026-07-11,29713.49,594.27,0.0,29119.22
ORD2605,2026-07-21,24055.14,481.1,0.0,23574.04
ORD2606,2026-07-19,27160.15,543.2,0.0,26616.95
ORD2607,2026-07-28,25175.0,503.5,0.0,24671.5
ORD2608,2026-07-16,3622.8,72.46,0.0,3550.34
ORD2609,2026-07-15,4428.31,88.57,0.0,4339.74
ORD2610,2026-07-25,26735.75,534.72,0.0,26201.03
ORD2611,2026-07-22,13876.24,277.52,0.0,13598.72
ORD2612,2026-07-02,43748.62,874.97,0.0,42873.65
ORD2613,2026-07-09,10764.43,215.29,0.0,10549.14
ORD2614,2026-07-06,31332.62,626.65,0.0,30705.97
ORD2615,2026-07-16,5258.68,105.17,0.0,5153.51
ORD2616,2026-07-17,9007.1,180.14,0.0,8826.96
ORD2617,2026-07-16,6928.01,138.56,0.0,6789.45
ORD2618,2026-07-25,31646.96,632.94,0.0,31014.02
ORD2619,2026-07-25,18468.32,369.37,0.0,18098.95
ORD2620,2026-07-17,9976.02,199.52,2.0,9774.5
ORD2621,2026-07-30,14898.8,297.98,0.0,14600.82
ORD2622,2026-07-14,24577.7,491.55,0.0,24086.15
ORD2624,2026-07-09,9076.7,181.53,0.0,8895.17
ORD2625,2026-07-15,29449.45,588.99,0.0,28860.46
ORD2626,2026-07-03,10287.23,205.74,0.0,10081.49
ORD2627,2026-07-06,28884.28,577.69,0.0,28306.59
ORD2628,2026-07-24,36110.46,722.21,0.0,35388.25
ORD2629,2026-07-17,3098.13,61.96,0.62,3035.55
ORD2630,2026-07-24,20847.89,416.96,0.0,20430.93
ORD2631,2026-07-13,38399.01,767.98,0.0,37631.03
ORD2632,2026-07-05,34425.38,688.51,0.0,33736.87
ORD2633,2026-07-03,39359.28,787.19,0.0,38572.09
ORD2634,2026-07-09,7493.46,149.87,0.0,7343.59
ORD2635,2026-07-03,8777.86,175.56,0.0,8602.3
ORD2636,2026-07-15,33507.37,670.15,0.0,32837.22
ORD2637,2026-07-11,28909.73,578.19,0.0,28331.54
ORD2638,2026-07-11,40587.56,811.75,0.0,39775.81
ORD2639,2026-07-08,37595.69,563.94,0.0,37031.75
ORD2640,2026-07-18,1414.52,28.29,0.0,1386.23
ORD2641,2026-07-08,19039.64,380.79,3.81,18655.04
ORD2642,2026-07-04,35477.96,709.56,0.0,34768.4
ORD2643,2026-07-27,6295.6,125.91,0.0,6169.69
ORD2644,2026-07-05,32064.81,641.3,0.0,31423.51
ORD2645,2026-07-16,11501.04,230.02,2.3,11268.72
ORD2646,2026-07-14,27638.34,552.77,5.53,27080.04
ORD2647,2026-07-20,2278.35,45.57,0.0,2232.78
ORD2648,2026-07-06,17399.8,348.0,0.0,17051.8
ORD2649,2026-07-21,40977.69,819.55,0.0,40158.14
ORD2650,2026-07-21,35944.77,718.9,0.0,35225.87
ORD2651,2026-07-21,41871.45,837.43,0.0,41034.02
ORD2652,2026-07-20,14060.37,168.72,0.0,13891.65
ORD2653,2026-07-25,41750.32,835.01,0.0,40915.31
ORD2654,2026-07-14,31252.58,625.05,0.0,30627.53
ORD2655,2026-07-26,36522.67,730.45,0.0,35792.22
ORD2656,2026-07-22,9009.38,180.19,0.0,8829.19
ORD2657,2026-07-13,23681.63,473.63,0.0,23208.0
ORD2658,2026-07-04,19125.13,382.5,0.0,18742.63
ORD2659,2026-07-21,8487.33,212.18,0.0,8275.15
ORD2660,2026-07-20,35513.67,710.27,0.0,34803.4
ORD2661,2026-07-14,13194.74,263.89,0.0,12930.85
ORD2662,2026-07-17,11871.9,178.08,0.0,11693.82
ORD2663,2026-07-17,31689.43,633.79,0.0,31055.64
ORD2664,2026-07-23,5735.14,114.7,0.0,5620.44
ORD2666,2026-07-03,15449.64,308.99,0.0,15140.65
ORD2667,2026-07-25,10425.68,208.51,2.09,10215.08
ORD2668,2026-07-28,3562.97,42.76,0.0,3520.21
ORD2670,2026-07-14,11618.78,232.38,0.0,11386.4
ORD2671,2026-07-07,34836.31,696.73,0.0,34139.58
ORD2672,2026-07-17,34786.73,695.73,0.0,34091.0
ORD2673,2026-07-13,20437.25,408.75,0.0,20028.5
ORD2674,2026-07-11,26893.85,537.88,0.0,26355.97
ORD2675,2026-07-08,40384.35,1009.61,0.0,39374.74
ORD2676,2026-07-13,565.23,11.3,0.0,553.93
ORD2678,2026-07-19,16868.06,337.36,0.0,16530.7
ORD2679,2026-07-11,31998.65,639.97,0.0,31358.68
ORD2680,2026-07-06,12216.58,244.33,0.0,11972.25
ORD2681,2026-07-12,41949.01,838.98,0.0,41110.03
ORD2682,2026-07-27,918.82,27.56,0.0,891.26
ORD2683,2026-07-02,9058.19,181.16,0.0,8877.03
ORD2684,2026-07-20,21526.82,430.54,0.0,21096.28
ORD2685,2026-07-08,36712.22,734.24,0.0,35977.98
ORD2686,2026-07-04,24685.01,493.7,4.94,24186.37
ORD2688,2026-07-20,8994.45,179.89,0.0,8814.56
ORD2689,2026-07-02,43676.52,873.53,0.0,42802.99
ORD2690,2026-07-22,41983.62,1259.51,0.0,40724.11
ORD2691,2026-07-07,43769.74,875.39,0.0,42894.35
ORD2692,2026-07-28,29434.09,588.68,0.0,28845.41
ORD2693,2026-07-24,8992.87,179.86,0.0,8813.01
ORD2695,2026-07-20,2277.32,45.55,0.0,2231.77
ORD2696,2026-07-11,13740.92,412.23,0.0,13328.69
ORD2697,2026-07-18,44134.17,882.68,8.83,43242.66
ORD2698,2026-07-20,21916.98,438.34,0.0,21478.64
ORD2699,2026-07-07,31456.89,629.14,0.0,30827.75
ORD2700,2026-07-05,13159.51,263.19,0.0,12896.32
ORD2701,2026-07-04,25998.24,519.96,0.0,25478.28
ORD2702,2026-07-12,28255.6,565.11,0.0,27690.49
ORD2703,2026-07-24,28161.89,563.24,0.0,27598.65
ORD2704,2026-07-06,33727.47,674.55,0.0,33052.92
ORD2705,2026-07-13,2002.08,40.04,0.0,1962.04
ORD2706,2026-07-26,11687.55,233.75,0.0,11453.8
ORD2707,2026-07-30,18771.25,375.43,0.0,18395.82
ORD2708,2026-07-24,31456.72,786.42,0.0,30670.3
ORD2711,2026-07-06,11577.59,231.55,0.0,11346.04
ORD2712,2026-07-19,3705.57,74.11,0.0,3631.46
ORD2713,2026-07-28,22869.77,571.74,0.0,22298.03
ORD2714,2026-07-03,18897.61,377.95,0.0,18519.66
ORD2715,2026-07-16,10210.13,204.2,0.0,10005.93
ORD2716,2026-07-16,28833.14,576.66,0.0,28256.48
ORD2717,2026-07-21,21830.75,436.62,0.0,21394.13
ORD2718,2026-07-30,30030.51,600.61,0.0,29429.9
ORD2719,2026-07-14,22500.74,562.52,0.0,21938.22
ORD2720,2026-07-07,29213.17,584.26,0.0,28628.91
ORD2721,2026-07-15,6144.23,122.88,0.0,6021.35
ORD2722,2026-07-23,35568.79,711.38,0.0,34857.41
ORD2723,2026-07-03,2201.4,44.03,0.0,2157.37
ORD2724,2026-07-23,22859.13,457.18,0.0,22401.95
ORD2725,2026-07-04,6625.48,132.51,0.0,6492.97
ORD2726,2026-07-25,25900.89,518.02,0.0,25382.87
ORD2727,2026-07-07,23909.13,478.18,4.78,23426.17
ORD2728,2026-07-05,15273.66,305.47,0.0,14968.19
ORD2729,2026-07-27,723.66,14.47,0.0,709.19
ORD2730,2026-07-14,7923.2,237.7,0.0,7685.5
ORD2731,2026-07-20,31899.67,637.99,0.0,31261.68
ORD2732,2026-07-12,36806.06,736.12,0.0,36069.94
ORD2733,2026-07-04,41521.43,830.43,0.0,40691.0
ORD2734,2026-07-10,8687.32,173.75,0.0,8513.57
ORD2735,2026-07-07,14341.64,286.83,0.0,14054.81
ORD2736,2026-07-08,39016.68,780.33,0.0,38236.35
ORD2737,2026-07-17,31291.24,625.82,0.0,30665.42
ORD2738,2026-07-10,32560.04,976.8,0.0,31583.24
ORD2739,2026-07-30,23085.46,461.71,0.0,22623.75
ORD2740,2026-07-14,42668.68,853.37,0.0,41815.31
ORD2741,2026-07-18,29890.06,597.8,0.0,29292.26
ORD2742,2026-07-11,35978.05,719.56,0.0,35258.49
ORD2743,2026-07-07,10128.1,202.56,0.0,9925.54
ORD2744,2026-07-06,29395.94,587.92,0.0,28808.02
ORD2745,2026-07-19,8127.24,162.54,0.0,7964.7
ORD2746,2026-07-06,16676.11,333.52,0.0,16342.59
ORD2747,2026-07-13,39566.01,791.32,0.0,38774.69
ORD2748,2026-07-07,11076.66,221.53,0.0,10855.13
ORD2749,2026-07-27,23599.48,471.99,0.0,23127.49
ORD2750,2026-07-29,37610.22,752.2,0.0,36858.02
ORD2751,2026-07-17,33018.2,660.36,0.0,32357.84
ORD2752,2026-07-15,33499.85,837.5,0.0,32662.35
ORD2753,2026-07-20,8725.71,174.51,0.0,8551.2
ORD2754,2026-07-05,2181.75,43.63,0.0,2138.12
ORD2755,2026-07-16,23501.78,470.04,0.0,23031.74
ORD2757,2026-07-27,20626.01,412.52,0.0,20213.49
ORD2758,2026-07-25,33062.52,991.88,0.0,32070.64
ORD2759,2026-07-16,12645.12,252.9,0.0,12392.22
ORD2760,2026-07-15,33479.08,669.58,0.0,32809.5
ORD2761,2026-07-27,13819.56,276.39,0.0,13543.17
ORD2762,2026-07-16,20144.04,402.88,0.0,19741.16
ORD2763,2026-07-11,33672.73,841.82,0.0,32830.91
ORD2764,2026-07-24,24096.46,481.93,4.82,23609.71
ORD2765,2026-07-27,31881.36,637.63,0.0,31243.73
ORD2766,2026-07-15,28550.37,571.01,5.71,27973.65
ORD2767,2026-07-15,1544.66,30.89,0.0,1513.77
ORD2768,2026-07-19,22538.64,450.77,0.0,22087.87
ORD2769,2026-07-05,33580.35,671.61,0.0,32908.74
ORD2770,2026-07-10,6353.99,127.08,0.0,6226.91
ORD2771,2026-07-05,28290.87,565.82,0.0,27725.05
ORD2772,2026-07-06,5039.97,100.8,0.0,4939.17
ORD2773,2026-07-23,21447.47,428.95,0.0,21018.52
ORD2774,2026-07-21,38941.02,778.82,0.0,38162.2
ORD2775,2026-07-17,9866.58,197.33,0.0,9669.25
ORD2778,2026-07-24,43753.44,875.07,0.0,42878.37
ORD2779,2026-07-15,10400.88,208.02,0.0,10192.86
ORD2780,2026-07-17,10268.73,205.37,0.0,10063.36
ORD2781,2026-07-18,5414.75,108.3,0.0,5306.45
ORD2782,2026-07-24,4368.61,87.37,0.87,4280.37
ORD2783,2026-07-14,27800.84,556.02,0.0,27244.82
ORD2784,2026-07-13,36406.3,728.13,0.0,35678.17
ORD2785,2026-07-17,16773.63,335.47,0.0,16438.16
ORD2786,2026-07-24,16801.97,336.04,0.0,16465.93
ORD2788,2026-07-17,18121.91,362.44,3.62,17755.85
ORD2789,2026-07-19,30256.1,605.12,0.0,29650.98
ORD2790,2026-07-17,30305.41,454.58,0.0,29850.83
ORD2791,2026-07-03,32526.36,650.53,0.0,31875.83
ORD2792,2026-07-13,18259.73,365.19,0.0,17894.54
ORD2793,2026-07-09,3413.94,68.28,0.0,3345.66
ORD2794,2026-07-11,18296.09,365.92,0.0,17930.17
ORD2795,2026-07-03,6353.58,127.07,0.0,6226.51
ORD2796,2026-07-13,40987.21,819.74,0.0,40167.47
ORD2797,2026-07-12,36548.59,730.97,0.0,35817.62
ORD2798,2026-07-14,31878.87,637.58,0.0,31241.29
ORD2799,2026-07-05,39121.11,782.42,0.0,38338.69
ORD2800,2026-07-16,33614.02,672.28,6.72,32935.02
ORD2801,2026-07-25,5884.38,117.69,0.0,5766.69
ORD2802,2026-07-19,14427.9,288.56,0.0,14139.34
ORD2803,2026-07-14,12637.87,252.76,0.0,12385.11
ORD2804,2026-07-29,13623.49,272.47,0.0,13351.02
ORD2806,2026-07-21,37449.31,748.99,0.0,36700.32
ORD2808,2026-07-29,3362.94,67.26,0.0,3295.68
ORD2810,2026-07-04,6029.98,120.6,0.0,5909.38
ORD2811,2026-07-22,19970.47,399.41,0.0,19571.06
ORD2812,2026-07-04,11412.51,228.25,0.0,11184.26
ORD2814,2026-07-07,13369.89,267.4,0.0,13102.49
ORD2815,2026-07-14,14011.43,280.23,2.8,13728.4
ORD2816,2026-07-24,3386.93,67.74,0.0,3319.19
ORD2817,2026-07-06,44189.16,883.78,0.0,43305.38
ORD2818,2026-07-11,2933.98,58.68,0.0,2875.3
ORD2819,2026-07-05,38874.62,777.49,0.0,38097.13
ORD2820,2026-07-28,23431.74,468.63,4.69,22958.42
ORD2821,2026-07-20,19362.59,387.25,0.0,18975.34
ORD2822,2026-07-15,25169.9,503.4,0.0,24666.5
ORD2823,2026-07-02,12271.03,245.42,0.0,12025.61
ORD2824,2026-07-30,25914.81,518.3,0.0,25396.51
ORD2825,2026-07-14,23308.36,279.7,0.0,23028.66
ORD2826,2026-07-18,33756.88,675.14,0.0,33081.74
ORD2827,2026-07-22,20400.51,408.01,0.0,19992.5
ORD2828,2026-07-11,11232.68,224.65,0.0,11008.03
ORD2829,2026-07-05,40895.8,817.92,0.0,40077.88
ORD2830,2026-07-24,2911.12,58.22,0.0,2852.9
ORD2831,2026-07-27,19798.97,395.98,0.0,19402.99
ORD2832,2026-07-04,40614.58,812.29,0.0,39802.29
ORD2833,2026-07-07,18709.45,374.19,0.0,18335.26
ORD2834,2026-07-03,34581.77,691.64,0.0,33890.13
ORD2835,2026-07-11,16014.29,320.29,0.0,15694.0
ORD2836,2026-07-04,42606.86,852.14,0.0,41754.72
ORD2838,2026-07-24,12477.41,249.55,0.0,12227.86
ORD2839,2026-07-04,33162.45,663.25,0.0,32499.2
ORD2840,2026-07-09,11808.32,236.17,0.0,11572.15
ORD2842,2026-07-07,7612.4,152.25,1.52,7458.63
ORD2843,2026-07-06,36142.09,722.84,0.0,35419.25
ORD2844,2026-07-09,31108.16,622.16,0.0,30486.0
ORD2845,2026-07-15,38377.25,767.55,0.0,37609.7
ORD2846,2026-07-16,8224.62,164.49,0.0,8060.13
ORD2847,2026-07-08,11960.77,239.22,0.0,11721.55
ORD2848,2026-07-06,26983.95,539.68,0.0,26444.27
ORD2849,2026-07-07,44320.56,886.41,0.0,43434.15
ORD2850,2026-07-07,39131.86,782.64,0.0,38349.22
ORD2852,2026-07-25,29084.98,581.7,0.0,28503.28
ORD2853,2026-07-27,44046.1,880.92,0.0,43165.18
ORD2855,2026-07-17,6444.75,128.9,0.0,6315.85
ORD2856,2026-07-13,33555.81,671.12,0.0,32884.69
ORD2857,2026-07-20,38167.92,763.36,0.0,37404.56
ORD2858,2026-07-23,1195.09,23.9,0.0,1171.19
ORD2859,2026-07-14,10286.58,205.73,0.0,10080.85
ORD2860,2026-07-28,19855.62,397.11,0.0,19458.51
ORD2861,2026-07-11,44803.59,896.07,0.0,43907.52
ORD2862,2026-07-22,7137.99,142.76,0.0,6995.23
ORD2863,2026-07-10,31463.05,629.26,0.0,30833.79
ORD2864,2026-07-13,39088.19,781.76,0.0,38306.43
ORD2865,2026-07-07,22979.65,459.59,0.0,22520.06
ORD2866,2026-07-17,22793.69,455.87,0.0,22337.82
ORD2867,2026-07-13,26163.92,523.28,0.0,25640.64
ORD2869,2026-07-21,28594.27,571.89,0.0,28022.38
ORD2870,2026-07-07,41430.12,621.45,0.0,40808.67
ORD2871,2026-07-13,12903.16,258.06,0.0,12645.1
ORD2872,2026-07-07,10178.65,203.57,0.0,9975.08
ORD2873,2026-07-09,26424.9,528.5,0.0,25896.4
ORD2874,2026-07-28,15934.82,318.7,0.0,15616.12
ORD2875,2026-07-18,14799.36,295.99,0.0,14503.37
ORD2876,2026-07-05,2933.3,58.67,0.0,2874.63
ORD2877,2026-07-19,42848.08,856.96,0.0,41991.12
ORD2878,2026-07-22,37272.18,1118.17,0.0,36154.01
ORD2879,2026-07-28,33054.19,661.08,0.0,32393.11
ORD2880,2026-07-07,524.8,10.5,0.0,514.3
ORD2881,2026-07-20,22524.54,450.49,0.0,22074.05
ORD2882,2026-07-26,29605.32,355.26,0.0,29250.06
ORD2883,2026-07-22,40281.52,805.63,0.0,39475.89
ORD2884,2026-07-25,35986.24,719.72,0.0,35266.52
ORD2885,2026-07-02,4522.12,67.83,0.0,4454.29
ORD2886,2026-07-17,10810.2,216.2,0.0,10594.0
ORD2887,2026-07-07,4171.47,83.43,0.0,4088.04
ORD2888,2026-07-26,20554.33,411.09,0.0,20143.24
ORD2889,2026-07-08,26625.97,532.52,0.0,26093.45
ORD2890,2026-07-16,39625.74,792.51,0.0,38833.23
ORD2891,2026-07-15,20543.85,410.88,0.0,20132.97
ORD2892,2026-07-15,1046.06,20.92,0.0,1025.14
ORD2893,2026-07-20,33662.15,673.24,0.0,32988.91
ORD2894,2026-07-25,40481.91,809.64,0.0,39672.27
ORD2895,2026-07-30,34367.55,687.35,0.0,33680.2
ORD2896,2026-07-18,26166.58,523.33,0.0,25643.25
ORD2897,2026-07-24,24751.62,495.03,0.0,24256.59
ORD2899,2026-07-25,3149.4,62.99,0.0,3086.41
ORD2900,2026-07-13,2371.96,47.44,0.0,2324.52
ORD2901,2026-07-10,32231.95,644.64,0.0,31587.31
ORD2902,2026-07-27,18280.78,365.62,0.0,17915.16
ORD2903,2026-07-06,33811.29,676.23,0.0,33135.06
ORD2904,2026-07-27,19629.44,392.59,0.0,19236.85
ORD2905,2026-07-12,25053.74,501.07,0.0,24552.67
ORD2906,2026-07-21,28695.15,573.9,0.0,28121.25
ORD2907,2026-07-14,31439.2,785.98,0.0,30653.22
ORD2908,2026-07-07,3699.78,74.0,0.0,3625.78
ORD2909,2026-07-29,11144.11,222.88,0.0,10921.23
ORD2910,2026-07-26,25370.31,507.41,0.0,24862.9
ORD2911,2026-07-11,16184.11,323.68,0.0,15860.43
ORD2912,2026-07-06,38589.87,771.8,0.0,37818.07
ORD2913,2026-07-10,4328.53,86.57,0.0,4241.96
ORD2914,2026-07-19,12979.51,259.59,0.0,12719.92
ORD2915,2026-07-26,35636.93,712.74,0.0,34924.19
ORD2916,2026-07-17,1826.68,36.53,0.0,1790.15
ORD2917,2026-07-08,22395.45,447.91,0.0,21947.54
ORD2918,2026-07-24,24944.7,498.89,0.0,24445.81
ORD2919,2026-07-03,32298.13,645.96,0.0,31652.17
ORD2920,2026-07-08,29645.36,592.91,0.0,29052.45
ORD2921,2026-07-19,35405.29,708.11,0.0,34697.18
ORD2922,2026-07-27,44547.8,890.96,0.0,43656.84
ORD2923,2026-07-17,35830.23,716.6,0.0,35113.63
ORD2924,2026-07-25,28390.12,567.8,0.0,27822.32
ORD2925,2026-07-11,35337.55,706.75,0.0,34630.8
ORD2926,2026-07-08,26140.56,522.81,0.0,25617.75
ORD2927,2026-07-26,719.26,14.39,0.0,704.87
ORD2928,2026-07-24,35874.57,717.49,0.0,35157.08
ORD2929,2026-07-23,682.04,13.64,0.0,668.4
ORD2930,2026-07-27,5195.32,103.91,0.0,5091.41
ORD2931,2026-07-24,34177.39,683.55,0.0,33493.84
ORD2932,2026-07-28,26882.77,537.66,0.0,26345.11
ORD2933,2026-07-12,11010.49,220.21,0.0,10790.28
ORD2934,2026-07-20,17932.14,358.64,0.0,17573.5
ORD2935,2026-07-28,14165.65,283.31,0.0,13882.34
ORD2936,2026-07-20,936.07,18.72,0.0,917.35
ORD2937,2026-07-10,36724.52,734.49,0.0,35990.03
ORD2938,2026-07-02,26373.83,527.48,0.0,25846.35
ORD2939,2026-07-04,1546.8,38.67,0.0,1508.13
ORD2940,2026-07-04,31680.8,792.02,0.0,30888.78
ORD2941,2026-07-03,7179.45,143.59,0.0,7035.86
ORD2942,2026-07-08,10436.91,208.74,0.0,10228.17
ORD2943,2026-07-04,22269.41,445.39,0.0,21824.02
ORD2944,2026-07-10,29778.66,595.57,0.0,29183.09
ORD2945,2026-07-28,44167.49,883.35,0.0,43284.14
ORD2946,2026-07-12,35272.22,705.44,0.0,34566.78
ORD2947,2026-07-18,23432.1,468.64,0.0,22963.46
ORD2948,2026-07-21,27196.6,543.93,0.0,26652.67
ORD2949,2026-07-16,6339.88,126.8,0.0,6213.08
ORD2950,2026-07-25,43957.11,879.14,0.0,43077.97
ORD2951,2026-07-16,42871.74,857.43,0.0,42014.31
ORD2952,2026-07-24,40142.43,802.85,0.0,39339.58
ORD2953,2026-07-07,33534.46,670.69,0.0,32863.77
ORD2954,2026-07-29,19367.5,290.51,0.0,19076.99
ORD2955,2026-07-12,21768.03,435.36,0.0,21332.67
ORD2956,2026-07-08,34880.92,697.62,0.0,34183.3
ORD2957,2026-07-22,33171.38,497.57,0.0,32673.81
ORD2958,2026-07-26,4626.29,92.53,0.0,4533.76
ORD2959,2026-07-18,1132.91,22.66,0.0,1110.25
ORD2960,2026-07-17,2957.47,59.15,0.0,2898.32
ORD2962,2026-07-02,12584.44,251.69,0.0,12332.75
ORD2963,2026-07-14,15182.08,303.64,0.0,14878.44
ORD2964,2026-07-28,26082.56,521.65,0.0,25560.91
ORD2965,2026-07-03,16651.9,333.04,0.0,16318.86
ORD2966,2026-07-27,42010.12,840.2,0.0,41169.92
ORD2967,2026-07-07,14994.67,299.89,0.0,14694.78
ORD2968,2026-07-11,32319.7,646.39,0.0,31673.31
ORD2969,2026-07-07,8573.61,171.47,0.0,8402.14
ORD2970,2026-07-13,39801.43,796.03,0.0,39005.4
ORD2971,2026-07-25,1828.75,36.58,0.0,1792.17
ORD2972,2026-07-09,6037.67,120.75,0.0,5916.92
ORD2973,2026-07-16,12125.39,242.51,0.0,11882.88
ORD2974,2026-07-03,6033.03,120.66,0.0,5912.37
ORD2976,2026-07-15,34281.43,685.63,0.0,33595.8
ORD2977,2026-07-04,38821.82,776.44,0.0,38045.38
ORD2978,2026-07-30,28579.86,571.6,0.0,28008.26
ORD2979,2026-07-24,11948.06,238.96,0.0,11709.1
ORD2980,2026-07-10,33461.07,669.22,0.0,32791.85
ORD2982,2026-07-09,18905.97,378.12,0.0,18527.85
ORD2983,2026-07-08,11611.19,232.22,0.0,11378.97
ORD2984,2026-07-16,19085.43,381.71,3.82,18699.9
ORD2985,2026-07-03,37090.74,741.81,0.0,36348.93
ORD2986,2026-07-04,20145.2,402.9,0.0,19742.3
ORD2987,2026-07-22,1440.31,28.81,0.0,1411.5
ORD2988,2026-07-28,35559.32,711.19,0.0,34848.13
ORD2989,2026-07-17,34275.39,685.51,0.0,33589.88
ORD2990,2026-07-27,6182.89,123.66,0.0,6059.23
ORD2991,2026-07-19,3873.92,77.48,0.0,3796.44
ORD2992,2026-07-28,15806.07,316.12,0.0,15489.95
ORD2993,2026-07-26,21596.73,431.93,0.0,21164.8
ORD2995,2026-07-17,39050.62,781.01,7.81,38261.8
ORD2996,2026-07-23,24636.01,492.72,0.0,24143.29
ORD2999,2026-07-09,44864.22,897.28,0.0,43966.94
ORD3000,2026-07-08,43407.77,868.16,8.68,42530.93
ORD3001,2026-07-09,24734.14,494.68,0.0,24239.46
ORD3002,2026-07-09,40665.88,813.32,8.13,39844.43
ORD3003,2026-07-17,30001.39,600.03,0.0,29401.36
ORD3004,2026-07-10,19669.0,393.38,0.0,19275.62
ORD3006,2026-07-09,30494.78,609.9,6.1,29878.78
ORD3007,2026-07-18,9372.3,187.45,0.0,9184.85
ORD3008,2026-07-19,19515.07,390.3,0.0,19124.77
ORD3009,2026-07-07,8579.69,171.59,0.0,8408.1
ORD3010,2026-07-15,15224.72,304.49,0.0,14920.23
ORD3011,2026-07-19,21906.25,438.12,0.0,21468.13
ORD3012,2026-07-16,14789.32,295.79,0.0,14493.53
ORD3013,2026-07-08,31331.91,626.64,6.27,30699.0
ORD3014,2026-07-11,4221.84,84.44,0.0,4137.4
ORD3015,2026-07-18,10896.93,163.45,0.0,10733.48
ORD3016,2026-07-07,10558.36,211.17,0.0,10347.19
ORD3017,2026-07-17,12609.59,252.19,0.0,12357.4
ORD3018,2026-07-09,31218.85,624.38,0.0,30594.47
ORD3019,2026-07-08,41578.18,831.56,0.0,40746.62
ORD3020,2026-07-23,43672.69,873.45,0.0,42799.24
ORD3021,2026-07-10,44800.63,896.01,0.0,43904.62
ORD3022,2026-07-17,37155.3,743.11,0.0,36412.19
ORD3023,2026-07-26,10837.25,216.75,0.0,10620.5
ORD3024,2026-07-21,20936.04,418.72,0.0,20517.32
ORD3025,2026-07-10,25898.46,517.97,0.0,25380.49
ORD3026,2026-07-17,32478.56,649.57,0.0,31828.99
ORD3027,2026-07-17,22959.39,459.19,0.0,22500.2
ORD3028,2026-07-14,32045.29,640.91,0.0,31404.38
ORD3029,2026-07-17,17258.56,207.1,0.0,17051.46
ORD3030,2026-07-11,5326.66,106.53,0.0,5220.13
ORD3031,2026-07-26,41077.64,1232.33,0.0,39845.31
ORD3032,2026-07-21,18444.17,553.33,0.0,17890.84
ORD3033,2026-07-10,40075.81,801.52,8.02,39266.27
ORD3034,2026-07-26,36669.95,733.4,0.0,35936.55
ORD3035,2026-07-25,25402.5,508.05,0.0,24894.45
ORD3036,2026-07-23,850.4,17.01,0.0,833.39
ORD3037,2026-07-26,12034.62,180.52,0.0,11854.1
ORD3038,2026-07-02,17699.96,531.0,0.0,17168.96
ORD3039,2026-07-28,6891.05,137.82,0.0,6753.23
ORD3040,2026-07-24,12787.0,255.74,0.0,12531.26
ORD3041,2026-07-11,5056.52,101.13,0.0,4955.39
ORD3042,2026-07-10,29595.83,591.92,0.0,29003.91
ORD3043,2026-07-24,2003.83,40.08,0.0,1963.75
ORD3044,2026-07-21,29490.81,589.82,0.0,28900.99
ORD3045,2026-07-24,18374.58,275.62,0.0,18098.96
ORD3046,2026-07-27,28303.48,566.07,0.0,27737.41
ORD3047,2026-07-24,5732.91,114.66,0.0,5618.25
ORD3048,2026-07-08,42587.69,851.75,0.0,41735.94
ORD3049,2026-07-11,33602.27,672.05,0.0,32930.22
ORD3050,2026-07-26,27550.7,330.61,0.0,27220.09
ORD3051,2026-07-12,3311.63,66.23,0.0,3245.4
ORD3052,2026-07-30,41258.58,825.17,0.0,40433.41
ORD3053,2026-07-07,15602.77,312.06,0.0,15290.71
ORD3054,2026-07-30,43738.84,874.78,0.0,42864.06
ORD3055,2026-07-08,37610.73,752.21,0.0,36858.52
ORD3056,2026-07-04,36747.96,734.96,0.0,36013.0
ORD3057,2026-07-25,24895.81,497.92,0.0,24397.89
ORD3058,2026-07-24,43991.12,879.82,0.0,43111.3
ORD3059,2026-07-09,4020.0,80.4,0.0,3939.6
ORD3060,2026-07-04,25037.17,500.74,0.0,24536.43
ORD3061,2026-07-25,19904.37,398.09,0.0,19506.28
ORD3062,2026-07-05,7916.76,158.34,0.0,7758.42
ORD3063,2026-07-30,26370.7,527.41,0.0,25843.29
ORD3064,2026-07-17,25091.46,501.83,0.0,24589.63
ORD3065,2026-07-17,43632.89,872.66,0.0,42760.23
ORD3066,2026-07-05,33312.94,666.26,0.0,32646.68
ORD3067,2026-07-03,29654.97,593.1,0.0,29061.87
ORD3068,2026-07-18,38000.79,760.02,0.0,37240.77
ORD3069,2026-07-22,1642.54,32.85,0.0,1609.69
ORD3070,2026-07-09,14342.63,286.85,0.0,14055.78
ORD3071,2026-07-12,25352.48,507.05,5.07,24840.36
ORD3072,2026-07-07,22794.73,455.89,4.56,22334.28
ORD3073,2026-07-05,36453.33,729.07,0.0,35724.26
ORD3074,2026-07-10,16607.35,332.15,0.0,16275.2
ORD3075,2026-07-23,9149.58,182.99,0.0,8966.59
ORD3076,2026-07-15,38686.87,773.74,0.0,37913.13
ORD3077,2026-07-14,11881.26,237.63,0.0,11643.63
ORD3078,2026-07-02,18787.91,375.76,0.0,18412.15
ORD3079,2026-07-20,44900.92,898.02,0.0,44002.9
ORD3080,2026-07-17,18631.03,372.62,0.0,18258.41
ORD3081,2026-07-16,26186.9,523.74,0.0,25663.16
ORD3083,2026-07-18,25553.99,511.08,0.0,25042.91
ORD3084,2026-07-22,20967.87,419.36,0.0,20548.51
ORD3085,2026-07-07,7656.76,153.14,0.0,7503.62
ORD3086,2026-07-03,2907.09,58.14,0.0,2848.95
ORD3087,2026-07-13,39601.56,594.02,0.0,39007.54
ORD3088,2026-07-08,24162.43,483.25,0.0,23679.18
ORD3089,2026-07-13,28851.06,577.02,0.0,28274.04
ORD3090,2026-07-10,28052.09,841.56,0.0,27210.53
ORD3091,2026-07-27,41678.58,833.57,0.0,40845.01
ORD3092,2026-07-14,30655.75,613.12,0.0,30042.63
ORD3093,2026-07-03,1175.75,23.52,0.0,1152.23
ORD3094,2026-07-20,10269.07,256.73,0.0,10012.34
ORD3095,2026-07-10,22729.53,454.59,0.0,22274.94
ORD3096,2026-07-29,26740.32,534.81,0.0,26205.51
ORD3097,2026-07-18,42881.22,857.62,0.0,42023.6
ORD3098,2026-07-08,30199.01,603.98,0.0,29595.03
ORD3099,2026-07-21,20822.22,416.44,0.0,20405.78
ORD3100,2026-07-22,26423.88,528.48,0.0,25895.4
ORD3101,2026-07-28,40200.92,1206.03,0.0,38994.89
ORD3102,2026-07-08,35543.53,710.87,0.0,34832.66
ORD3103,2026-07-18,43308.99,866.18,0.0,42442.81
ORD3104,2026-07-26,42364.72,847.29,0.0,41517.43
ORD3105,2026-07-16,16472.47,329.45,0.0,16143.02
ORD3106,2026-07-15,28780.92,575.62,0.0,28205.3
ORD3107,2026-07-21,18616.45,372.33,0.0,18244.12
ORD3108,2026-07-19,7344.34,146.89,0.0,7197.45
ORD3109,2026-07-04,4476.25,89.53,0.0,4386.72
ORD3110,2026-07-24,17877.73,357.55,0.0,17520.18
ORD3111,2026-07-05,9678.83,241.97,0.0,9436.86
ORD3112,2026-07-09,15206.18,456.19,0.0,14749.99
ORD3113,2026-07-15,35962.25,719.25,0.0,35243.0
ORD3115,2026-07-04,34111.83,682.24,0.0,33429.59
ORD3116,2026-07-12,2060.87,41.22,0.0,2019.65
ORD3117,2026-07-26,32189.91,643.8,0.0,31546.11
ORD3118,2026-07-28,10305.14,206.1,0.0,10099.04
ORD3119,2026-07-20,35907.48,718.15,0.0,35189.33
ORD3120,2026-07-26,3329.34,66.59,0.0,3262.75
ORD3122,2026-07-08,9937.28,198.75,0.0,9738.53
ORD3123,2026-07-26,8130.84,162.62,0.0,7968.22
ORD3124,2026-07-16,32937.15,988.11,0.0,31949.04
ORD3125,2026-07-05,24658.46,493.17,0.0,24165.29
ORD3127,2026-07-20,15907.23,318.14,0.0,15589.09
ORD3128,2026-07-06,5651.91,113.04,0.0,5538.87
ORD3129,2026-07-23,2693.64,53.87,0.0,2639.77
ORD3130,2026-07-20,19599.17,391.98,0.0,19207.19
ORD3131,2026-07-25,29246.37,584.93,0.0,28661.44
ORD3132,2026-07-19,28487.71,569.75,5.7,27912.26
ORD3133,2026-07-02,41542.48,830.85,0.0,40711.63
ORD3134,2026-07-21,31750.22,635.0,0.0,31115.22
ORD3135,2026-07-06,31810.95,795.27,0.0,31015.68
ORD3136,2026-07-15,5703.02,114.06,0.0,5588.96
ORD3137,2026-07-26,17991.97,359.84,0.0,17632.13
ORD3138,2026-07-12,6266.92,125.34,1.25,6140.33
ORD3139,2026-07-23,42040.19,840.8,0.0,41199.39
ORD3140,2026-07-13,20513.08,410.26,0.0,20102.82
ORD3141,2026-07-25,35037.71,700.75,0.0,34336.96
ORD3142,2026-07-21,29457.28,589.15,0.0,28868.13
ORD3143,2026-07-19,19431.79,582.95,0.0,18848.84
ORD3144,2026-07-13,13813.48,345.34,0.0,13468.14
ORD3146,2026-07-12,5200.27,104.01,0.0,5096.26
ORD3147,2026-07-11,14556.8,291.14,0.0,14265.66
ORD3148,2026-07-10,37433.19,748.66,0.0,36684.53
ORD3149,2026-07-03,1761.72,35.23,0.35,1726.14
ORD3150,2026-07-28,39421.95,788.44,0.0,38633.51
ORD3151,2026-07-03,17265.68,345.31,0.0,16920.37
ORD3152,2026-07-28,34618.84,692.38,0.0,33926.46
ORD3153,2026-07-07,27344.27,546.89,0.0,26797.38
ORD3154,2026-07-08,20247.88,404.96,0.0,19842.92
ORD3155,2026-07-26,13936.58,278.73,0.0,13657.85
ORD3156,2026-07-22,23771.5,475.43,0.0,23296.07
ORD3157,2026-07-09,6223.23,124.46,0.0,6098.77
ORD3158,2026-07-29,30830.66,616.61,0.0,30214.05
ORD3159,2026-07-03,6659.11,133.18,0.0,6525.93
ORD3161,2026-07-28,7745.78,154.92,0.0,7590.86
ORD3162,2026-07-03,41413.93,828.28,0.0,40585.65
ORD3163,2026-07-11,21689.32,433.79,0.0,21255.53
ORD3165,2026-07-07,23954.28,479.09,0.0,23475.19
ORD3166,2026-07-26,38541.22,770.82,0.0,37770.4
ORD3167,2026-07-29,23251.47,465.03,0.0,22786.44
ORD3168,2026-07-20,38532.77,770.66,0.0,37762.11
ORD3169,2026-07-19,12006.08,240.12,0.0,11765.96
ORD3170,2026-07-17,35928.18,718.56,0.0,35209.62
ORD3171,2026-07-17,39949.4,798.99,0.0,39150.41
ORD3172,2026-07-13,11378.2,227.56,2.28,11148.36
ORD3173,2026-07-11,5660.23,67.92,0.0,5592.31
ORD3174,2026-07-09,26658.74,533.17,0.0,26125.57
ORD3175,2026-07-12,13735.36,274.71,0.0,13460.65
ORD3176,2026-07-20,13407.64,268.15,2.68,13136.81
ORD3177,2026-07-16,25732.03,514.64,0.0,25217.39
ORD3178,2026-07-22,38757.81,775.16,0.0,37982.65
ORD3179,2026-07-05,31951.71,639.03,0.0,31312.68
ORD3180,2026-07-20,33953.4,679.07,0.0,33274.33
ORD3181,2026-07-07,29659.78,593.2,0.0,29066.58
ORD3182,2026-07-10,13434.74,268.69,0.0,13166.05
ORD3183,2026-07-06,29409.83,588.2,0.0,28821.63
ORD3184,2026-07-23,32148.12,642.96,0.0,31505.16
ORD3185,2026-07-23,966.25,14.49,0.0,951.76
ORD3186,2026-07-23,10288.09,205.76,2.06,10080.27
ORD3187,2026-07-28,23530.99,470.62,0.0,23060.37
ORD3188,2026-07-18,908.34,18.17,0.0,890.17
ORD3189,2026-07-26,3334.74,50.02,0.0,3284.72
ORD3190,2026-07-09,40492.08,809.84,0.0,39682.24
ORD3191,2026-07-12,22311.8,446.24,4.46,21861.1
ORD3192,2026-07-10,33384.56,667.69,0.0,32716.87
ORD3193,2026-07-09,5343.86,106.88,0.0,5236.98
ORD3194,2026-07-30,32281.86,968.46,0.0,31313.4
ORD3195,2026-07-26,19879.74,397.59,0.0,19482.15
ORD3196,2026-07-19,39708.74,794.17,0.0,38914.57
ORD3197,2026-07-13,6417.04,128.34,0.0,6288.7
ORD3198,2026-07-12,12198.84,243.98,0.0,11954.86
ORD3199,2026-07-02,13808.79,276.18,0.0,13532.61
ORD3200,2026-07-09,22841.22,456.82,0.0,22384.4
ORD3201,2026-07-13,31356.96,627.14,0.0,30729.82
ORD3202,2026-07-26,3010.68,60.21,0.0,2950.47
ORD3203,2026-07-07,7191.7,143.83,0.0,7047.87
ORD3204,2026-07-25,14471.78,173.66,0.0,14298.12
ORD3205,2026-07-05,21419.94,428.4,0.0,20991.54
ORD3206,2026-07-17,8272.39,165.45,0.0,8106.94
ORD3207,2026-07-23,18246.03,364.92,0.0,17881.11
ORD3208,2026-07-23,9570.01,191.4,0.0,9378.61
ORD3209,2026-07-12,39028.47,780.57,0.0,38247.9
ORD3210,2026-07-08,17693.26,353.87,0.0,17339.39
ORD3211,2026-07-08,14755.15,295.1,0.0,14460.05
ORD3212,2026-07-02,20773.07,415.46,0.0,20357.61
ORD3213,2026-07-04,6856.17,137.12,0.0,6719.05
ORD3214,2026-07-28,30651.29,613.03,0.0,30038.26
ORD3216,2026-07-05,42744.21,512.93,0.0,42231.28
ORD3217,2026-07-09,24299.1,485.98,0.0,23813.12
ORD3218,2026-07-14,40724.86,814.5,0.0,39910.36
ORD3219,2026-07-20,21370.18,427.4,0.0,20942.78
ORD3220,2026-07-17,11850.89,237.02,0.0,11613.87
ORD3222,2026-07-26,25384.3,304.61,0.0,25079.69
ORD3223,2026-07-18,21958.23,439.16,0.0,21519.07
ORD3224,2026-07-20,25519.3,510.39,0.0,25008.91
ORD3225,2026-07-16,14402.85,288.06,2.88,14111.91
ORD3226,2026-07-03,7122.73,142.45,0.0,6980.28
ORD3227,2026-07-06,33681.88,673.64,0.0,33008.24
ORD3229,2026-07-17,2165.44,43.31,0.0,2122.13
ORD3230,2026-07-11,3090.9,61.82,0.0,3029.08
ORD3232,2026-07-17,26380.12,527.6,0.0,25852.52
ORD3233,2026-07-02,29722.81,594.46,0.0,29128.35
ORD3234,2026-07-24,32757.3,491.36,0.0,32265.94
ORD3235,2026-07-17,2843.54,56.87,0.0,2786.67
ORD3236,2026-07-20,31988.04,639.76,0.0,31348.28
ORD3237,2026-07-07,36225.51,724.51,0.0,35501.0
ORD3238,2026-07-30,31691.61,633.83,0.0,31057.78
ORD3239,2026-07-29,18817.79,376.36,0.0,18441.43
ORD3240,2026-07-23,24038.75,480.78,0.0,23557.97
ORD3241,2026-07-16,42326.84,846.54,0.0,41480.3
ORD3242,2026-07-18,42231.71,844.63,0.0,41387.08
ORD3243,2026-07-24,2247.02,44.94,0.0,2202.08
ORD3244,2026-07-18,19265.79,385.32,0.0,18880.47
ORD3245,2026-07-03,21800.28,436.01,0.0,21364.27
ORD3246,2026-07-15,41370.2,827.4,0.0,40542.8
ORD3247,2026-07-17,2836.85,56.74,0.0,2780.11
ORD3248,2026-07-18,44705.47,894.11,0.0,43811.36
ORD3249,2026-07-11,2923.79,58.48,0.0,2865.31
ORD3250,2026-07-25,10172.82,203.46,0.0,9969.36
ORD3251,2026-07-07,33819.55,676.39,0.0,33143.16
ORD3252,2026-07-28,9913.08,118.96,0.0,9794.12
ORD3253,2026-07-06,16427.62,328.55,0.0,16099.07
ORD3254,2026-07-24,17228.98,344.58,0.0,16884.4
ORD3255,2026-07-09,8398.96,167.98,0.0,8230.98
ORD3256,2026-07-29,23287.07,465.74,0.0,22821.33
ORD3257,2026-07-12,18937.31,378.75,0.0,18558.56
ORD3258,2026-07-06,43129.22,862.58,0.0,42266.64
ORD3259,2026-07-28,10904.87,218.1,0.0,10686.77
ORD3260,2026-07-16,32516.47,650.33,0.0,31866.14
ORD3261,2026-07-06,13916.63,278.33,0.0,13638.3
ORD3262,2026-07-13,7010.21,140.2,0.0,6870.01
ORD3263,2026-07-03,39738.48,794.77,0.0,38943.71
ORD3264,2026-07-22,24325.26,486.51,0.0,23838.75
ORD3265,2026-07-03,25214.97,504.3,0.0,24710.67
ORD3266,2026-07-17,34164.39,683.29,6.83,33474.27
ORD3267,2026-07-23,12518.17,250.36,0.0,12267.81
ORD3268,2026-07-22,10703.76,214.08,0.0,10489.68
ORD3269,2026-07-15,29226.95,584.54,0.0,28642.41
ORD3270,2026-07-12,2954.91,59.1,0.0,2895.81
ORD3271,2026-07-20,14460.75,289.22,0.0,14171.53
ORD3272,2026-07-16,12357.52,247.15,0.0,12110.37
ORD3273,2026-07-22,36503.62,730.07,0.0,35773.55
ORD3274,2026-07-08,24279.79,485.6,0.0,23794.19
ORD3275,2026-07-29,32325.53,646.51,0.0,31679.02
ORD3276,2026-07-09,7531.06,150.62,0.0,7380.44
ORD3277,2026-07-04,16009.01,320.18,0.0,15688.83
ORD3278,2026-07-04,18182.52,363.65,0.0,17818.87
ORD3279,2026-07-25,6750.51,135.01,0.0,6615.5
ORD3280,2026-07-03,33893.63,677.87,0.0,33215.76
ORD3281,2026-07-08,42828.84,856.58,0.0,41972.26
ORD3282,2026-07-14,21491.06,429.82,0.0,21061.24
ORD3283,2026-07-21,6077.77,121.56,0.0,5956.21
ORD3284,2026-07-29,3909.21,78.18,0.0,3831.03
ORD3285,2026-07-06,13687.41,273.75,0.0,13413.66
ORD3286,2026-07-17,26634.66,532.69,0.0,26101.97
ORD3287,2026-07-25,5452.46,109.05,0.0,5343.41
ORD3288,2026-07-28,27828.67,556.57,0.0,27272.1
ORD3289,2026-07-16,44402.9,888.06,0.0,43514.84
ORD3291,2026-07-25,32841.52,821.04,0.0,32020.48
ORD3292,2026-07-17,34506.05,690.12,0.0,33815.93
ORD3293,2026-07-20,3036.27,60.73,0.0,2975.54
ORD3294,2026-07-27,22866.01,571.65,0.0,22294.36
ORD3295,2026-07-25,23026.44,460.53,0.0,22565.91
ORD3296,2026-07-25,13300.38,266.01,0.0,13034.37
ORD3297,2026-07-24,27632.04,552.64,0.0,27079.4
ORD3298,2026-07-09,29791.44,595.83,0.0,29195.61
ORD3299,2026-07-18,30678.16,613.56,0.0,30064.6
ORD3300,2026-07-22,3107.67,62.15,0.0,3045.52
ORD3301,2026-07-20,33022.86,660.46,0.0,32362.4
ORD3302,2026-07-18,7187.28,143.75,0.0,7043.53
ORD3303,2026-07-03,14834.14,296.68,2.97,14534.49
ORD3304,2026-07-29,27532.66,412.99,0.0,27119.67
ORD3305,2026-07-24,29598.34,591.97,0.0,29006.37
ORD3306,2026-07-25,44511.43,890.23,0.0,43621.2
ORD3307,2026-07-06,29904.48,598.09,0.0,29306.39
ORD3308,2026-07-28,30256.67,605.13,0.0,29651.54
ORD3309,2026-07-15,36989.58,739.79,0.0,36249.79
ORD3310,2026-07-19,38272.35,765.45,0.0,37506.9
ORD3311,2026-07-03,17544.57,350.89,3.51,17190.17
ORD3312,2026-07-08,3293.13,65.86,0.0,3227.27
ORD3313,2026-07-17,6735.26,80.82,0.0,6654.44
ORD3314,2026-07-07,8187.79,163.76,0.0,8024.03
ORD3315,2026-07-26,38123.44,762.47,0.0,37360.97
ORD3316,2026-07-27,34746.16,694.92,0.0,34051.24
ORD3317,2026-07-08,18805.54,376.11,0.0,18429.43
ORD3318,2026-07-26,11172.14,223.44,0.0,10948.7
ORD3319,2026-07-03,5124.59,102.49,0.0,5022.1
ORD3320,2026-07-19,42189.45,843.79,0.0,41345.66
ORD3321,2026-07-21,31733.05,634.66,0.0,31098.39
ORD3322,2026-07-26,37021.0,740.42,0.0,36280.58
ORD3323,2026-07-03,9453.84,189.08,0.0,9264.76
ORD3325,2026-07-12,27903.69,558.07,0.0,27345.62
ORD3327,2026-07-17,27966.55,559.33,0.0,27407.22
ORD3328,2026-07-17,30030.1,600.6,0.0,29429.5
ORD3329,2026-07-27,29154.89,583.1,0.0,28571.79
ORD3330,2026-07-09,28401.16,568.02,0.0,27833.14
ORD3331,2026-07-22,40807.41,816.15,8.16,39983.1
ORD3332,2026-07-04,33153.75,663.08,6.63,32484.04
ORD3333,2026-07-20,19749.48,394.99,0.0,19354.49
ORD3334,2026-07-16,21795.13,435.9,0.0,21359.23
ORD3335,2026-07-10,36573.66,731.47,7.31,35834.88
ORD3336,2026-07-26,16227.84,324.56,0.0,15903.28
ORD3337,2026-07-13,39093.41,781.87,0.0,38311.54
ORD3338,2026-07-15,10984.52,219.69,0.0,10764.83
ORD3339,2026-07-17,12001.57,240.03,0.0,11761.54
ORD3340,2026-07-12,3535.74,70.71,0.71,3464.32
ORD3341,2026-07-25,2779.86,55.6,0.0,2724.26
ORD3342,2026-07-16,29361.35,587.23,0.0,28774.12
ORD3344,2026-07-22,10522.58,210.45,0.0,10312.13
ORD3345,2026-07-27,30088.19,601.76,0.0,29486.43
ORD3346,2026-07-07,22289.9,445.8,0.0,21844.1
ORD3347,2026-07-08,17117.28,342.35,0.0,16774.93
ORD3348,2026-07-11,37786.28,755.73,0.0,37030.55
ORD3349,2026-07-22,42599.58,851.99,0.0,41747.59
ORD3350,2026-07-15,14149.33,282.99,0.0,13866.34
ORD3351,2026-07-10,26083.91,521.68,0.0,25562.23
ORD3352,2026-07-28,18023.13,360.46,0.0,17662.67
ORD3353,2026-07-22,24680.73,493.61,0.0,24187.12
ORD3354,2026-07-13,40483.98,809.68,8.1,39666.2
ORD3355,2026-07-21,20708.03,414.16,0.0,20293.87
ORD3356,2026-07-18,5067.54,101.35,0.0,4966.19
ORD3357,2026-07-07,38023.06,570.35,0.0,37452.71
ORD3358,2026-07-20,16218.96,324.38,0.0,15894.58
ORD3359,2026-07-27,19135.98,382.72,0.0,18753.26
ORD3360,2026-07-10,7542.55,150.85,0.0,7391.7
ORD3361,2026-07-17,23273.89,465.48,4.65,22803.76
ORD3362,2026-07-27,9102.51,182.05,0.0,8920.46
ORD3363,2026-07-29,1692.65,33.85,0.0,1658.8
ORD3364,2026-07-08,38644.53,772.89,0.0,37871.64
ORD3365,2026-07-05,35862.11,717.24,0.0,35144.87
ORD3366,2026-07-14,40502.48,810.05,0.0,39692.43
ORD3367,2026-07-10,28748.56,574.97,0.0,28173.59
ORD3368,2026-07-26,35299.89,706.0,0.0,34593.89
ORD3369,2026-07-26,32628.56,489.43,0.0,32139.13
ORD3370,2026-07-16,44050.22,881.0,0.0,43169.22
ORD3371,2026-07-20,34210.89,684.22,0.0,33526.67
ORD3372,2026-07-22,11958.37,239.17,0.0,11719.2
ORD3373,2026-07-23,40577.97,811.56,0.0,39766.41
ORD3374,2026-07-04,26382.69,527.65,0.0,25855.04
ORD3376,2026-07-14,18917.92,378.36,0.0,18539.56
ORD3377,2026-07-27,872.32,17.45,0.0,854.87
ORD3378,2026-07-12,2934.7,58.69,0.0,2876.01
ORD3379,2026-07-29,19282.5,385.65,0.0,18896.85
ORD3380,2026-07-24,22019.2,440.38,0.0,21578.82
ORD3381,2026-07-20,7703.79,154.08,0.0,7549.71
ORD3382,2026-07-19,32521.88,650.44,0.0,31871.44
ORD3383,2026-07-04,33904.65,678.09,0.0,33226.56
ORD3384,2026-07-28,27486.0,549.72,0.0,26936.28
ORD3385,2026-07-21,10935.36,218.71,0.0,10716.65
ORD3387,2026-07-12,34613.73,692.27,0.0,33921.46
ORD3388,2026-07-10,21667.88,433.36,0.0,21234.52
ORD3389,2026-07-29,3892.08,77.84,0.0,3814.24
ORD3390,2026-07-14,10953.93,219.08,2.19,10732.66
ORD3391,2026-07-06,20666.7,413.33,0.0,20253.37
ORD3392,2026-07-03,34748.26,694.97,0.0,34053.29
ORD3393,2026-07-23,23142.82,462.86,0.0,22679.96
ORD3394,2026-07-17,40133.55,802.67,0.0,39330.88
ORD3395,2026-07-07,43278.28,865.57,0.0,42412.71
ORD3397,2026-07-16,26068.19,521.36,0.0,25546.83
ORD3398,2026-07-13,10908.05,218.16,0.0,10689.89
ORD3399,2026-07-21,31605.38,632.11,0.0,30973.27
ORD3400,2026-07-07,21672.81,433.46,0.0,21239.35
ORD3401,2026-07-11,3149.74,62.99,0.0,3086.75
ORD3402,2026-07-25,1884.91,37.7,0.0,1847.21
ORD3403,2026-07-10,26540.84,663.52,0.0,25877.32
ORD3404,2026-07-23,36515.57,730.31,0.0,35785.26
ORD3405,2026-07-04,39178.71,783.57,7.84,38387.3
ORD3406,2026-07-15,14922.79,298.46,0.0,14624.33
ORD3407,2026-07-03,37087.96,741.76,0.0,36346.2
ORD3408,2026-07-24,36825.94,736.52,0.0,36089.42
ORD3409,2026-07-15,12654.97,253.1,0.0,12401.87
ORD3410,2026-07-22,27862.74,557.25,0.0,27305.49
ORD3411,2026-07-09,44629.79,892.6,0.0,43737.19
ORD3412,2026-07-24,23771.81,475.44,0.0,23296.37
ORD3413,2026-07-28,18894.41,377.89,0.0,18516.52
ORD3414,2026-07-24,9300.37,186.01,0.0,9114.36
ORD3415,2026-07-03,20920.58,418.41,4.18,20497.99
ORD3416,2026-07-14,32527.39,650.55,0.0,31876.84
ORD3417,2026-07-30,722.85,14.46,0.0,708.39
ORD3418,2026-07-10,8634.51,172.69,0.0,8461.82
ORD3419,2026-07-25,5050.51,101.01,0.0,4949.5
ORD3421,2026-07-28,12485.08,249.7,0.0,12235.38
ORD3422,2026-07-23,9720.71,194.41,0.0,9526.3
ORD3424,2026-07-09,44326.3,886.53,0.0,43439.77
ORD3425,2026-07-02,5274.02,158.22,0.0,5115.8
ORD3426,2026-07-24,13539.13,270.78,0.0,13268.35
ORD3427,2026-07-29,20128.52,402.57,0.0,19725.95
ORD3428,2026-07-09,17382.5,521.48,0.0,16861.02
ORD3429,2026-07-13,9941.73,198.83,0.0,9742.9
ORD3430,2026-07-29,22012.82,440.26,0.0,21572.56
ORD3431,2026-07-04,11299.54,225.99,2.26,11071.29
ORD3432,2026-07-28,27817.25,695.43,0.0,27121.82
ORD3433,2026-07-10,26355.06,527.1,0.0,25827.96
ORD3434,2026-07-19,12215.18,244.3,0.0,11970.88
ORD3435,2026-07-18,18623.35,372.47,0.0,18250.88
ORD3436,2026-07-06,26151.57,523.03,0.0,25628.54
ORD3437,2026-07-06,10436.38,208.73,0.0,10227.65
ORD3438,2026-07-24,8842.12,176.84,0.0,8665.28
ORD3439,2026-07-15,3670.54,73.41,0.0,3597.13
ORD3440,2026-07-13,17450.88,349.02,0.0,17101.86
ORD3441,2026-07-13,33941.01,678.82,0.0,33262.19
ORD3442,2026-07-26,35411.64,708.23,0.0,34703.41
ORD3443,2026-07-16,7420.12,148.4,0.0,7271.72
ORD3444,2026-07-05,8644.16,172.88,0.0,8471.28
ORD3445,2026-07-25,38686.64,773.73,0.0,37912.91
ORD3446,2026-07-05,4934.47,98.69,0.0,4835.78
ORD3447,2026-07-07,16407.01,328.14,0.0,16078.87
ORD3448,2026-07-12,7008.57,140.17,0.0,6868.4
ORD3449,2026-07-09,23146.47,462.93,0.0,22683.54
ORD3450,2026-07-14,16964.69,339.29,0.0,16625.4
ORD3451,2026-07-25,14176.15,283.52,0.0,13892.63
ORD3452,2026-07-12,14294.38,285.89,0.0,14008.49
ORD3453,2026-07-28,4579.54,91.59,0.0,4487.95
ORD3454,2026-07-10,4364.35,87.29,0.0,4277.06
ORD3455,2026-07-22,21118.47,422.37,0.0,20696.1
ORD3456,2026-07-03,20118.1,402.36,0.0,19715.74
ORD3457,2026-07-06,42307.52,507.69,0.0,41799.83
ORD3458,2026-07-20,35927.74,718.55,0.0,35209.19
ORD3459,2026-07-13,36306.15,726.12,0.0,35580.03
ORD3460,2026-07-11,37278.49,745.57,0.0,36532.92
ORD3461,2026-07-25,2104.31,42.09,0.0,2062.22
ORD3462,2026-07-29,23600.66,472.01,0.0,23128.65
ORD3463,2026-07-16,24579.15,491.58,0.0,24087.57
ORD3465,2026-07-18,10328.28,206.57,2.07,10119.64
ORD3466,2026-07-05,25999.99,520.0,5.2,25474.79
ORD3468,2026-07-05,43149.57,862.99,8.63,42277.95
ORD3469,2026-07-13,29755.87,595.12,0.0,29160.75
ORD3470,2026-07-28,21521.35,430.43,0.0,21090.92
ORD3471,2026-07-07,26428.35,528.57,0.0,25899.78
ORD3472,2026-07-04,6489.56,129.79,0.0,6359.77
ORD3473,2026-07-05,3209.76,64.2,0.0,3145.56
ORD3474,2026-07-10,6197.21,123.94,0.0,6073.27
ORD3475,2026-07-07,30353.45,607.07,0.0,29746.38
ORD3476,2026-07-04,6978.55,139.57,0.0,6838.98
ORD3477,2026-07-24,31333.24,626.66,6.27,30700.31
ORD3478,2026-07-10,36568.43,731.37,0.0,35837.06
ORD3480,2026-07-13,15699.77,314.0,0.0,15385.77
ORD3481,2026-07-21,20880.29,417.61,0.0,20462.68
ORD3482,2026-07-05,35592.21,711.84,0.0,34880.37
ORD3483,2026-07-09,15619.44,312.39,0.0,15307.05
ORD3484,2026-07-19,8713.52,174.27,0.0,8539.25
ORD3485,2026-07-12,17944.17,358.88,0.0,17585.29
ORD3486,2026-07-20,8417.33,168.35,0.0,8248.98
ORD3487,2026-07-05,14703.19,294.06,0.0,14409.13
ORD3488,2026-07-16,42997.3,859.95,0.0,42137.35
ORD3489,2026-07-04,6229.39,155.73,0.0,6073.66
ORD3490,2026-07-08,18458.28,369.17,0.0,18089.11
ORD3491,2026-07-10,38162.36,763.25,0.0,37399.11
ORD3492,2026-07-16,7002.6,140.05,0.0,6862.55
ORD3493,2026-07-28,31665.16,633.3,0.0,31031.86
ORD3494,2026-07-28,15988.92,239.83,0.0,15749.09
ORD3495,2026-07-18,22583.19,451.66,4.52,22127.01
ORD3496,2026-07-03,39656.19,793.12,0.0,38863.07
ORD3497,2026-07-25,28437.07,568.74,0.0,27868.33
ORD3499,2026-07-29,2799.98,56.0,0.0,2743.98
ORD3500,2026-07-08,3295.48,65.91,0.0,3229.57
ORD3501,2026-07-20,27428.12,548.56,0.0,26879.56
ORD3502,2026-07-16,25112.4,502.25,0.0,24610.15
ORD3503,2026-07-11,3705.34,74.11,0.0,3631.23
ORD3504,2026-07-10,37102.39,556.54,0.0,36545.85
ORD3505,2026-07-25,15114.2,302.28,0.0,14811.92
ORD3506,2026-07-20,13310.08,266.2,0.0,13043.88
ORD3507,2026-07-06,33125.98,662.52,0.0,32463.46
ORD3508,2026-07-16,42713.65,854.27,0.0,41859.38
ORD3509,2026-07-15,32456.92,649.14,0.0,31807.78
ORD3510,2026-07-15,15254.7,305.09,0.0,14949.61
ORD3511,2026-07-03,23664.45,473.29,0.0,23191.16
ORD3512,2026-07-21,11408.53,228.17,0.0,11180.36
ORD3513,2026-07-15,42169.62,843.39,0.0,41326.23
ORD3514,2026-07-24,24732.18,494.64,0.0,24237.54
ORD3515,2026-07-22,21648.01,432.96,0.0,21215.05
ORD3516,2026-07-24,14350.14,287.0,0.0,14063.14
ORD3517,2026-07-08,23112.04,462.24,0.0,22649.8
ORD3518,2026-07-11,19441.58,388.83,0.0,19052.75
ORD3519,2026-07-30,3436.44,68.73,0.0,3367.71
ORD3520,2026-07-15,5689.79,113.8,0.0,5575.99
ORD3521,2026-07-09,4477.99,89.56,0.9,4387.53
ORD3522,2026-07-18,43503.4,870.07,0.0,42633.33
ORD3523,2026-07-06,21262.58,425.25,0.0,20837.33
ORD3524,2026-07-27,37994.07,759.88,0.0,37234.19
ORD3525,2026-07-13,43661.71,873.23,0.0,42788.48
ORD3526,2026-07-03,1010.76,20.22,0.2,990.34
ORD3527,2026-07-15,41329.3,826.59,0.0,40502.71
ORD3529,2026-07-03,4047.39,80.95,0.0,3966.44
ORD3530,2026-07-13,10387.78,207.76,0.0,10180.02
ORD3531,2026-07-10,31102.99,622.06,0.0,30480.93
ORD3532,2026-07-25,5278.91,131.97,0.0,5146.94
ORD3533,2026-07-25,44176.33,883.53,0.0,43292.8
ORD3534,2026-07-12,32674.33,653.49,0.0,32020.84
ORD3535,2026-07-18,36570.92,731.42,0.0,35839.5
ORD3536,2026-07-26,23325.75,466.51,0.0,22859.24
ORD3537,2026-07-19,12911.3,258.23,0.0,12653.07
ORD3538,2026-07-13,9753.35,195.07,0.0,9558.28
ORD3540,2026-07-14,41988.24,839.76,0.0,41148.48
ORD3541,2026-07-24,6101.89,122.04,0.0,5979.85
ORD3542,2026-07-06,23769.53,475.39,0.0,23294.14
ORD3543,2026-07-12,23706.26,474.13,4.74,23227.39
ORD3544,2026-07-16,30352.09,607.04,0.0,29745.05
ORD3545,2026-07-02,25966.18,519.32,0.0,25446.86
ORD3546,2026-07-24,15205.21,304.1,3.04,14898.07
ORD3547,2026-07-15,21024.75,315.37,0.0,20709.38
ORD3548,2026-07-19,29052.04,581.04,0.0,28471.0
ORD3549,2026-07-23,39620.1,475.44,0.0,39144.66
ORD3550,2026-07-05,18285.38,365.71,0.0,17919.67
ORD3551,2026-07-05,6438.44,128.77,0.0,6309.67
ORD3552,2026-07-27,21494.36,429.89,4.3,21060.17
ORD3553,2026-07-19,8146.41,162.93,0.0,7983.48
ORD3554,2026-07-16,9656.02,193.12,0.0,9462.9
ORD3556,2026-07-19,39977.06,799.54,0.0,39177.52
ORD3557,2026-07-05,6983.48,139.67,0.0,6843.81
ORD3558,2026-07-14,26348.82,526.98,5.27,25816.57
ORD3559,2026-07-21,38627.08,772.54,0.0,37854.54
ORD3560,2026-07-08,18355.75,367.12,0.0,17988.63
ORD3561,2026-07-20,36381.28,727.63,7.28,35646.37
ORD3562,2026-07-14,18719.78,374.4,0.0,18345.38
ORD3563,2026-07-11,16686.03,417.15,0.0,16268.88
ORD3564,2026-07-23,44432.64,888.65,0.0,43543.99
ORD3565,2026-07-03,1632.67,32.65,0.0,1600.02
ORD3566,2026-07-20,17443.64,261.65,0.0,17181.99
ORD3567,2026-07-03,42678.91,853.58,0.0,41825.33
ORD3568,2026-07-07,3786.72,75.73,0.0,3710.99
ORD3569,2026-07-28,10649.64,212.99,0.0,10436.65
ORD3571,2026-07-02,33913.71,847.84,0.0,33065.87
ORD3572,2026-07-11,18010.88,360.22,0.0,17650.66
ORD3573,2026-07-27,6159.39,123.19,0.0,6036.2
ORD3574,2026-07-09,40286.38,805.73,0.0,39480.65
ORD3575,2026-07-15,32498.67,649.97,0.0,31848.7
ORD3576,2026-07-20,17280.13,345.6,0.0,16934.53
ORD3577,2026-07-18,29879.65,597.59,0.0,29282.06
ORD3578,2026-07-30,8348.5,166.97,0.0,8181.53
ORD3579,2026-07-03,36975.19,443.7,0.0,36531.49
ORD3580,2026-07-29,16080.51,321.61,0.0,15758.9
ORD3581,2026-07-25,10361.05,124.33,0.0,10236.72
ORD3582,2026-07-30,41858.92,837.18,0.0,41021.74
ORD3583,2026-07-09,9802.46,196.05,0.0,9606.41
ORD3584,2026-07-15,23687.52,355.31,0.0,23332.21
ORD3585,2026-07-04,3302.0,66.04,0.0,3235.96
ORD3586,2026-07-14,42970.58,859.41,0.0,42111.17
ORD3587,2026-07-06,26405.54,528.11,0.0,25877.43
ORD3588,2026-07-14,44729.69,894.59,0.0,43835.1
ORD3589,2026-07-08,31545.64,630.91,0.0,30914.73
ORD3590,2026-07-08,28661.63,343.94,0.0,28317.69
ORD3591,2026-07-29,10858.01,217.16,0.0,10640.85
ORD3592,2026-07-27,33871.84,677.44,0.0,33194.4
ORD3593,2026-07-25,5849.19,116.98,0.0,5732.21
ORD3594,2026-07-22,12063.02,241.26,0.0,11821.76
ORD3595,2026-07-29,20002.15,400.04,0.0,19602.11
ORD3596,2026-07-24,43951.47,879.03,0.0,43072.44
ORD3597,2026-07-19,44516.2,890.32,0.0,43625.88
ORD3598,2026-07-16,19123.64,382.47,0.0,18741.17
ORD3599,2026-07-16,16147.37,322.95,0.0,15824.42
ORD3600,2026-07-13,38305.92,766.12,0.0,37539.8
ORD3601,2026-07-15,39902.05,598.53,0.0,39303.52
ORD3602,2026-07-20,4551.06,91.02,0.0,4460.04
ORD3603,2026-07-27,4222.83,84.46,0.0,4138.37
ORD3604,2026-07-04,7482.64,149.65,0.0,7332.99
ORD3605,2026-07-12,10268.16,205.36,0.0,10062.8
ORD3606,2026-07-26,8854.98,177.1,0.0,8677.88
ORD3607,2026-07-03,2563.18,51.26,0.0,2511.92
ORD3608,2026-07-17,34578.21,691.56,0.0,33886.65
ORD3609,2026-07-04,4367.67,65.52,0.0,4302.15
ORD3610,2026-07-18,15873.35,317.47,0.0,15555.88
ORD3611,2026-07-12,13072.4,261.45,0.0,12810.95
ORD3612,2026-07-16,39664.96,793.3,0.0,38871.66
ORD3613,2026-07-23,27915.84,558.32,0.0,27357.52
ORD3615,2026-07-27,42596.61,851.93,8.52,41736.16
ORD3616,2026-07-22,21925.48,438.51,0.0,21486.97
ORD3617,2026-07-06,20421.05,510.53,0.0,19910.52
ORD3619,2026-07-24,38250.18,765.0,0.0,37485.18
ORD3620,2026-07-06,19248.91,384.98,0.0,18863.93
ORD3621,2026-07-18,4976.33,99.53,0.0,4876.8
ORD3622,2026-07-15,9956.68,199.13,0.0,9757.55
ORD3623,2026-07-30,9730.94,194.62,0.0,9536.32
ORD3624,2026-07-11,26641.03,532.82,5.33,26102.88
ORD3625,2026-07-17,13380.83,267.62,0.0,13113.21
ORD3626,2026-07-29,9414.04,188.28,0.0,9225.76
ORD3627,2026-07-21,14336.03,286.72,0.0,14049.31
ORD3628,2026-07-06,37331.05,746.62,0.0,36584.43
ORD3629,2026-07-30,32134.99,642.7,0.0,31492.29
ORD3630,2026-07-04,30547.63,610.95,0.0,29936.68
ORD3631,2026-07-14,814.37,16.29,0.0,798.08
ORD3632,2026-07-13,35060.42,525.91,0.0,34534.51
ORD3633,2026-07-10,37761.13,755.22,0.0,37005.91
ORD3634,2026-07-13,6249.82,75.0,0.0,6174.82
ORD3635,2026-07-06,16327.27,326.55,0.0,16000.72
ORD3636,2026-07-17,22644.76,452.9,0.0,22191.86
ORD3638,2026-07-22,6046.45,120.93,1.21,5924.31
ORD3639,2026-07-14,22598.0,451.96,0.0,22146.04
ORD3640,2026-07-05,26904.49,538.09,0.0,26366.4
ORD3641,2026-07-11,819.54,16.39,0.0,803.15
ORD3642,2026-07-22,11525.42,230.51,0.0,11294.91
ORD3643,2026-07-12,24529.97,613.25,0.0,23916.72
ORD3644,2026-07-02,41458.24,829.16,0.0,40629.08
ORD3645,2026-07-13,16833.78,336.68,0.0,16497.1
ORD3646,2026-07-10,29918.23,598.36,0.0,29319.87
ORD3647,2026-07-03,12400.24,248.0,0.0,12152.24
ORD3648,2026-07-10,41568.37,831.37,0.0,40737.0
ORD3649,2026-07-04,7577.52,227.33,0.0,7350.19
ORD3650,2026-07-19,26957.78,539.16,0.0,26418.62
ORD3651,2026-07-21,34255.17,685.1,0.0,33570.07
ORD3652,2026-07-29,1038.5,20.77,0.0,1017.73
ORD3653,2026-07-15,13771.06,275.42,0.0,13495.64
ORD3654,2026-07-23,15244.41,304.89,0.0,14939.52
ORD3655,2026-07-28,43045.48,860.91,0.0,42184.57
ORD3656,2026-07-21,1561.51,31.23,0.0,1530.28
ORD3657,2026-07-16,29333.42,586.67,0.0,28746.75
ORD3658,2026-07-27,13842.53,276.85,0.0,13565.68
ORD3659,2026-07-04,31202.1,624.04,0.0,30578.06
ORD3660,2026-07-14,20730.97,414.62,0.0,20316.35
ORD3661,2026-07-06,18771.15,375.42,0.0,18395.73
ORD3662,2026-07-06,1090.62,21.81,0.0,1068.81
ORD3663,2026-07-10,13846.42,276.93,0.0,13569.49
ORD3664,2026-07-25,24487.12,489.74,0.0,23997.38
ORD3665,2026-07-21,17503.95,350.08,0.0,17153.87
ORD3666,2026-07-02,18525.37,370.51,0.0,18154.86
ORD3667,2026-07-07,27727.75,554.56,0.0,27173.19
ORD3668,2026-07-07,37540.27,750.81,7.51,36781.95
ORD3669,2026-07-13,34270.0,685.4,0.0,33584.6
ORD3670,2026-07-22,19886.45,397.73,0.0,19488.72
ORD3671,2026-07-28,37606.92,752.14,0.0,36854.78
ORD3672,2026-07-25,10034.49,200.69,0.0,9833.8
ORD3673,2026-07-28,31509.43,630.19,0.0,30879.24
ORD3674,2026-07-11,37028.0,740.56,0.0,36287.44
ORD3675,2026-07-08,41843.99,1255.32,0.0,40588.67
ORD3676,2026-07-06,13461.29,269.23,0.0,13192.06
ORD3677,2026-07-27,7856.99,157.14,0.0,7699.85
ORD3678,2026-07-24,23192.3,463.85,0.0,22728.45
ORD3680,2026-07-08,22516.35,562.91,0.0,21953.44
ORD3681,2026-07-15,34145.89,682.92,0.0,33462.97
ORD3682,2026-07-02,23606.79,472.14,0.0,23134.65
ORD3683,2026-07-29,13968.77,279.38,0.0,13689.39
ORD3684,2026-07-06,24799.63,495.99,0.0,24303.64
ORD3685,2026-07-05,1463.19,43.9,0.0,1419.29
ORD3686,2026-07-15,13128.22,262.56,0.0,12865.66
ORD3687,2026-07-21,23585.72,471.71,0.0,23114.01
ORD3688,2026-07-20,44533.68,890.67,0.0,43643.01
ORD3689,2026-07-18,8186.54,122.8,0.0,8063.74
ORD3690,2026-07-22,33703.14,674.06,0.0,33029.08
ORD3691,2026-07-04,32502.84,650.06,0.0,31852.78
ORD3692,2026-07-17,28491.16,569.82,0.0,27921.34
ORD3693,2026-07-27,11850.18,237.0,0.0,11613.18
ORD3694,2026-07-10,3082.45,61.65,0.0,3020.8
ORD3695,2026-07-18,12172.45,243.45,0.0,11929.0
ORD3696,2026-07-26,34917.33,698.35,6.98,34212.0
ORD3697,2026-07-08,12390.02,247.8,0.0,12142.22
ORD3698,2026-07-03,12651.84,253.04,0.0,12398.8
ORD3699,2026-07-27,10840.46,216.81,0.0,10623.65
ORD3700,2026-07-23,25897.94,517.96,0.0,25379.98
ORD3701,2026-07-13,38986.51,584.8,0.0,38401.71
ORD3702,2026-07-29,39059.9,781.2,0.0,38278.7
ORD3703,2026-07-10,17917.91,358.36,0.0,17559.55
ORD3704,2026-07-18,37744.46,754.89,0.0,36989.57
ORD3705,2026-07-25,21063.58,421.27,0.0,20642.31
ORD3706,2026-07-17,4423.4,66.35,0.0,4357.05
ORD3707,2026-07-06,12348.34,246.97,0.0,12101.37
ORD3708,2026-07-22,20241.97,404.84,0.0,19837.13
ORD3709,2026-07-14,38226.66,764.53,0.0,37462.13
ORD3710,2026-07-05,28745.58,574.91,5.75,28164.92
ORD3711,2026-07-25,32899.08,657.98,6.58,32234.52
ORD3712,2026-07-29,43853.64,877.07,0.0,42976.57
ORD3713,2026-07-14,24185.72,483.71,0.0,23702.01
ORD3714,2026-07-05,26682.59,533.65,0.0,26148.94
ORD3715,2026-07-07,6282.97,125.66,0.0,6157.31
ORD3717,2026-07-17,23857.44,477.15,4.77,23375.52
ORD3718,2026-07-03,42073.91,841.48,0.0,41232.43
ORD3719,2026-07-23,17607.35,352.15,0.0,17255.2
ORD3720,2026-07-15,14809.48,296.19,0.0,14513.29
ORD3721,2026-07-28,17582.32,351.65,0.0,17230.67
ORD3722,2026-07-14,25974.58,519.49,5.19,25449.9
ORD3723,2026-07-13,16263.64,325.27,0.0,15938.37
ORD3724,2026-07-20,31186.39,467.8,0.0,30718.59
ORD3725,2026-07-09,29060.57,581.21,0.0,28479.36
ORD3726,2026-07-22,10122.96,202.46,0.0,9920.5
ORD3727,2026-07-07,39829.53,796.59,0.0,39032.94
ORD3728,2026-07-09,25112.23,502.24,0.0,24609.99
ORD3729,2026-07-07,3660.68,73.21,0.0,3587.47
ORD3730,2026-07-21,35237.44,704.75,0.0,34532.69
ORD3731,2026-07-10,7647.44,152.95,0.0,7494.49
ORD3732,2026-07-12,10470.96,209.42,0.0,10261.54
ORD3733,2026-07-21,44853.71,897.07,0.0,43956.64
ORD3734,2026-07-13,1708.39,34.17,0.0,1674.22
ORD3735,2026-07-13,18702.91,374.06,0.0,18328.85
ORD3736,2026-07-24,14228.52,284.57,0.0,13943.95
ORD3737,2026-07-25,44448.03,888.96,0.0,43559.07
ORD3738,2026-07-27,5546.02,110.92,0.0,5435.1
ORD3739,2026-07-25,37514.82,750.3,0.0,36764.52
ORD3740,2026-07-03,19396.25,484.91,0.0,18911.34
ORD3741,2026-07-24,2833.0,56.66,0.0,2776.34
ORD3742,2026-07-05,14851.3,297.03,0.0,14554.27
ORD3743,2026-07-05,26278.56,525.57,0.0,25752.99
ORD3744,2026-07-26,11414.72,228.29,0.0,11186.43
ORD3745,2026-07-10,14826.3,296.53,0.0,14529.77
ORD3746,2026-07-29,10605.98,212.12,0.0,10393.86
ORD3747,2026-07-30,38119.71,571.8,0.0,37547.91
ORD3749,2026-07-06,32027.46,640.55,0.0,31386.91
ORD3751,2026-07-10,8923.94,267.72,0.0,8656.22
ORD3752,2026-07-26,1168.86,23.38,0.0,1145.48
ORD3753,2026-07-04,35843.9,716.88,0.0,35127.02
ORD3754,2026-07-02,10514.66,157.72,0.0,10356.94
ORD3755,2026-07-07,21615.39,432.31,0.0,21183.08
ORD3756,2026-07-12,43429.1,868.58,0.0,42560.52
ORD3757,2026-07-22,2142.39,42.85,0.0,2099.54
ORD3758,2026-07-13,32922.32,658.45,0.0,32263.87
ORD3759,2026-07-09,40760.53,815.21,0.0,39945.32
ORD3760,2026-07-04,20472.65,409.45,0.0,20063.2
ORD3761,2026-07-07,14891.64,297.83,0.0,14593.81
ORD3763,2026-07-22,17722.48,354.45,0.0,17368.03
ORD3764,2026-07-11,27354.02,547.08,0.0,26806.94
ORD3765,2026-07-08,34566.64,691.33,0.0,33875.31
ORD3766,2026-07-06,26888.99,537.78,0.0,26351.21
ORD3767,2026-07-08,31601.76,632.04,0.0,30969.72
ORD3768,2026-07-15,38078.64,761.57,0.0,37317.07
ORD3769,2026-07-23,26728.04,534.56,0.0,26193.48
ORD3770,2026-07-23,3872.4,77.45,0.0,3794.95
ORD3771,2026-07-16,5154.11,103.08,0.0,5051.03
ORD3772,2026-07-26,39113.01,586.7,0.0,38526.31
ORD3773,2026-07-06,26017.2,520.34,0.0,25496.86
ORD3774,2026-07-08,3794.6,75.89,0.76,3717.95
ORD3775,2026-07-09,14751.28,295.03,0.0,14456.25
ORD3776,2026-07-20,32888.3,657.77,0.0,32230.53
ORD3777,2026-07-20,42051.95,841.04,0.0,41210.91
ORD3778,2026-07-22,982.67,14.74,0.0,967.93
ORD3779,2026-07-07,5652.08,113.04,0.0,5539.04
ORD3780,2026-07-26,43134.33,862.69,0.0,42271.64
ORD3781,2026-07-17,21001.65,420.03,0.0,20581.62
ORD3782,2026-07-09,18977.71,379.55,0.0,18598.16
ORD3783,2026-07-11,8828.31,176.57,0.0,8651.74
ORD3784,2026-07-28,33101.69,662.03,0.0,32439.66
ORD3785,2026-07-16,8273.91,165.48,0.0,8108.43
ORD3786,2026-07-22,17037.39,340.75,0.0,16696.64
ORD3787,2026-07-18,18492.94,369.86,3.7,18119.38
ORD3789,2026-07-12,32256.08,645.12,0.0,31610.96
ORD3790,2026-07-22,3723.23,74.46,0.0,3648.77
ORD3791,2026-07-15,678.21,13.56,0.0,664.65
ORD3792,2026-07-05,34778.06,695.56,6.96,34075.54
ORD3793,2026-07-03,32468.95,649.38,0.0,31819.57
ORD3794,2026-07-16,1554.35,31.09,0.31,1522.95
ORD3795,2026-07-09,23033.45,460.67,0.0,22572.78
ORD3796,2026-07-17,10890.86,217.82,0.0,10673.04
ORD3797,2026-07-15,23091.08,461.82,0.0,22629.26
ORD3798,2026-07-06,24800.55,496.01,0.0,24304.54
ORD3799,2026-07-23,10068.69,201.37,2.01,9865.31
ORD3800,2026-07-14,22698.34,453.97,0.0,22244.37
ORD3801,2026-07-13,33279.65,665.59,0.0,32614.06
ORD3802,2026-07-07,22267.4,267.21,0.0,22000.19
ORD3803,2026-07-26,14320.96,286.42,0.0,14034.54
ORD3804,2026-07-29,19225.95,384.52,0.0,18841.43
ORD3805,2026-07-20,33742.35,674.85,0.0,33067.5
ORD3807,2026-07-08,2630.4,39.46,0.0,2590.94
ORD3808,2026-07-16,8824.64,176.49,0.0,8648.15
ORD3809,2026-07-14,7101.62,142.03,0.0,6959.59
ORD3810,2026-07-27,29781.59,744.54,0.0,29037.05
ORD3811,2026-07-19,27198.58,543.97,0.0,26654.61
ORD3812,2026-07-05,29813.67,596.27,0.0,29217.4
ORD3813,2026-07-14,10604.27,212.09,0.0,10392.18
ORD3814,2026-07-06,24824.89,496.5,0.0,24328.39
ORD3815,2026-07-17,12893.62,257.87,0.0,12635.75
ORD3816,2026-07-03,2405.27,48.11,0.0,2357.16
ORD3817,2026-07-07,4730.5,94.61,0.0,4635.89
ORD3818,2026-07-19,36310.18,726.2,0.0,35583.98
ORD3819,2026-07-15,3012.41,60.25,0.0,2952.16
ORD3820,2026-07-25,21849.18,436.98,0.0,21412.2
ORD3821,2026-07-13,37856.14,946.4,0.0,36909.74
ORD3822,2026-07-20,11942.19,179.13,0.0,11763.06
ORD3823,2026-07-11,26529.98,530.6,5.31,25994.07
ORD3824,2026-07-09,14935.98,224.04,0.0,14711.94
ORD3825,2026-07-19,39937.63,798.75,0.0,39138.88
ORD3826,2026-07-15,15669.73,313.39,0.0,15356.34
ORD3827,2026-07-05,8670.74,173.41,0.0,8497.33
ORD3828,2026-07-02,11520.97,230.42,0.0,11290.55
ORD3829,2026-07-14,16435.79,328.72,0.0,16107.07
ORD3830,2026-07-28,28886.39,577.73,0.0,28308.66
ORD3831,2026-07-03,16422.2,328.44,0.0,16093.76
ORD3832,2026-07-27,14397.68,287.95,0.0,14109.73
ORD3833,2026-07-21,23367.74,467.35,0.0,22900.39
ORD3834,2026-07-28,42801.56,856.03,0.0,41945.53
ORD3835,2026-07-29,43293.59,865.87,0.0,42427.72
ORD3836,2026-07-05,20705.01,414.1,0.0,20290.91
ORD3837,2026-07-27,1523.19,30.46,0.0,1492.73
ORD3838,2026-07-14,37047.5,740.95,0.0,36306.55
ORD3839,2026-07-28,43860.0,877.2,0.0,42982.8
ORD3840,2026-07-03,5196.12,103.92,0.0,5092.2
ORD3841,2026-07-14,3564.74,71.29,0.71,3492.74
ORD3842,2026-07-23,4238.86,84.78,0.0,4154.08
ORD3843,2026-07-29,44813.63,896.27,0.0,43917.36
ORD3844,2026-07-14,42568.51,851.37,0.0,41717.14
ORD3845,2026-07-24,3746.86,74.94,0.0,3671.92
ORD3846,2026-07-08,10796.91,215.94,0.0,10580.97
ORD3847,2026-07-02,39179.96,783.6,0.0,38396.36
ORD3848,2026-07-18,28483.97,569.68,0.0,27914.29
ORD3849,2026-07-30,6073.3,121.47,0.0,5951.83
ORD3850,2026-07-06,23198.98,463.98,0.0,22735.0
ORD3851,2026-07-30,41539.39,830.79,0.0,40708.6
ORD3852,2026-07-16,36858.1,921.45,0.0,35936.65
ORD3853,2026-07-27,15433.89,308.68,0.0,15125.21
ORD3854,2026-07-22,541.68,10.83,0.0,530.85
ORD3855,2026-07-27,39647.37,792.95,0.0,38854.42
ORD3856,2026-07-24,8696.85,173.94,0.0,8522.91
ORD3857,2026-07-13,26725.75,534.51,0.0,26191.24
ORD3858,2026-07-25,36469.54,729.39,0.0,35740.15
ORD3860,2026-07-09,18105.94,362.12,0.0,17743.82
ORD3861,2026-07-24,15653.19,313.06,0.0,15340.13
ORD3862,2026-07-13,2789.59,55.79,0.0,2733.8
ORD3863,2026-07-26,12539.48,250.79,0.0,12288.69
ORD3864,2026-07-14,15926.87,318.54,0.0,15608.33
ORD3865,2026-07-10,21630.16,432.6,0.0,21197.56
ORD3866,2026-07-13,9738.87,194.78,1.95,9542.14
ORD3867,2026-07-25,28350.44,567.01,0.0,27783.43
ORD3868,2026-07-27,23979.5,479.59,0.0,23499.91
ORD3869,2026-07-20,15664.61,313.29,0.0,15351.32
ORD3870,2026-07-19,37654.56,753.09,0.0,36901.47
ORD3872,2026-07-29,20945.08,418.9,0.0,20526.18
ORD3873,2026-07-30,36383.21,727.66,0.0,35655.55
ORD3874,2026-07-15,14167.51,283.35,0.0,13884.16
ORD3875,2026-07-18,26234.3,524.69,5.25,25704.36
ORD3876,2026-07-24,29251.99,585.04,0.0,28666.95
ORD3877,2026-07-05,35286.06,705.72,0.0,34580.34
ORD3878,2026-07-18,27606.53,552.13,0.0,27054.4
ORD3879,2026-07-13,23635.78,590.89,0.0,23044.89
ORD3880,2026-07-13,29233.53,584.67,0.0,28648.86
ORD3882,2026-07-22,39949.11,798.98,0.0,39150.13
ORD3883,2026-07-23,5901.03,118.02,1.18,5781.83
ORD3884,2026-07-19,14490.45,289.81,0.0,14200.64
ORD3885,2026-07-14,12431.85,248.64,0.0,12183.21
ORD3886,2026-07-29,28503.04,570.06,0.0,27932.98
ORD3887,2026-07-14,36773.27,735.47,0.0,36037.8
ORD3888,2026-07-29,32732.08,654.64,0.0,32077.44
ORD3889,2026-07-09,30457.08,609.14,0.0,29847.94
ORD3890,2026-07-08,6477.58,129.55,0.0,6348.03
ORD3891,2026-07-20,36951.28,739.03,7.39,36204.86
ORD3892,2026-07-07,39028.53,780.57,0.0,38247.96
ORD3893,2026-07-25,37021.44,740.43,0.0,36281.01
ORD3894,2026-07-11,12585.04,251.7,0.0,12333.34
ORD3895,2026-07-12,32644.15,979.32,0.0,31664.83
ORD3896,2026-07-17,27213.23,544.26,0.0,26668.97
ORD3897,2026-07-10,10024.44,200.49,0.0,9823.95
ORD3898,2026-07-26,30865.75,617.32,0.0,30248.43
ORD3899,2026-07-24,27840.04,556.8,0.0,27283.24
ORD3900,2026-07-07,39692.37,793.85,0.0,38898.52
ORD3901,2026-07-26,20222.94,404.46,0.0,19818.48
ORD3902,2026-07-12,5676.99,113.54,0.0,5563.45
ORD3903,2026-07-25,31572.77,631.46,0.0,30941.31
ORD3904,2026-07-14,16673.92,333.48,0.0,16340.44
ORD3906,2026-07-28,3729.44,74.59,0.0,3654.85
ORD3907,2026-07-26,35729.24,714.58,7.15,35007.51
ORD3908,2026-07-04,41562.74,498.75,0.0,41063.99
ORD3909,2026-07-09,37288.0,745.76,0.0,36542.24
ORD3910,2026-07-15,18995.25,474.88,0.0,18520.37
ORD3912,2026-07-12,6825.7,136.51,0.0,6689.19
ORD3914,2026-07-16,27141.42,542.83,0.0,26598.59
ORD3915,2026-07-16,22874.82,457.5,0.0,22417.32
ORD3916,2026-07-24,533.9,10.68,0.0,523.22
ORD3917,2026-07-05,22801.0,456.02,0.0,22344.98
ORD3918,2026-07-28,4460.14,89.2,0.0,4370.94
ORD3919,2026-07-18,41016.88,820.34,0.0,40196.54
ORD3920,2026-07-28,42711.46,854.23,0.0,41857.23
ORD3921,2026-07-19,20258.85,405.18,0.0,19853.67
ORD3922,2026-07-03,15798.74,315.97,0.0,15482.77
ORD3923,2026-07-08,36345.07,726.9,0.0,35618.17
ORD3924,2026-07-12,1189.16,23.78,0.0,1165.38
ORD3926,2026-07-08,12996.01,259.92,0.0,12736.09
ORD3927,2026-07-19,28959.93,579.2,0.0,28380.73
ORD3928,2026-07-19,7386.76,147.74,0.0,7239.02
ORD3929,2026-07-15,8302.73,166.05,0.0,8136.68
ORD3930,2026-07-18,1908.03,38.16,0.38,1869.49
ORD3931,2026-07-08,12612.26,252.25,0.0,12360.01
ORD3932,2026-07-28,28694.24,573.88,0.0,28120.36
ORD3934,2026-07-23,17353.9,347.08,0.0,17006.82
ORD3936,2026-07-09,10507.83,210.16,0.0,10297.67
ORD3937,2026-07-21,23259.82,465.2,0.0,22794.62
ORD3938,2026-07-21,32097.7,641.95,0.0,31455.75
ORD3939,2026-07-18,4553.78,91.08,0.0,4462.7
ORD3940,2026-07-07,34069.33,681.39,0.0,33387.94
ORD3941,2026-07-05,41991.25,839.83,0.0,41151.42
ORD3942,2026-07-18,19790.68,395.81,0.0,19394.87
ORD3943,2026-07-16,2952.4,59.05,0.0,2893.35
ORD3944,2026-07-20,31840.56,636.81,0.0,31203.75
ORD3945,2026-07-04,36719.52,734.39,0.0,35985.13
ORD3946,2026-07-13,8564.92,171.3,0.0,8393.62
ORD3947,2026-07-04,24982.03,499.64,0.0,24482.39
ORD3948,2026-07-12,16384.63,327.69,0.0,16056.94
ORD3949,2026-07-05,1680.0,33.6,0.0,1646.4
ORD3950,2026-07-28,2031.53,40.63,0.0,1990.9
ORD3951,2026-07-22,17165.11,343.3,0.0,16821.81
ORD3952,2026-07-11,41164.23,823.28,0.0,40340.95
ORD3953,2026-07-16,35898.34,717.97,0.0,35180.37
ORD3954,2026-07-25,14405.12,288.1,0.0,14117.02
ORD3955,2026-07-03,4211.46,84.23,0.84,4126.39
ORD3956,2026-07-23,30134.6,602.69,0.0,29531.91
ORD3957,2026-07-12,19457.97,389.16,0.0,19068.81
ORD3958,2026-07-27,20741.28,414.83,0.0,20326.45
ORD3959,2026-07-28,42925.07,858.5,0.0,42066.57
ORD3960,2026-07-19,30778.39,615.57,0.0,30162.82
ORD3961,2026-07-26,14824.41,296.49,0.0,14527.92
ORD3963,2026-07-08,43058.87,861.18,0.0,42197.69
ORD3964,2026-07-04,3025.49,60.51,0.0,2964.98
ORD3965,2026-07-18,15097.63,301.95,0.0,14795.68
ORD3967,2026-07-15,7469.28,149.39,0.0,7319.89
ORD3968,2026-07-20,5705.01,114.1,0.0,5590.91
ORD3969,2026-07-09,41739.9,834.8,0.0,40905.1
ORD3970,2026-07-16,24609.02,492.18,0.0,24116.84
ORD3971,2026-07-12,16825.19,336.5,0.0,16488.69
ORD3972,2026-07-21,26698.32,533.97,0.0,26164.35
ORD3973,2026-07-02,3289.19,65.78,0.0,3223.41
ORD3974,2026-07-28,13041.6,260.83,0.0,12780.77
ORD3975,2026-07-09,17632.06,264.48,0.0,17367.58
ORD3976,2026-07-24,27019.73,540.39,0.0,26479.34
ORD3977,2026-07-04,35043.89,700.88,0.0,34343.01
ORD3978,2026-07-04,6298.9,125.98,0.0,6172.92
ORD3979,2026-07-13,4909.63,98.19,0.98,4810.46
ORD3980,2026-07-29,25435.07,508.7,0.0,24926.37
ORD3981,2026-07-18,12341.25,308.53,0.0,12032.72
ORD3982,2026-07-28,42536.15,850.72,0.0,41685.43
ORD3983,2026-07-25,24388.29,487.77,0.0,23900.52
ORD3984,2026-07-19,15991.65,319.83,0.0,15671.82
ORD3985,2026-07-18,16913.38,338.27,0.0,16575.11
ORD3986,2026-07-03,35826.38,716.53,0.0,35109.85
ORD3987,2026-07-11,17984.97,359.7,0.0,17625.27
ORD3988,2026-07-11,10414.73,208.29,0.0,10206.44
ORD3989,2026-07-08,3743.85,74.88,0.0,3668.97
ORD3990,2026-07-05,9544.49,190.89,0.0,9353.6
ORD3991,2026-07-16,38180.27,763.61,0.0,37416.66
ORD3992,2026-07-07,861.15,17.22,0.0,843.93
ORD3993,2026-07-23,44756.63,895.13,0.0,43861.5
ORD3994,2026-07-03,19728.99,394.58,0.0,19334.41
ORD3995,2026-07-10,31885.27,637.71,0.0,31247.56
ORD3996,2026-07-12,33482.46,837.06,0.0,32645.4
ORD3998,2026-07-11,26911.13,538.22,0.0,26372.91
ORD3999,2026-07-18,743.04,11.15,0.0,731.89
ORD4000,2026-07-12,28893.13,577.86,0.0,28315.27
ORD4001,2026-07-06,24283.27,485.67,0.0,23797.6
ORD4002,2026-07-25,6321.18,126.42,0.0,6194.76
ORD4003,2026-07-07,44703.04,894.06,0.0,43808.98
ORD4004,2026-07-22,7602.47,152.05,0.0,7450.42
ORD4005,2026-07-20,5160.93,103.22,0.0,5057.71
ORD4007,2026-07-23,39441.68,788.83,0.0,38652.85
ORD4008,2026-07-14,26615.31,532.31,0.0,26083.0
ORD4009,2026-07-02,14219.29,284.39,0.0,13934.9
ORD4010,2026-07-18,16807.51,336.15,3.36,16468.0
ORD4011,2026-07-15,42610.73,639.16,0.0,41971.57
ORD4012,2026-07-05,5403.42,108.07,0.0,5295.35
ORD4013,2026-07-02,37709.22,754.18,0.0,36955.04
ORD4014,2026-07-28,26646.52,532.93,0.0,26113.59
ORD4015,2026-07-14,34900.56,698.01,0.0,34202.55
ORD4016,2026-07-14,1582.01,31.64,0.0,1550.37
ORD4017,2026-07-04,13906.14,278.12,0.0,13628.02
ORD4018,2026-07-24,4479.13,111.98,0.0,4367.15
ORD4019,2026-07-15,31150.1,623.0,0.0,30527.1
ORD4020,2026-07-08,37544.23,750.88,0.0,36793.35
ORD4021,2026-07-26,17399.56,347.99,3.48,17048.09
ORD4022,2026-07-07,8256.98,165.14,0.0,8091.84
ORD4023,2026-07-13,21921.32,438.43,0.0,21482.89
ORD4024,2026-07-19,1598.8,31.98,0.0,1566.82
ORD4025,2026-07-20,19983.52,399.67,0.0,19583.85
ORD4026,2026-07-22,32732.88,654.66,0.0,32078.22
ORD4027,2026-07-06,6076.08,91.14,0.0,5984.94
ORD4028,2026-07-13,23827.66,476.55,4.77,23346.34
ORD4029,2026-07-27,4113.79,82.28,0.0,4031.51
ORD4030,2026-07-06,18222.77,364.46,3.64,17854.67
ORD4031,2026-07-29,24838.02,496.76,0.0,24341.26
ORD4032,2026-07-10,17770.4,355.41,0.0,17414.99
ORD4033,2026-07-07,44306.71,1107.67,0.0,43199.04
ORD4034,2026-07-12,9325.79,186.52,0.0,9139.27
ORD4036,2026-07-25,9118.48,182.37,0.0,8936.11
ORD4037,2026-07-22,15715.73,314.31,0.0,15401.42
ORD4038,2026-07-29,31615.72,632.31,0.0,30983.41
ORD4039,2026-07-25,34432.21,688.64,0.0,33743.57
ORD4040,2026-07-27,32614.49,652.29,0.0,31962.2
ORD4041,2026-07-16,35449.61,708.99,0.0,34740.62
ORD4043,2026-07-24,8124.28,162.49,0.0,7961.79
ORD4044,2026-07-19,2697.21,53.94,0.0,2643.27
ORD4045,2026-07-22,22226.18,444.52,0.0,21781.66
ORD4046,2026-07-14,11365.84,227.32,0.0,11138.52
ORD4047,2026-07-27,30833.24,616.66,0.0,30216.58
ORD4048,2026-07-22,42430.42,848.61,0.0,41581.81
ORD4049,2026-07-25,25275.16,505.5,0.0,24769.66
ORD4050,2026-07-17,33664.8,673.3,0.0,32991.5
ORD4051,2026-07-13,41333.08,826.66,8.27,40498.15
ORD4052,2026-07-11,20889.89,417.8,0.0,20472.09
ORD4054,2026-07-24,26835.51,536.71,0.0,26298.8
ORD4055,2026-07-18,19160.42,383.21,0.0,18777.21
ORD4056,2026-07-29,14551.97,291.04,0.0,14260.93
ORD4057,2026-07-18,12854.42,257.09,0.0,12597.33
ORD4058,2026-07-02,44629.56,892.59,0.0,43736.97
ORD4059,2026-07-27,34343.76,686.88,0.0,33656.88
ORD4060,2026-07-08,42302.53,846.05,0.0,41456.48
ORD4061,2026-07-13,24801.88,496.04,0.0,24305.84
ORD4062,2026-07-22,41908.93,838.18,0.0,41070.75
ORD4063,2026-07-25,27261.51,545.23,0.0,26716.28
ORD4064,2026-07-17,2048.02,40.96,0.0,2007.06
ORD4065,2026-07-27,9917.41,198.35,0.0,9719.06
ORD4066,2026-07-18,31445.84,628.92,0.0,30816.92
ORD4067,2026-07-20,26907.15,538.14,0.0,26369.01
ORD4068,2026-07-06,42898.73,857.97,0.0,42040.76
ORD4069,2026-07-26,40153.34,803.07,0.0,39350.27
ORD4070,2026-07-07,38339.4,766.79,0.0,37572.61
ORD4071,2026-07-25,21420.45,428.41,0.0,20992.04
ORD4072,2026-07-21,17095.29,341.91,0.0,16753.38
ORD4073,2026-07-16,17707.63,354.15,0.0,17353.48
ORD4074,2026-07-26,27700.68,554.01,0.0,27146.67
ORD4075,2026-07-04,15320.98,306.42,0.0,15014.56
ORD4076,2026-07-29,14053.46,281.07,2.81,13769.58
ORD4077,2026-07-19,5744.94,114.9,0.0,5630.04
ORD4078,2026-07-28,8645.77,172.92,0.0,8472.85
ORD4079,2026-07-14,28812.81,576.26,0.0,28236.55
ORD4080,2026-07-25,43662.16,873.24,0.0,42788.92
ORD4081,2026-07-11,1984.77,39.7,0.0,1945.07
ORD4082,2026-07-14,14162.83,283.26,0.0,13879.57
ORD4083,2026-07-15,44479.94,889.6,0.0,43590.34
ORD4084,2026-07-10,10411.86,208.24,0.0,10203.62
ORD4085,2026-07-08,2844.74,42.67,0.0,2802.07
ORD4086,2026-07-02,28596.76,571.94,0.0,28024.82
ORD4087,2026-07-08,6590.5,131.81,0.0,6458.69
ORD4088,2026-07-06,13629.19,272.58,0.0,13356.61
ORD4089,2026-07-20,24198.61,483.97,0.0,23714.64
ORD4090,2026-07-25,26190.33,523.81,0.0,25666.52
ORD4091,2026-07-25,32231.47,644.63,0.0,31586.84
ORD4092,2026-07-16,956.41,19.13,0.0,937.28
ORD4093,2026-07-08,41822.61,836.45,0.0,40986.16
ORD4094,2026-07-13,22071.19,441.42,4.41,21625.36
ORD4095,2026-07-11,15846.49,316.93,0.0,15529.56
ORD4096,2026-07-07,11680.67,233.61,0.0,11447.06
ORD4097,2026-07-28,39476.21,789.52,0.0,38686.69
ORD4098,2026-07-30,6690.79,133.82,0.0,6556.97
ORD4099,2026-07-06,3048.95,60.98,0.61,2987.36
ORD4100,2026-07-22,28591.43,571.83,0.0,28019.6
ORD4101,2026-07-08,1548.44,30.97,0.0,1517.47
ORD4102,2026-07-05,24035.96,480.72,0.0,23555.24
ORD4103,2026-07-16,11137.79,222.76,0.0,10915.03
ORD4104,2026-07-23,13675.44,273.51,0.0,13401.93
ORD4105,2026-07-14,10832.46,216.65,0.0,10615.81
ORD4106,2026-07-30,15990.11,319.8,0.0,15670.31
ORD4107,2026-07-09,43118.79,862.38,8.62,42247.79
ORD4108,2026-07-27,5133.2,102.66,0.0,5030.54
ORD4109,2026-07-12,11013.45,220.27,0.0,10793.18
ORD4110,2026-07-21,44128.26,882.57,0.0,43245.69
ORD4111,2026-07-08,10612.39,265.31,0.0,10347.08
ORD4113,2026-07-21,27418.74,548.37,0.0,26870.37
ORD4114,2026-07-04,41642.28,832.85,0.0,40809.43
ORD4115,2026-07-08,13791.36,275.83,0.0,13515.53
ORD4116,2026-07-03,6452.83,129.06,0.0,6323.77
ORD4117,2026-07-14,42964.15,859.28,8.59,42096.28
ORD4118,2026-07-18,7244.79,144.9,0.0,7099.89
ORD4119,2026-07-11,16986.84,339.74,0.0,16647.1
ORD4120,2026-07-25,38133.97,762.68,0.0,37371.29
ORD4121,2026-07-29,42682.63,853.65,0.0,41828.98
ORD4122,2026-07-21,42747.87,854.96,0.0,41892.91
ORD4123,2026-07-30,44039.71,880.79,0.0,43158.92
ORD4125,2026-07-26,16292.78,325.86,0.0,15966.92
ORD4126,2026-07-16,14905.14,298.1,0.0,14607.04
ORD4127,2026-07-22,8661.02,216.53,0.0,8444.49
ORD4128,2026-07-15,40702.13,814.04,0.0,39888.09
ORD4129,2026-07-30,11590.69,231.81,0.0,11358.88
ORD4130,2026-07-20,33054.06,661.08,0.0,32392.98
ORD4131,2026-07-22,41394.06,827.88,0.0,40566.18
ORD4132,2026-07-08,34351.95,687.04,0.0,33664.91
ORD4134,2026-07-17,2774.8,55.5,0.0,2719.3
ORD4135,2026-07-25,1682.03,33.64,0.0,1648.39
ORD4136,2026-07-14,44197.68,883.95,0.0,43313.73
ORD4137,2026-07-28,36704.91,734.1,0.0,35970.81
ORD4138,2026-07-20,16807.68,336.15,3.36,16468.17
ORD4139,2026-07-24,10468.63,209.37,0.0,10259.26
ORD4140,2026-07-09,12853.97,257.08,0.0,12596.89
ORD4141,2026-07-13,39230.92,784.62,0.0,38446.3
ORD4142,2026-07-27,31486.41,629.73,6.3,30850.38
ORD4143,2026-07-03,39057.91,976.45,0.0,38081.46
ORD4144,2026-07-19,11989.0,239.78,0.0,11749.22
ORD4145,2026-07-10,9444.89,188.9,0.0,9255.99
ORD4146,2026-07-05,8656.65,173.13,0.0,8483.52
ORD4147,2026-07-29,35732.14,714.64,0.0,35017.5
ORD4148,2026-07-18,26998.07,539.96,0.0,26458.11
ORD4149,2026-07-02,40830.88,816.62,0.0,40014.26
ORD4150,2026-07-16,30056.75,601.13,0.0,29455.62
ORD4151,2026-07-26,27694.83,553.9,0.0,27140.93
ORD4152,2026-07-18,8379.25,167.59,0.0,8211.66
ORD4153,2026-07-16,35166.35,527.5,0.0,34638.85
ORD4154,2026-07-08,6538.57,130.77,0.0,6407.8
ORD4155,2026-07-13,41938.54,838.77,8.39,41091.38
ORD4156,2026-07-18,8710.01,174.2,0.0,8535.81
ORD4157,2026-07-21,31680.22,633.6,0.0,31046.62
ORD4158,2026-07-24,17063.64,341.27,0.0,16722.37
ORD4159,2026-07-12,42843.33,856.87,0.0,41986.46
ORD4160,2026-07-18,43368.32,867.37,0.0,42500.95
ORD4161,2026-07-17,40325.58,1008.14,0.0,39317.44
ORD4162,2026-07-12,25156.84,503.14,0.0,24653.7
ORD4163,2026-07-16,33781.27,675.63,0.0,33105.64
ORD4164,2026-07-12,14015.21,280.3,0.0,13734.91
ORD4165,2026-07-17,35372.49,707.45,0.0,34665.04
ORD4166,2026-07-05,24197.7,483.95,0.0,23713.75
ORD4167,2026-07-03,28021.79,560.44,0.0,27461.35
ORD4168,2026-07-07,34809.74,696.19,0.0,34113.55
ORD4169,2026-07-21,13918.22,278.36,0.0,13639.86
ORD4170,2026-07-02,21421.6,428.43,0.0,20993.17
ORD4171,2026-07-19,18777.58,375.55,0.0,18402.03
ORD4172,2026-07-12,43074.28,861.49,0.0,42212.79
ORD4173,2026-07-28,42025.98,840.52,0.0,41185.46
ORD4174,2026-07-04,28163.33,563.27,0.0,27600.06
ORD4175,2026-07-04,23237.42,580.94,0.0,22656.48
ORD4176,2026-07-18,33884.45,677.69,0.0,33206.76
ORD4177,2026-07-27,7823.6,156.47,0.0,7667.13
ORD4178,2026-07-13,18272.5,365.45,0.0,17907.05
ORD4179,2026-07-13,40223.42,804.47,0.0,39418.95
ORD4180,2026-07-16,21570.23,431.4,0.0,21138.83
ORD4181,2026-07-29,13430.32,268.61,0.0,13161.71
ORD4182,2026-07-11,43505.23,870.1,0.0,42635.13
ORD4183,2026-07-24,35318.13,706.36,0.0,34611.77
ORD4184,2026-07-06,23137.6,462.75,0.0,22674.85
ORD4185,2026-07-05,1552.93,31.06,0.0,1521.87
ORD4186,2026-07-24,20868.63,417.37,0.0,20451.26
ORD4187,2026-07-17,7466.16,149.32,0.0,7316.84
ORD4188,2026-07-11,39143.37,782.87,0.0,38360.5
ORD4189,2026-07-24,26608.58,532.17,0.0,26076.41
ORD4190,2026-07-24,41573.39,1247.2,0.0,40326.19
ORD4191,2026-07-25,5557.1,111.14,0.0,5445.96
ORD4192,2026-07-30,33819.5,676.39,0.0,33143.11
ORD4193,2026-07-20,21398.66,427.97,0.0,20970.69
ORD4195,2026-07-11,5148.86,128.72,0.0,5020.14
ORD4196,2026-07-14,32731.43,654.63,0.0,32076.8
ORD4197,2026-07-26,1967.76,39.36,0.0,1928.4
ORD4198,2026-07-13,14736.92,294.74,0.0,14442.18
ORD4199,2026-07-20,28887.5,577.75,0.0,28309.75
ORD4200,2026-07-08,1751.89,52.56,0.0,1699.33
ORD4201,2026-07-06,1065.23,21.3,0.0,1043.93
ORD4202,2026-07-24,39149.14,782.98,0.0,38366.16
ORD4203,2026-07-13,29534.02,590.68,0.0,28943.34
ORD4204,2026-07-17,16765.94,335.32,0.0,16430.62
ORD4205,2026-07-29,15799.06,315.98,0.0,15483.08
ORD4206,2026-07-13,11978.22,239.56,0.0,11738.66
ORD4207,2026-07-23,37311.76,447.74,0.0,36864.02
ORD4208,2026-07-29,8944.64,178.89,0.0,8765.75
ORD4210,2026-07-10,38994.03,779.88,0.0,38214.15
ORD4211,2026-07-19,36713.76,734.28,0.0,35979.48
ORD4212,2026-07-14,22510.75,450.22,0.0,22060.53
ORD4213,2026-07-30,33340.02,666.8,0.0,32673.22
ORD4214,2026-07-13,35796.36,715.93,7.16,35073.27
ORD4215,2026-07-04,10663.62,213.27,0.0,10450.35
ORD4216,2026-07-29,6842.03,136.84,0.0,6705.19
ORD4217,2026-07-20,4272.5,85.45,0.0,4187.05
ORD4218,2026-07-10,39247.69,981.19,0.0,38266.5
ORD4219,2026-07-12,40995.99,819.92,0.0,40176.07
ORD4221,2026-07-10,16785.24,419.63,0.0,16365.61
ORD4222,2026-07-11,33770.84,675.42,0.0,33095.42
ORD4223,2026-07-05,16019.98,320.4,0.0,15699.58
ORD4224,2026-07-29,14406.25,288.12,2.88,14115.25
ORD4225,2026-07-22,14174.24,283.48,2.83,13887.93
ORD4226,2026-07-19,15977.43,319.55,0.0,15657.88
ORD4227,2026-07-20,7494.1,149.88,0.0,7344.22
ORD4228,2026-07-29,23496.22,469.92,0.0,23026.3
ORD4229,2026-07-23,38277.64,765.55,0.0,37512.09
ORD4231,2026-07-27,43793.18,875.86,0.0,42917.32
ORD4232,2026-07-30,41408.13,828.16,0.0,40579.97
ORD4233,2026-07-12,39876.34,797.53,0.0,39078.81
ORD4234,2026-07-23,16641.87,332.84,0.0,16309.03
ORD4235,2026-07-20,19724.04,394.48,0.0,19329.56
ORD4236,2026-07-25,44844.53,896.89,0.0,43947.64
ORD4237,2026-07-05,15383.48,307.67,3.08,15072.73
ORD4238,2026-07-16,22301.98,446.04,0.0,21855.94
ORD4240,2026-07-04,43930.48,878.61,8.79,43043.08
ORD4241,2026-07-20,15451.88,309.04,0.0,15142.84
ORD4242,2026-07-08,41776.84,835.54,0.0,40941.3
ORD4243,2026-07-04,13777.36,275.55,0.0,13501.81
ORD4244,2026-07-12,17876.92,357.54,0.0,17519.38
ORD4245,2026-07-10,42324.06,846.48,0.0,41477.58
ORD4246,2026-07-24,22838.79,456.78,0.0,22382.01
ORD4247,2026-07-28,11978.7,239.57,0.0,11739.13
ORD4248,2026-07-21,15422.59,462.68,0.0,14959.91
ORD4249,2026-07-26,12238.23,244.76,0.0,11993.47
ORD4250,2026-07-12,44019.75,660.3,0.0,43359.45
ORD4251,2026-07-05,8912.16,178.24,0.0,8733.92
ORD4253,2026-07-28,30820.81,616.42,0.0,30204.39
ORD4254,2026-07-13,23509.98,470.2,0.0,23039.78
ORD4255,2026-07-09,3137.21,62.74,0.0,3074.47
ORD4256,2026-07-26,11735.68,234.71,0.0,11500.97
ORD4257,2026-07-20,23872.27,477.45,0.0,23394.82
ORD4258,2026-07-24,41106.79,822.14,0.0,40284.65
ORD4259,2026-07-16,30033.31,600.67,0.0,29432.64
ORD4260,2026-07-12,28530.08,570.6,0.0,27959.48
ORD4261,2026-07-14,11823.6,236.47,2.36,11584.77
ORD4262,2026-07-18,17301.2,346.02,0.0,16955.18
ORD4263,2026-07-22,8531.38,255.94,0.0,8275.44
ORD4264,2026-07-17,14197.35,283.95,0.0,13913.4
ORD4265,2026-07-13,43880.32,877.61,0.0,43002.71
ORD4266,2026-07-18,10270.51,205.41,0.0,10065.1
ORD4267,2026-07-29,5887.95,117.76,0.0,5770.19
ORD4268,2026-07-17,22711.74,454.23,4.54,22252.97
ORD4269,2026-07-03,25170.88,503.42,0.0,24667.46
ORD4270,2026-07-26,32187.39,643.75,0.0,31543.64
ORD4271,2026-07-12,8953.38,179.07,0.0,8774.31
ORD4273,2026-07-26,3100.51,62.01,0.0,3038.5
ORD4274,2026-07-08,22021.84,440.44,0.0,21581.4
ORD4275,2026-07-19,4016.53,80.33,0.0,3936.2
ORD4276,2026-07-20,32400.28,648.01,0.0,31752.27
ORD4277,2026-07-23,13402.23,268.04,0.0,13134.19
ORD4278,2026-07-23,17316.45,346.33,0.0,16970.12
ORD4279,2026-07-14,34506.61,690.13,0.0,33816.48
ORD4281,2026-07-18,18347.3,366.95,0.0,17980.35
ORD4282,2026-07-20,3969.69,79.39,0.0,3890.3
ORD4283,2026-07-27,42113.79,842.28,0.0,41271.51
ORD4284,2026-07-25,14734.86,442.05,0.0,14292.81
ORD4285,2026-07-09,10283.71,205.67,0.0,10078.04
ORD4286,2026-07-28,41568.13,831.36,0.0,40736.77
ORD4287,2026-07-05,39250.86,785.02,0.0,38465.84
ORD4288,2026-07-03,11286.13,225.72,0.0,11060.41
ORD4290,2026-07-15,4801.92,96.04,0.0,4705.88
ORD4291,2026-07-08,2076.5,41.53,0.0,2034.97
ORD4293,2026-07-05,36267.08,725.34,0.0,35541.74
ORD4294,2026-07-11,28044.75,841.34,0.0,27203.41
ORD4295,2026-07-05,30512.69,610.25,0.0,29902.44
ORD4296,2026-07-24,21540.24,430.8,0.0,21109.44
ORD4297,2026-07-20,943.67,18.87,0.0,924.8
ORD4298,2026-07-29,38364.44,767.29,7.67,37589.48
ORD4299,2026-07-03,33677.4,673.55,0.0,33003.85
ORD4300,2026-07-26,11249.31,224.99,0.0,11024.32
ORD4301,2026-07-04,8614.97,172.3,0.0,8442.67
ORD4302,2026-07-05,25123.14,502.46,0.0,24620.68
ORD4303,2026-07-14,1756.47,35.13,0.0,1721.34
ORD4304,2026-07-20,43772.23,875.44,0.0,42896.79
ORD4305,2026-07-06,1422.08,28.44,0.0,1393.64
ORD4306,2026-07-27,28942.55,578.85,0.0,28363.7
ORD4307,2026-07-14,40888.94,817.78,0.0,40071.16
ORD4308,2026-07-27,5212.12,62.55,0.0,5149.57
ORD4309,2026-07-20,1787.48,35.75,0.0,1751.73
ORD4310,2026-07-12,8638.69,129.58,0.0,8509.11
ORD4311,2026-07-16,9698.91,193.98,0.0,9504.93
ORD4312,2026-07-17,5916.87,71.0,0.0,5845.87
ORD4313,2026-07-06,3176.7,63.53,0.0,3113.17
ORD4314,2026-07-08,9179.31,183.59,0.0,8995.72
ORD4315,2026-07-28,33323.7,666.47,0.0,32657.23
ORD4316,2026-07-14,41666.48,833.33,0.0,40833.15
ORD4317,2026-07-24,10996.5,219.93,2.2,10774.37
ORD4318,2026-07-07,4476.91,89.54,0.0,4387.37
ORD4319,2026-07-05,7462.77,111.94,0.0,7350.83
ORD4320,2026-07-12,17730.91,354.62,0.0,17376.29
ORD4321,2026-07-09,33699.16,673.98,0.0,33025.18
ORD4322,2026-07-25,41837.83,836.76,8.37,40992.7
ORD4323,2026-07-24,30449.08,608.98,0.0,29840.1
ORD4324,2026-07-26,27012.8,540.26,0.0,26472.54
ORD4325,2026-07-19,23266.71,465.33,0.0,22801.38
ORD4326,2026-07-18,8612.18,172.24,0.0,8439.94
ORD4327,2026-07-09,16184.84,323.7,0.0,15861.14
ORD4328,2026-07-12,26624.56,532.49,0.0,26092.07
ORD4329,2026-07-15,41725.95,834.52,0.0,40891.43
ORD4330,2026-07-04,12290.65,245.81,0.0,12044.84
ORD4331,2026-07-30,16872.6,337.45,0.0,16535.15
ORD4333,2026-07-20,42039.29,840.79,0.0,41198.5
ORD4334,2026-07-09,19133.93,382.68,0.0,18751.25
ORD4335,2026-07-26,37651.2,753.02,0.0,36898.18
ORD4336,2026-07-05,3873.52,77.47,0.0,3796.05
ORD4337,2026-07-22,40011.8,800.24,0.0,39211.56
ORD4338,2026-07-10,26143.3,522.87,0.0,25620.43
ORD4339,2026-07-20,12459.35,249.19,0.0,12210.16
ORD4340,2026-07-15,20937.04,418.74,0.0,20518.3
ORD4341,2026-07-11,33963.08,679.26,0.0,33283.82
ORD4342,2026-07-22,13863.26,277.27,0.0,13585.99
ORD4343,2026-07-26,2666.23,53.32,0.0,2612.91
ORD4344,2026-07-15,21032.9,420.66,0.0,20612.24
ORD4345,2026-07-05,32627.93,652.56,0.0,31975.37
ORD4346,2026-07-15,1710.12,34.2,0.0,1675.92
ORD4347,2026-07-29,35035.65,700.71,0.0,34334.94
ORD4348,2026-07-26,35828.85,716.58,0.0,35112.27
ORD4350,2026-07-18,8331.53,166.63,0.0,8164.9
ORD4351,2026-07-04,10233.52,204.67,0.0,10028.85
ORD4352,2026-07-30,14917.65,298.35,0.0,14619.3
ORD4353,2026-07-22,23272.38,465.45,0.0,22806.93
ORD4354,2026-07-14,31969.94,959.1,0.0,31010.84
ORD4355,2026-07-25,35141.26,702.83,0.0,34438.43
ORD4356,2026-07-05,37829.81,756.6,0.0,37073.21
ORD4357,2026-07-19,15937.78,318.76,0.0,15619.02
ORD4358,2026-07-15,36416.83,728.34,0.0,35688.49
ORD4359,2026-07-04,10876.22,217.52,0.0,10658.7
ORD4360,2026-07-23,29308.65,586.17,0.0,28722.48
ORD4361,2026-07-07,32819.55,656.39,0.0,32163.16
ORD4362,2026-07-09,9153.92,183.08,0.0,8970.84
ORD4363,2026-07-17,36663.52,733.27,0.0,35930.25
ORD4365,2026-07-25,38598.39,771.97,0.0,37826.42
ORD4366,2026-07-25,36690.09,917.25,0.0,35772.84
ORD4367,2026-07-28,26521.5,530.43,0.0,25991.07
ORD4368,2026-07-06,30676.88,920.31,0.0,29756.57
ORD4369,2026-07-18,13270.2,265.4,0.0,13004.8
ORD4370,2026-07-25,40835.51,816.71,0.0,40018.8
ORD4371,2026-07-29,5705.33,114.11,0.0,5591.22
ORD4372,2026-07-24,19626.74,392.53,0.0,19234.21
ORD4373,2026-07-10,29710.36,356.52,0.0,29353.84
ORD4374,2026-07-26,15889.32,317.79,0.0,15571.53
ORD4375,2026-07-15,20380.15,407.6,0.0,19972.55
ORD4376,2026-07-12,23149.92,463.0,4.63,22682.29
ORD4377,2026-07-08,24778.62,495.57,0.0,24283.05
ORD4378,2026-07-23,30071.48,601.43,0.0,29470.05
ORD4379,2026-07-28,27407.2,548.14,0.0,26859.06
ORD4380,2026-07-18,6216.09,124.32,0.0,6091.77
ORD4381,2026-07-26,14554.86,291.1,0.0,14263.76
ORD4383,2026-07-03,17928.02,358.56,0.0,17569.46
ORD4384,2026-07-19,15725.77,314.52,0.0,15411.25
ORD4385,2026-07-25,16015.04,320.3,0.0,15694.74
ORD4386,2026-07-15,37313.81,746.28,0.0,36567.53
ORD4387,2026-07-28,29708.92,594.18,0.0,29114.74
ORD4388,2026-07-24,27361.21,547.22,0.0,26813.99
ORD4389,2026-07-09,19860.42,397.21,0.0,19463.21
ORD4390,2026-07-06,25007.2,500.14,5.0,24502.06
ORD4391,2026-07-03,35115.75,702.32,0.0,34413.43
ORD4392,2026-07-17,41202.9,824.06,0.0,40378.84
ORD4393,2026-07-16,34400.19,688.0,0.0,33712.19
ORD4394,2026-07-17,25451.62,509.03,0.0,24942.59
ORD4395,2026-07-20,7172.35,143.45,0.0,7028.9
ORD4396,2026-07-11,12840.35,256.81,0.0,12583.54
ORD4397,2026-07-10,9140.86,182.82,0.0,8958.04
ORD4398,2026-07-14,3975.57,79.51,0.0,3896.06
ORD4399,2026-07-23,35722.47,714.45,0.0,35008.02
ORD4400,2026-07-24,5039.73,100.79,0.0,4938.94
ORD4401,2026-07-09,30090.99,601.82,0.0,29489.17
ORD4402,2026-07-13,13165.26,263.31,0.0,12901.95
ORD4404,2026-07-17,9758.61,195.17,0.0,9563.44
ORD4405,2026-07-05,30009.36,600.19,6.0,29403.17
ORD4406,2026-07-11,3818.62,76.37,0.0,3742.25
ORD4407,2026-07-09,15100.46,302.01,3.02,14795.43
ORD4408,2026-07-13,6186.45,123.73,0.0,6062.72
ORD4409,2026-07-24,35582.82,711.66,0.0,34871.16
ORD4410,2026-07-28,32261.84,645.24,0.0,31616.6
ORD4411,2026-07-25,11761.03,235.22,0.0,11525.81
ORD4412,2026-07-22,4253.66,85.07,0.0,4168.59
ORD4413,2026-07-13,2838.57,56.77,0.0,2781.8
ORD4414,2026-07-24,8669.22,173.38,0.0,8495.84
ORD4415,2026-07-23,27403.82,548.08,5.48,26850.26
ORD4416,2026-07-06,36289.9,725.8,0.0,35564.1
ORD4417,2026-07-08,40554.39,811.09,0.0,39743.3
ORD4418,2026-07-10,5815.42,116.31,0.0,5699.11
ORD4421,2026-07-14,39115.69,782.31,0.0,38333.38
ORD4422,2026-07-30,17305.13,346.1,0.0,16959.03
ORD4423,2026-07-09,43544.05,870.88,0.0,42673.17
ORD4424,2026-07-26,27905.93,697.65,0.0,27208.28
ORD4425,2026-07-29,42055.29,841.11,0.0,41214.18
ORD4426,2026-07-12,35282.89,705.66,0.0,34577.23
ORD4427,2026-07-21,18009.62,360.19,0.0,17649.43
ORD4428,2026-07-03,8562.96,171.26,0.0,8391.7
ORD4429,2026-07-23,33561.84,671.24,0.0,32890.6
ORD4430,2026-07-03,41077.58,821.55,0.0,40256.03
ORD4431,2026-07-09,22698.25,453.97,0.0,22244.28
ORD4432,2026-07-04,23475.03,469.5,0.0,23005.53
ORD4433,2026-07-10,41989.6,839.79,0.0,41149.81
ORD4434,2026-07-23,1585.77,31.72,0.0,1554.05
ORD4435,2026-07-28,41363.7,827.27,0.0,40536.43
ORD4436,2026-07-25,35592.52,711.85,0.0,34880.67
ORD4437,2026-07-03,9398.75,187.97,0.0,9210.78
ORD4438,2026-07-12,31286.57,625.73,0.0,30660.84
ORD4439,2026-07-08,13057.43,261.15,0.0,12796.28
ORD4440,2026-07-30,30699.13,613.98,0.0,30085.15
ORD4441,2026-07-24,11470.55,229.41,0.0,11241.14
ORD4442,2026-07-23,37306.02,746.12,0.0,36559.9
ORD4444,2026-07-11,2248.56,44.97,0.45,2203.14
ORD4445,2026-07-22,16110.33,322.21,0.0,15788.12
ORD4446,2026-07-14,39205.42,784.11,0.0,38421.31
ORD4447,2026-07-22,16549.37,330.99,0.0,16218.38
ORD4448,2026-07-10,11847.47,236.95,0.0,11610.52
ORD4449,2026-07-23,12897.74,257.95,2.58,12637.21
ORD4450,2026-07-09,24129.17,482.58,0.0,23646.59
ORD4451,2026-07-18,10459.33,209.19,0.0,10250.14
ORD4452,2026-07-06,36479.2,729.58,0.0,35749.62
ORD4453,2026-07-26,26474.44,529.49,0.0,25944.95
ORD4454,2026-07-25,23911.5,478.23,4.78,23428.49
ORD4455,2026-07-11,41739.11,834.78,0.0,40904.33
ORD4456,2026-07-11,5457.96,109.16,0.0,5348.8
ORD4457,2026-07-27,2495.16,62.38,0.0,2432.78
ORD4458,2026-07-27,27085.55,541.71,0.0,26543.84
ORD4459,2026-07-29,42356.73,847.13,0.0,41509.6
ORD4460,2026-07-14,11470.03,229.4,0.0,11240.63
ORD4461,2026-07-19,30659.31,613.19,0.0,30046.12
ORD4462,2026-07-09,9887.92,197.76,0.0,9690.16
ORD4463,2026-07-03,19843.94,396.88,0.0,19447.06
ORD4464,2026-07-05,24107.19,482.14,0.0,23625.05
ORD4465,2026-07-10,13860.37,277.21,0.0,13583.16
ORD4466,2026-07-16,16056.21,401.41,0.0,15654.8
ORD4467,2026-07-06,9256.59,185.13,0.0,9071.46
ORD4468,2026-07-26,14029.44,280.59,0.0,13748.85
ORD4469,2026-07-07,23450.57,469.01,0.0,22981.56
ORD4470,2026-07-08,37962.72,759.25,0.0,37203.47
ORD4471,2026-07-21,2890.32,57.81,0.0,2832.51
ORD4472,2026-07-13,12757.1,255.14,2.55,12499.41
ORD4473,2026-07-21,16834.73,336.69,0.0,16498.04
ORD4474,2026-07-29,11843.01,236.86,0.0,11606.15
ORD4475,2026-07-27,44965.75,899.32,0.0,44066.43
ORD4476,2026-07-16,12247.42,244.95,0.0,12002.47
ORD4477,2026-07-11,44079.9,881.6,0.0,43198.3
ORD4478,2026-07-07,31489.1,629.78,6.3,30853.02
ORD4479,2026-07-16,29438.47,588.77,0.0,28849.7
ORD4480,2026-07-22,17843.03,356.86,0.0,17486.17
ORD4481,2026-07-05,10214.18,204.28,2.04,10007.86
ORD4482,2026-07-30,35571.45,711.43,0.0,34860.02
ORD4483,2026-07-28,38955.47,779.11,0.0,38176.36
ORD4484,2026-07-25,10922.42,218.45,0.0,10703.97
ORD4485,2026-07-03,8715.7,174.31,0.0,8541.39
ORD4486,2026-07-25,14648.5,292.97,0.0,14355.53
ORD4487,2026-07-15,21829.81,436.6,0.0,21393.21
ORD4488,2026-07-22,33941.3,678.83,0.0,33262.47
ORD4490,2026-07-24,22671.95,272.06,0.0,22399.89
ORD4492,2026-07-14,1469.97,29.4,0.0,1440.57
ORD4493,2026-07-17,34601.13,692.02,0.0,33909.11
ORD4494,2026-07-09,39906.64,798.13,0.0,39108.51
ORD4495,2026-07-14,35850.06,717.0,0.0,35133.06
ORD4496,2026-07-15,31774.97,635.5,0.0,31139.47
ORD4497,2026-07-04,10698.45,213.97,0.0,10484.48
ORD4498,2026-07-13,36307.25,726.14,0.0,35581.11
ORD4499,2026-07-17,16224.02,324.48,0.0,15899.54
ORD4500,2026-07-13,14921.85,298.44,0.0,14623.41
ORD4501,2026-07-25,40082.3,801.65,0.0,39280.65
ORD4502,2026-07-13,32516.15,650.32,0.0,31865.83
ORD4503,2026-07-13,31515.47,630.31,0.0,30885.16
ORD4504,2026-07-14,5138.84,102.78,0.0,5036.06
ORD4505,2026-07-16,5358.23,107.16,0.0,5251.07
ORD4506,2026-07-21,10679.7,213.59,0.0,10466.11
ORD4507,2026-07-29,40013.95,800.28,0.0,39213.67
ORD4508,2026-07-12,1677.51,33.55,0.0,1643.96
ORD4509,2026-07-02,14003.15,420.09,0.0,13583.06
ORD4510,2026-07-17,36261.13,725.22,0.0,35535.91
ORD4511,2026-07-16,8809.44,176.19,0.0,8633.25
ORD4512,2026-07-12,11376.29,227.53,0.0,11148.76
ORD4515,2026-07-03,44583.38,891.67,8.92,43682.79
ORD4516,2026-07-23,38420.32,768.41,0.0,37651.91
ORD4517,2026-07-29,22485.34,449.71,4.5,22031.13
ORD4518,2026-07-21,8839.46,176.79,0.0,8662.67
ORD4519,2026-07-02,18635.58,372.71,0.0,18262.87
ORD4520,2026-07-19,39593.14,791.86,0.0,38801.28
ORD4521,2026-07-11,39800.93,796.02,7.96,38996.95
ORD4522,2026-07-23,41357.44,827.15,8.27,40522.02
ORD4523,2026-07-08,32830.16,656.6,0.0,32173.56
ORD4524,2026-07-12,27057.42,541.15,0.0,26516.27
ORD4525,2026-07-26,36077.06,721.54,7.22,35348.3
ORD4527,2026-07-28,24271.6,485.43,0.0,23786.17
ORD4528,2026-07-25,28402.61,568.05,0.0,27834.56
ORD4529,2026-07-10,32405.4,648.11,0.0,31757.29
ORD4530,2026-07-03,4065.9,81.32,0.0,3984.58
ORD4531,2026-07-26,22045.95,440.92,0.0,21605.03
ORD4532,2026-07-22,11670.42,233.41,2.33,11434.68
ORD4533,2026-07-19,24641.21,369.62,0.0,24271.59
ORD4534,2026-07-11,13940.97,278.82,0.0,13662.15
ORD4535,2026-07-15,8007.74,160.15,0.0,7847.59
ORD4537,2026-07-13,25270.37,505.41,0.0,24764.96
ORD4538,2026-07-28,5818.71,116.37,0.0,5702.34
ORD4539,2026-07-06,32765.42,655.31,0.0,32110.11
ORD4540,2026-07-30,28968.62,579.37,0.0,28389.25
ORD4541,2026-07-23,5318.07,106.36,0.0,5211.71
ORD4542,2026-07-18,21929.62,438.59,0.0,21491.03
ORD4544,2026-07-17,24592.65,491.85,0.0,24100.8
ORD4545,2026-07-27,18084.83,452.12,0.0,17632.71
ORD4546,2026-07-19,11878.04,296.95,0.0,11581.09
ORD4547,2026-07-21,9672.11,193.44,0.0,9478.67
ORD4548,2026-07-15,27956.46,559.13,0.0,27397.33
ORD4549,2026-07-06,38621.8,772.44,0.0,37849.36
ORD4550,2026-07-10,42233.23,844.66,8.45,41380.12
ORD4551,2026-07-24,24862.22,497.24,0.0,24364.98
ORD4552,2026-07-14,20111.13,402.22,0.0,19708.91
ORD4553,2026-07-13,15552.75,311.06,0.0,15241.69
ORD4554,2026-07-14,22914.03,458.28,0.0,22455.75
ORD4555,2026-07-12,25187.68,503.75,0.0,24683.93
ORD4556,2026-07-18,42768.47,855.37,0.0,41913.1
ORD4557,2026-07-05,44405.91,888.12,8.88,43508.91
ORD4558,2026-07-08,2554.3,51.09,0.0,2503.21
ORD4559,2026-07-18,28334.21,566.68,5.67,27761.86
ORD4560,2026-07-16,28252.23,565.04,0.0,27687.19
ORD4561,2026-07-14,38516.21,770.32,0.0,37745.89
ORD4562,2026-07-10,37009.55,740.19,0.0,36269.36
ORD4563,2026-07-04,14082.28,281.65,0.0,13800.63
ORD4564,2026-07-14,28453.67,569.07,0.0,27884.6
ORD4565,2026-07-16,38295.51,765.91,0.0,37529.6
ORD4566,2026-07-15,11220.04,280.5,0.0,10939.54
ORD4567,2026-07-24,9309.3,186.19,0.0,9123.11
ORD4568,2026-07-19,32993.29,659.87,0.0,32333.42
ORD4569,2026-07-17,35045.33,700.91,0.0,34344.42
ORD4570,2026-07-04,27237.34,544.75,0.0,26692.59
ORD4571,2026-07-29,9772.98,195.46,0.0,9577.52
ORD4572,2026-07-06,30748.09,614.96,0.0,30133.13
ORD4573,2026-07-08,19691.56,393.83,0.0,19297.73
ORD4574,2026-07-06,32306.69,646.13,0.0,31660.56
ORD4575,2026-07-18,12980.6,259.61,0.0,12720.99
ORD4576,2026-07-18,19418.21,388.36,0.0,19029.85
ORD4577,2026-07-14,31738.71,634.77,0.0,31103.94
ORD4578,2026-07-07,9451.66,189.03,0.0,9262.63
ORD4579,2026-07-25,9065.4,181.31,0.0,8884.09
ORD4580,2026-07-11,37879.75,757.6,0.0,37122.15
ORD4581,2026-07-19,22069.58,441.39,0.0,21628.19
ORD4582,2026-07-06,38592.6,771.85,0.0,37820.75
ORD4583,2026-07-30,22721.76,454.44,0.0,22267.32
ORD4584,2026-07-25,23500.93,470.02,0.0,23030.91
ORD4585,2026-07-04,14191.79,283.84,0.0,13907.95
ORD4586,2026-07-25,10150.45,203.01,0.0,9947.44
ORD4587,2026-07-23,33445.3,668.91,0.0,32776.39
ORD4588,2026-07-05,2875.93,57.52,0.0,2818.41
ORD4589,2026-07-15,42352.82,847.06,0.0,41505.76
ORD4590,2026-07-16,33393.43,667.87,0.0,32725.56
ORD4591,2026-07-22,36412.83,728.26,0.0,35684.57
ORD4592,2026-07-13,38840.34,776.81,0.0,38063.53
ORD4593,2026-07-10,34877.21,697.54,0.0,34179.67
ORD4594,2026-07-14,18700.35,374.01,0.0,18326.34
ORD4596,2026-07-24,22726.39,454.53,0.0,22271.86
ORD4597,2026-07-07,33762.7,675.25,0.0,33087.45
ORD4598,2026-07-17,31084.35,621.69,6.22,30456.44
ORD4599,2026-07-27,27807.86,556.16,0.0,27251.7
ORD4600,2026-07-06,3542.61,70.85,0.0,3471.76
ORD4601,2026-07-19,25313.64,506.27,0.0,24807.37
ORD4602,2026-07-12,36667.84,733.36,0.0,35934.48
ORD4603,2026-07-05,5868.08,117.36,0.0,5750.72
ORD4604,2026-07-07,17998.78,215.99,0.0,17782.79
ORD4605,2026-07-08,18327.07,366.54,3.67,17956.86
ORD4606,2026-07-28,37487.48,749.75,0.0,36737.73
ORD4607,2026-07-24,18778.41,375.57,0.0,18402.84
ORD4608,2026-07-07,42637.49,852.75,0.0,41784.74
ORD4610,2026-07-04,14497.24,289.94,0.0,14207.3
ORD4611,2026-07-25,29411.24,588.22,0.0,28823.02
ORD4612,2026-07-22,20288.64,405.77,4.06,19878.81
ORD4613,2026-07-04,24525.86,490.52,0.0,24035.34
ORD4614,2026-07-14,41570.39,831.41,0.0,40738.98
ORD4615,2026-07-14,21226.84,424.54,0.0,20802.3
ORD4616,2026-07-23,32028.25,640.57,0.0,31387.68
ORD4617,2026-07-05,28943.28,723.58,0.0,28219.7
ORD4618,2026-07-16,15335.25,306.7,0.0,15028.55
ORD4619,2026-07-11,37887.17,757.74,0.0,37129.43
ORD4620,2026-07-27,12415.87,248.32,0.0,12167.55
ORD4621,2026-07-19,39431.1,788.62,0.0,38642.48
ORD4622,2026-07-18,29596.41,591.93,0.0,29004.48
ORD4623,2026-07-22,37259.97,447.12,0.0,36812.85
ORD4624,2026-07-05,36085.69,721.71,0.0,35363.98
ORD4625,2026-07-04,34861.92,697.24,6.97,34157.71
ORD4626,2026-07-19,25632.99,512.66,0.0,25120.33
ORD4627,2026-07-08,2011.14,40.22,0.0,1970.92
ORD4628,2026-07-21,10142.55,202.85,0.0,9939.7
ORD4629,2026-07-08,2008.31,40.17,0.0,1968.14
ORD4630,2026-07-17,4203.84,84.08,0.84,4118.92
ORD4631,2026-07-08,20829.74,416.59,0.0,20413.15
ORD4632,2026-07-11,33052.97,661.06,6.61,32385.3
ORD4633,2026-07-08,8591.03,171.82,0.0,8419.21
ORD4634,2026-07-08,33952.08,679.04,0.0,33273.04
ORD4635,2026-07-05,6637.68,132.75,0.0,6504.93
ORD4636,2026-07-19,34016.93,680.34,0.0,33336.59
ORD4637,2026-07-07,7953.05,159.06,0.0,7793.99
ORD4638,2026-07-23,18726.57,374.53,0.0,18352.04
ORD4639,2026-07-06,9934.0,198.68,0.0,9735.32
ORD4640,2026-07-06,42538.88,850.78,0.0,41688.1
ORD4641,2026-07-15,13660.51,273.21,0.0,13387.3
ORD4642,2026-07-27,27073.16,541.46,0.0,26531.7
ORD4643,2026-07-27,33274.43,665.49,0.0,32608.94
ORD4644,2026-07-24,13339.83,266.8,0.0,13073.03
ORD4645,2026-07-26,18495.38,369.91,0.0,18125.47
ORD4646,2026-07-13,26979.38,539.59,5.4,26434.39
ORD4648,2026-07-17,37295.71,745.91,0.0,36549.8
ORD4649,2026-07-10,39373.0,787.46,0.0,38585.54
ORD4650,2026-07-09,4195.0,83.9,0.0,4111.1
ORD4651,2026-07-08,41292.29,825.85,0.0,40466.44
ORD4652,2026-07-08,1654.35,33.09,0.0,1621.26
ORD4653,2026-07-07,11033.72,220.67,0.0,10813.05
ORD4654,2026-07-26,38147.75,762.96,7.63,37377.16
ORD4655,2026-07-21,37535.79,1126.07,0.0,36409.72
ORD4656,2026-07-18,39855.3,797.11,0.0,39058.19
ORD4657,2026-07-10,36716.06,917.9,0.0,35798.16
ORD4658,2026-07-08,7769.07,155.38,0.0,7613.69
ORD4659,2026-07-15,33192.74,663.85,0.0,32528.89
ORD4660,2026-07-10,26190.06,523.8,0.0,25666.26
ORD4661,2026-07-14,23769.83,475.4,0.0,23294.43
ORD4662,2026-07-16,17199.04,343.98,0.0,16855.06
ORD4663,2026-07-16,14467.01,289.34,2.89,14174.78
ORD4664,2026-07-08,21277.57,425.55,0.0,20852.02
ORD4665,2026-07-16,13177.37,263.55,0.0,12913.82
ORD4668,2026-07-03,34389.21,687.78,0.0,33701.43
ORD4669,2026-07-05,19607.8,392.16,0.0,19215.64
ORD4670,2026-07-24,8234.07,164.68,1.65,8067.74
ORD4671,2026-07-10,9615.76,192.32,0.0,9423.44
ORD4672,2026-07-11,31677.4,633.55,0.0,31043.85
ORD4673,2026-07-08,7064.02,141.28,0.0,6922.74
ORD4674,2026-07-14,13060.95,261.22,0.0,12799.73
ORD4675,2026-07-11,13656.48,409.69,0.0,13246.79
ORD4676,2026-07-26,9911.56,198.23,0.0,9713.33
ORD4677,2026-07-07,34158.15,683.16,0.0,33474.99
ORD4678,2026-07-16,44326.19,531.91,0.0,43794.28
ORD4679,2026-07-03,40768.64,815.37,0.0,39953.27
ORD4680,2026-07-27,14014.79,280.3,0.0,13734.49
ORD4681,2026-07-07,5467.96,109.36,0.0,5358.6
ORD4682,2026-07-29,13479.69,269.59,0.0,13210.1
ORD4683,2026-07-20,7050.45,141.01,0.0,6909.44
ORD4684,2026-07-30,25671.42,513.43,5.13,25152.86
ORD4685,2026-07-25,26906.59,538.13,0.0,26368.46
ORD4686,2026-07-14,33804.57,676.09,0.0,33128.48
ORD4687,2026-07-06,34934.79,698.7,0.0,34236.09
ORD4688,2026-07-22,9155.35,183.11,0.0,8972.24
ORD4689,2026-07-21,17885.57,357.71,0.0,17527.86
ORD4690,2026-07-06,24914.7,498.29,0.0,24416.41
ORD4691,2026-07-24,5803.96,116.08,0.0,5687.88
ORD4692,2026-07-25,9788.95,195.78,0.0,9593.17
ORD4693,2026-07-08,30328.86,606.58,6.07,29716.21
ORD4694,2026-07-04,1560.91,31.22,0.0,1529.69
ORD4695,2026-07-19,15515.94,310.32,0.0,15205.62
ORD4696,2026-07-24,15878.72,317.57,0.0,15561.15
ORD4697,2026-07-17,1236.08,24.72,0.0,1211.36
ORD4698,2026-07-21,37811.98,1134.36,0.0,36677.62
ORD4699,2026-07-05,5471.58,109.43,0.0,5362.15
ORD4700,2026-07-29,23265.27,465.31,0.0,22799.96
ORD4701,2026-07-06,9565.67,191.31,0.0,9374.36
ORD4702,2026-07-05,34324.84,686.5,0.0,33638.34
ORD4703,2026-07-17,35179.97,703.6,0.0,34476.37
ORD4704,2026-07-10,38109.43,762.19,7.62,37339.62
ORD4705,2026-07-09,17985.16,359.7,0.0,17625.46
ORD4706,2026-07-13,40507.14,810.14,0.0,39697.0
ORD4707,2026-07-17,8035.33,200.88,0.0,7834.45
ORD4708,2026-07-21,44892.99,897.86,0.0,43995.13
ORD4709,2026-07-20,22002.58,440.05,0.0,21562.53
ORD4710,2026-07-28,19329.63,386.59,0.0,18943.04
ORD4711,2026-07-11,20678.0,413.56,0.0,20264.44
ORD4712,2026-07-12,14842.56,296.85,0.0,14545.71
ORD4713,2026-07-29,40858.76,817.18,0.0,40041.58
ORD4714,2026-07-12,32694.5,653.89,0.0,32040.61
ORD4715,2026-07-09,28521.7,570.43,0.0,27951.27
ORD4716,2026-07-16,23770.68,475.41,0.0,23295.27
ORD4717,2026-07-18,6240.1,124.8,0.0,6115.3
ORD4718,2026-07-06,15238.84,304.78,0.0,14934.06
ORD4719,2026-07-09,10194.77,203.9,0.0,9990.87
ORD4720,2026-07-08,19256.72,385.13,3.85,18867.74
ORD4721,2026-07-15,39340.34,786.81,0.0,38553.53
ORD4722,2026-07-13,20257.79,506.44,0.0,19751.35
ORD4723,2026-07-27,19040.96,380.82,0.0,18660.14
ORD4724,2026-07-27,32809.74,656.19,0.0,32153.55
ORD4725,2026-07-03,6902.59,103.54,0.0,6799.05
ORD4726,2026-07-25,10343.28,206.87,0.0,10136.41
ORD4727,2026-07-04,7293.98,145.88,0.0,7148.1
ORD4728,2026-07-26,607.54,12.15,0.0,595.39
ORD4729,2026-07-06,35236.69,704.73,0.0,34531.96
ORD4730,2026-07-21,43756.73,875.13,0.0,42881.6
ORD4731,2026-07-26,4066.78,81.34,0.0,3985.44
ORD4732,2026-07-13,43559.29,871.19,0.0,42688.1
ORD4733,2026-07-02,29379.13,587.58,0.0,28791.55
ORD4734,2026-07-24,3453.45,69.07,0.0,3384.38
ORD4735,2026-07-09,2398.51,47.97,0.0,2350.54
ORD4736,2026-07-04,38803.39,776.07,0.0,38027.32
ORD4737,2026-07-10,17153.49,343.07,3.43,16806.99
ORD4738,2026-07-28,32509.87,650.2,0.0,31859.67
ORD4739,2026-07-29,7916.09,158.32,0.0,7757.77
ORD4740,2026-07-03,38291.26,765.83,0.0,37525.43
ORD4741,2026-07-22,25189.77,503.8,0.0,24685.97
ORD4742,2026-07-21,16030.56,320.61,0.0,15709.95
ORD4743,2026-07-06,36383.67,727.67,0.0,35656.0
ORD4744,2026-07-26,3433.68,68.67,0.0,3365.01
ORD4745,2026-07-16,21701.46,434.03,0.0,21267.43
ORD4746,2026-07-05,21543.14,430.86,0.0,21112.28
ORD4747,2026-07-04,44189.82,883.8,0.0,43306.02
ORD4748,2026-07-27,20134.47,402.69,0.0,19731.78
ORD4749,2026-07-18,10258.81,205.18,0.0,10053.63
ORD4750,2026-07-28,44225.51,884.51,0.0,43341.0
ORD4751,2026-07-26,20643.18,412.86,0.0,20230.32
ORD4752,2026-07-13,27751.57,416.27,0.0,27335.3
ORD4753,2026-07-14,584.74,11.69,0.0,573.05
ORD4754,2026-07-28,37056.16,741.12,0.0,36315.04
ORD4755,2026-07-27,43961.08,879.22,0.0,43081.86
ORD4756,2026-07-05,36320.73,726.41,0.0,35594.32
ORD4758,2026-07-26,29025.31,580.51,0.0,28444.8
ORD4759,2026-07-27,38744.39,774.89,0.0,37969.5
ORD4760,2026-07-20,6873.39,137.47,0.0,6735.92
ORD4761,2026-07-11,8739.71,174.79,0.0,8564.92
ORD4762,2026-07-25,29206.08,584.12,0.0,28621.96
ORD4763,2026-07-24,36773.38,735.47,0.0,36037.91
ORD4764,2026-07-09,3654.15,73.08,0.0,3581.07
ORD4765,2026-07-10,3681.05,73.62,0.74,3606.69
ORD4766,2026-07-12,31629.34,632.59,0.0,30996.75
ORD4767,2026-07-03,43107.65,862.15,0.0,42245.5
ORD4768,2026-07-13,20818.11,416.36,0.0,20401.75
ORD4769,2026-07-26,40256.62,805.13,8.05,39443.44
ORD4770,2026-07-03,10085.88,201.72,0.0,9884.16
ORD4771,2026-07-26,8946.43,178.93,0.0,8767.5
ORD4772,2026-07-11,26173.31,523.47,0.0,25649.84
ORD4773,2026-07-11,9940.65,198.81,0.0,9741.84
ORD4774,2026-07-12,43045.5,860.91,0.0,42184.59
ORD4776,2026-07-17,9440.88,188.82,0.0,9252.06
ORD4777,2026-07-23,41640.85,832.82,0.0,40808.03
ORD4778,2026-07-17,32684.14,653.68,0.0,32030.46
ORD4779,2026-07-15,13710.36,274.21,0.0,13436.15
ORD4780,2026-07-05,29811.32,596.23,0.0,29215.09
ORD4781,2026-07-05,21849.91,437.0,0.0,21412.91
ORD4782,2026-07-23,19972.88,399.46,0.0,19573.42
ORD4783,2026-07-07,10056.01,201.12,0.0,9854.89
ORD4785,2026-07-09,37672.33,753.45,0.0,36918.88
ORD4786,2026-07-04,27698.51,553.97,0.0,27144.54
ORD4787,2026-07-29,12089.91,241.8,0.0,11848.11
ORD4788,2026-07-07,22612.35,452.25,0.0,22160.1
ORD4789,2026-07-21,14898.34,297.97,0.0,14600.37
ORD4790,2026-07-17,44098.71,529.18,0.0,43569.53
ORD4791,2026-07-17,25738.65,514.77,0.0,25223.88
ORD4792,2026-07-19,14560.53,291.21,0.0,14269.32
ORD4793,2026-07-17,36148.27,722.97,0.0,35425.3
ORD4794,2026-07-19,1949.65,38.99,0.0,1910.66
ORD4796,2026-07-12,30203.6,604.07,0.0,29599.53
ORD4797,2026-07-04,4501.19,90.02,0.0,4411.17
ORD4798,2026-07-17,38482.18,769.64,0.0,37712.54
ORD4799,2026-07-29,5347.56,106.95,0.0,5240.61
ORD4800,2026-07-08,24364.8,487.3,0.0,23877.5
ORD4801,2026-07-30,36324.37,726.49,0.0,35597.88
ORD4802,2026-07-02,6332.45,126.65,0.0,6205.8
ORD4803,2026-07-12,44603.8,892.08,0.0,43711.72
ORD4804,2026-07-20,4218.37,84.37,0.0,4134.0
ORD4805,2026-07-13,27779.33,555.59,0.0,27223.74
ORD4806,2026-07-28,13798.1,275.96,0.0,13522.14
ORD4807,2026-07-23,8332.16,99.99,0.0,8232.17
ORD4808,2026-07-15,41932.51,838.65,0.0,41093.86
ORD4809,2026-07-03,14994.18,299.88,0.0,14694.3
ORD4810,2026-07-24,37270.2,745.4,0.0,36524.8
ORD4811,2026-07-16,22347.69,446.95,0.0,21900.74
ORD4812,2026-07-13,31071.21,621.42,0.0,30449.79
ORD4813,2026-07-20,19504.88,390.1,0.0,19114.78
ORD4815,2026-07-21,31498.67,629.97,0.0,30868.7
ORD4816,2026-07-21,32925.37,658.51,0.0,32266.86
ORD4817,2026-07-21,6815.71,136.31,0.0,6679.4
ORD4818,2026-07-28,3520.13,70.4,0.7,3449.03
ORD4820,2026-07-15,33836.41,676.73,0.0,33159.68
ORD4821,2026-07-13,9689.6,193.79,1.94,9493.87
ORD4822,2026-07-25,29606.57,592.13,0.0,29014.44
ORD4823,2026-07-07,29812.85,596.26,0.0,29216.59
ORD4825,2026-07-21,25292.36,505.85,0.0,24786.51
ORD4826,2026-07-13,13608.4,272.17,0.0,13336.23
ORD4827,2026-07-16,23395.35,584.88,0.0,22810.47
ORD4828,2026-07-17,22952.87,459.06,0.0,22493.81
ORD4829,2026-07-23,39373.5,787.47,0.0,38586.03
ORD4830,2026-07-28,42208.32,844.17,0.0,41364.15
ORD4831,2026-07-29,5706.32,85.59,0.0,5620.73
ORD4832,2026-07-04,38120.71,762.41,7.62,37350.68
ORD4833,2026-07-14,4365.08,87.3,0.0,4277.78
ORD4834,2026-07-27,33230.01,664.6,0.0,32565.41
ORD4835,2026-07-23,8892.19,177.84,0.0,8714.35
ORD4836,2026-07-12,27204.81,544.1,0.0,26660.71
ORD4837,2026-07-11,20169.06,403.38,0.0,19765.68
ORD4838,2026-07-13,25927.79,518.56,0.0,25409.23
ORD4839,2026-07-08,18340.13,366.8,0.0,17973.33
ORD4840,2026-07-07,44542.78,890.86,8.91,43643.01
ORD4841,2026-07-02,30666.38,613.33,0.0,30053.05
ORD4842,2026-07-08,42547.64,850.95,0.0,41696.69
ORD4843,2026-07-18,1871.04,37.42,0.37,1833.25
ORD4844,2026-07-13,28524.71,570.49,0.0,27954.22
ORD4845,2026-07-07,43022.18,860.44,0.0,42161.74
ORD4846,2026-07-17,22202.48,444.05,0.0,21758.43
ORD4848,2026-07-12,44497.41,533.97,0.0,43963.44
ORD4849,2026-07-18,32607.08,652.14,0.0,31954.94
ORD4850,2026-07-07,3607.0,72.14,0.0,3534.86
ORD4851,2026-07-23,3791.13,75.82,0.0,3715.31
ORD4852,2026-07-19,31811.44,636.23,0.0,31175.21
ORD4853,2026-07-25,3488.87,69.78,0.0,3419.09
ORD4854,2026-07-07,15670.12,313.4,0.0,15356.72
ORD4855,2026-07-07,36137.17,722.74,0.0,35414.43
ORD4856,2026-07-03,17755.18,355.1,3.55,17396.53
ORD4857,2026-07-10,39122.73,782.45,0.0,38340.28
ORD4858,2026-07-23,26827.76,536.56,0.0,26291.2
ORD4859,2026-07-15,1607.17,32.14,0.0,1575.03
ORD4860,2026-07-30,30710.77,614.22,0.0,30096.55
ORD4861,2026-07-28,26529.54,530.59,0.0,25998.95
ORD4862,2026-07-09,25451.06,509.02,0.0,24942.04
ORD4863,2026-07-06,41908.5,838.17,0.0,41070.33
ORD4864,2026-07-26,38713.87,774.28,0.0,37939.59
ORD4866,2026-07-03,27671.0,553.42,0.0,27117.58
ORD4867,2026-07-06,5411.35,108.23,1.08,5302.04
ORD4869,2026-07-14,35099.75,702.0,7.02,34390.73
ORD4871,2026-07-30,36789.88,735.8,0.0,36054.08
ORD4872,2026-07-17,9857.12,197.14,0.0,9659.98
ORD4873,2026-07-24,14392.14,287.84,0.0,14104.3
ORD4874,2026-07-27,18901.83,378.04,0.0,18523.79
ORD4875,2026-07-24,42733.44,854.67,0.0,41878.77
ORD4876,2026-07-05,23443.29,468.87,0.0,22974.42
ORD4877,2026-07-20,1203.43,24.07,0.0,1179.36
ORD4878,2026-07-07,4836.36,96.73,0.0,4739.63
ORD4879,2026-07-12,32319.6,646.39,0.0,31673.21
ORD4880,2026-07-27,2097.94,41.96,0.0,2055.98
ORD4881,2026-07-05,42036.79,840.74,0.0,41196.05
ORD4882,2026-07-07,15637.11,312.74,0.0,15324.37
ORD4883,2026-07-25,12245.23,244.9,0.0,12000.33
ORD4886,2026-07-23,18787.46,375.75,0.0,18411.71
ORD4887,2026-07-19,15560.9,311.22,0.0,15249.68
ORD4888,2026-07-23,5440.79,136.02,0.0,5304.77
ORD4889,2026-07-12,24033.56,480.67,0.0,23552.89
ORD4890,2026-07-05,12397.6,247.95,0.0,12149.65
ORD4891,2026-07-13,4928.36,98.57,0.99,4828.8
ORD4892,2026-07-19,43726.93,1311.81,0.0,42415.12
ORD4893,2026-07-27,5324.47,106.49,0.0,5217.98
ORD4894,2026-07-12,5575.8,111.52,0.0,5464.28
ORD4895,2026-07-04,8691.25,173.83,0.0,8517.42
ORD4896,2026-07-27,33508.53,837.71,0.0,32670.82
ORD4897,2026-07-25,23701.1,474.02,0.0,23227.08
ORD4898,2026-07-06,32380.81,647.62,0.0,31733.19
ORD4899,2026-07-15,2196.65,43.93,0.0,2152.72
ORD4900,2026-07-11,1729.12,34.58,0.0,1694.54
ORD4901,2026-07-06,43398.96,867.98,0.0,42530.98
ORD4902,2026-07-04,8347.68,166.95,0.0,8180.73
ORD4903,2026-07-06,25866.32,517.33,0.0,25348.99
ORD4904,2026-07-23,33817.19,676.34,0.0,33140.85
ORD4905,2026-07-11,24754.43,495.09,0.0,24259.34
ORD4906,2026-07-24,13374.85,267.5,2.67,13104.67
ORD4907,2026-07-05,43664.01,873.28,0.0,42790.73
ORD4908,2026-07-27,36109.87,722.2,0.0,35387.67
ORD4909,2026-07-03,15038.44,300.77,0.0,14737.67
ORD4910,2026-07-03,20048.13,400.96,0.0,19647.17
ORD4911,2026-07-22,22624.53,339.37,0.0,22285.16
ORD4912,2026-07-04,10274.62,205.49,0.0,10069.13
ORD4913,2026-07-19,43647.46,872.95,0.0,42774.51
ORD4914,2026-07-28,22828.45,456.57,0.0,22371.88
ORD4915,2026-07-18,38715.37,774.31,0.0,37941.06
ORD4916,2026-07-13,32456.55,649.13,0.0,31807.42
ORD4917,2026-07-24,42729.16,854.58,0.0,41874.58
ORD4918,2026-07-06,1169.07,23.38,0.0,1145.69
ORD4919,2026-07-03,6807.53,136.15,0.0,6671.38
ORD4920,2026-07-21,18947.09,378.94,0.0,18568.15
ORD4921,2026-07-04,930.41,18.61,0.0,911.8
ORD4922,2026-07-03,44129.92,1103.25,0.0,43026.67
ORD4923,2026-07-27,36830.61,736.61,0.0,36094.0
ORD4924,2026-07-12,28506.75,570.13,0.0,27936.62
ORD4925,2026-07-20,21202.31,424.05,0.0,20778.26
ORD4926,2026-07-22,19499.75,390.0,0.0,19109.75
ORD4927,2026-07-09,26515.16,530.3,0.0,25984.86
ORD4928,2026-07-16,1210.4,24.21,0.0,1186.19
ORD4929,2026-07-08,848.0,10.18,0.0,837.82
ORD4930,2026-07-17,17308.23,346.16,0.0,16962.07
ORD4931,2026-07-14,42250.74,845.01,0.0,41405.73
ORD4932,2026-07-11,30463.84,609.28,0.0,29854.56
ORD4933,2026-07-17,44449.77,1111.24,0.0,43338.53
ORD4934,2026-07-10,32992.38,659.85,6.6,32325.93
ORD4936,2026-07-20,7592.16,151.84,0.0,7440.32
ORD4937,2026-07-21,26270.15,525.4,0.0,25744.75
ORD4939,2026-07-12,9732.97,194.66,0.0,9538.31
ORD4940,2026-07-11,23672.04,473.44,0.0,23198.6
ORD4941,2026-07-29,25939.79,518.8,0.0,25420.99
ORD4942,2026-07-12,42374.62,847.49,8.47,41518.66
ORD4943,2026-07-14,27740.29,554.81,0.0,27185.48
ORD4944,2026-07-20,32920.79,658.42,0.0,32262.37
ORD4945,2026-07-13,41652.22,833.04,0.0,40819.18
ORD4946,2026-07-19,24929.26,498.59,0.0,24430.67
ORD4947,2026-07-25,6964.36,139.29,0.0,6825.07
ORD4948,2026-07-17,8205.87,164.12,0.0,8041.75
ORD4949,2026-07-27,3699.75,74.0,0.0,3625.75
ORD4950,2026-07-15,35387.87,707.76,0.0,34680.11
ORD4951,2026-07-20,15439.13,308.78,0.0,15130.35
ORD4952,2026-07-09,43000.99,860.02,0.0,42140.97
ORD4953,2026-07-06,36359.67,727.19,0.0,35632.48
ORD4954,2026-07-28,17116.56,342.33,0.0,16774.23
ORD4955,2026-07-13,30426.81,608.54,0.0,29818.27
ORD4956,2026-07-24,25658.04,513.16,0.0,25144.88
ORD4957,2026-07-17,37592.35,751.85,7.52,36832.98
ORD4959,2026-07-13,6577.51,131.55,0.0,6445.96
ORD4960,2026-07-06,23166.02,463.32,0.0,22702.7
ORD4961,2026-07-23,2901.21,58.02,0.0,2843.19
ORD4962,2026-07-05,39036.16,780.72,0.0,38255.44
ORD4963,2026-07-20,27295.79,545.92,0.0,26749.87
ORD4964,2026-07-09,39780.95,795.62,0.0,38985.33
ORD4965,2026-07-12,20251.38,405.03,0.0,19846.35
ORD4966,2026-07-04,17544.91,350.9,0.0,17194.01
ORD4967,2026-07-23,19800.31,396.01,0.0,19404.3
ORD4970,2026-07-09,10776.99,215.54,0.0,10561.45
ORD4971,2026-07-17,41857.07,837.14,0.0,41019.93
ORD4972,2026-07-28,4482.52,89.65,0.0,4392.87
ORD4974,2026-07-18,24607.12,492.14,0.0,24114.98
ORD4975,2026-07-07,33850.2,677.0,0.0,33173.2
ORD4976,2026-07-17,13005.77,260.12,0.0,12745.65
ORD4977,2026-07-03,15724.86,314.5,0.0,15410.36
ORD4978,2026-07-02,29709.6,594.19,0.0,29115.41
ORD4979,2026-07-25,10735.58,214.71,2.15,10518.72
ORD4980,2026-07-28,5920.6,118.41,0.0,5802.19
ORD4981,2026-07-10,13661.09,273.22,0.0,13387.87
ORD4982,2026-07-21,19787.79,395.76,0.0,19392.03
ORD4983,2026-07-03,9032.86,180.66,0.0,8852.2
ORD4984,2026-07-07,18639.5,372.79,0.0,18266.71
ORD4985,2026-07-05,17398.24,347.96,3.48,17046.8
ORD4986,2026-07-06,35152.63,703.05,0.0,34449.58
ORD4988,2026-07-05,24897.12,497.94,0.0,24399.18
ORD4990,2026-07-15,3693.29,73.87,0.0,3619.42
ORD4991,2026-07-21,20715.71,414.31,0.0,20301.4
ORD4992,2026-07-26,18685.1,373.7,0.0,18311.4
ORD4993,2026-07-16,13083.55,261.67,0.0,12821.88
ORD4994,2026-07-09,34758.46,695.17,0.0,34063.29
ORD4996,2026-07-25,35060.65,701.21,0.0,34359.44
ORD4997,2026-07-04,2398.76,47.98,0.0,2350.78
ORD4998,2026-07-13,37330.35,746.61,0.0,36583.74
ORD4999,2026-07-17,22731.78,454.64,0.0,22277.14
